datetime,open,high,low,close,volume
2026-03-10T18:35:00+00:00,115.3,115.39999999999999,114.92,115.1,647
2026-03-10T18:40:00+00:00,115.1,115.19,114.89999999999999,114.96,510
2026-03-10T18:45:00+00:00,114.96,115.31,114.94,115.22,549
2026-03-10T18:50:00+00:00,115.22,115.39999999999999,114.99,115.14,552
2026-03-10T18:55:00+00:00,115.14,115.24,114.97,115.16,548
2026-03-10T19:00:00+00:00,115.16,115.46,115.14999999999999,115.28,389
2026-03-10T19:05:00+00:00,115.28,115.31,115.09,115.1,470
2026-03-10T19:10:00+00:00,115.1,115.19,114.83,114.98,394
2026-03-10T19:15:00+00:00,114.98,115.2,114.96,115.1,369
2026-03-10T19:20:00+00:00,115.1,115.21,114.77,115.13,454
2026-03-10T19:25:00+00:00,115.13,115.13,114.74,114.85,446
2026-03-10T19:30:00+00:00,114.85,114.92,114.57,114.75999999999999,546
2026-03-10T19:35:00+00:00,114.75999999999999,114.97,114.67,114.91,518
2026-03-10T19:40:00+00:00,114.91,114.99,114.64,114.77,780
2026-03-10T19:45:00+00:00,114.77,114.86999999999999,114.57,114.66,453
2026-03-10T19:50:00+00:00,114.66,114.69,114.44,114.50999999999999,520
2026-03-10T19:55:00+00:00,114.50999999999999,114.56,114.19,114.34,678
2026-03-11T13:30:00+00:00,114.34,115.78,113.84,114.92,312
2026-03-11T13:35:00+00:00,114.92,115.34,114.84,115.18,438
2026-03-11T13:40:00+00:00,115.18,115.33000000000001,114.54,114.66000000000001,359
2026-03-11T13:45:00+00:00,114.66000000000001,114.95,114.45,114.55000000000001,457
2026-03-11T13:50:00+00:00,114.55000000000001,115.14000000000001,114.36000000000001,114.77000000000001,439
2026-03-11T13:55:00+00:00,114.77000000000001,114.98,114.57000000000001,114.68,391
2026-03-11T14:00:00+00:00,114.68,115.63000000000001,114.62,114.86000000000001,795
2026-03-11T14:05:00+00:00,114.86000000000001,115.30000000000001,114.78,115.17,496
2026-03-11T14:10:00+00:00,115.17,115.18,114.44000000000001,114.72000000000001,439
2026-03-11T14:15:00+00:00,114.72000000000001,114.86000000000001,114.50000000000001,114.82000000000001,492
2026-03-11T14:20:00+00:00,114.82000000000001,114.82000000000001,114.21000000000001,114.24000000000001,418
2026-03-11T14:25:00+00:00,114.24000000000001,114.4,113.82000000000001,113.85000000000001,462
2026-03-11T14:30:00+00:00,113.85000000000001,114.33000000000001,113.83000000000001,114.24000000000001,440
2026-03-11T14:35:00+00:00,114.24000000000001,114.95,114.22000000000001,114.64000000000001,488
2026-03-11T14:40:00+00:00,114.64000000000001,115.02000000000001,114.37,115.02000000000001,443
2026-03-11T14:45:00+00:00,115.02000000000001,115.25000000000001,114.88000000000001,115.19000000000001,532
2026-03-11T14:50:00+00:00,115.19000000000001,115.36000000000001,115.12,115.35000000000001,492
2026-03-11T14:55:00+00:00,115.35000000000001,115.48,115.2,115.46000000000001,433
2026-03-11T15:00:00+00:00,115.46000000000001,115.72000000000001,114.66000000000001,114.92,688
2026-03-11T15:05:00+00:00,114.92,114.95,114.58000000000001,114.86000000000001,520
2026-03-11T15:10:00+00:00,114.86000000000001,114.93,114.46000000000001,114.49000000000001,603
2026-03-11T15:15:00+00:00,114.49000000000001,114.55000000000001,114.22000000000001,114.53,503
2026-03-11T15:20:00+00:00,114.53,114.78,114.39000000000001,114.7,432
2026-03-11T15:25:00+00:00,114.7,114.81,114.43,114.45,500
2026-03-11T15:30:00+00:00,114.45,114.60000000000001,114.24000000000001,114.53,559
2026-03-11T15:35:00+00:00,114.53,114.53,114.25000000000001,114.35000000000001,464
2026-03-11T15:40:00+00:00,114.35000000000001,114.37,114.09,114.09,368
2026-03-11T15:45:00+00:00,114.09,114.2,113.82000000000001,113.82000000000001,407
2026-03-11T15:50:00+00:00,113.82000000000001,114.39000000000001,113.82000000000001,114.39000000000001,368
2026-03-11T15:55:00+00:00,114.39000000000001,114.4,113.94000000000001,114.23,434
2026-03-11T16:00:00+00:00,114.23,114.28,114.05000000000001,114.06,427
2026-03-11T16:05:00+00:00,114.06,114.35000000000001,113.93,113.98,325
2026-03-11T16:10:00+00:00,113.98,114.21000000000001,113.86000000000001,114.19000000000001,365
2026-03-11T16:15:00+00:00,114.19000000000001,114.25000000000001,114.01,114.06,340
2026-03-11T16:20:00+00:00,114.06,114.23,114.00000000000001,114.18,402
2026-03-11T16:25:00+00:00,114.18,114.27000000000001,114.05000000000001,114.14000000000001,435
2026-03-11T16:30:00+00:00,114.14000000000001,114.64000000000001,114.14000000000001,114.61000000000001,380
2026-03-11T16:35:00+00:00,114.61000000000001,114.63000000000001,114.39000000000001,114.45,317
2026-03-11T16:40:00+00:00,114.45,114.73,114.45,114.67,280
2026-03-11T16:45:00+00:00,114.67,114.85000000000001,114.54,114.80000000000001,359
2026-03-11T16:50:00+00:00,114.80000000000001,114.98,114.77000000000001,114.92,293
2026-03-11T16:55:00+00:00,114.92,114.94000000000001,114.71000000000001,114.84,237
2026-03-11T17:00:00+00:00,114.84,114.89000000000001,114.62,114.69000000000001,302
2026-03-11T17:05:00+00:00,114.69000000000001,114.80000000000001,114.53,114.56,325
2026-03-11T17:10:00+00:00,114.56,114.61000000000001,114.37,114.49000000000001,412
2026-03-11T17:15:00+00:00,114.49000000000001,114.57000000000001,114.25000000000001,114.28,330
2026-03-11T17:20:00+00:00,114.28,114.49000000000001,114.24000000000001,114.48,321
2026-03-11T17:25:00+00:00,114.48,114.81,114.46000000000001,114.68,306
2026-03-11T17:30:00+00:00,114.68,114.93,114.58000000000001,114.9,342
2026-03-11T17:35:00+00:00,114.9,115.02000000000001,114.22000000000001,114.50000000000001,555
2026-03-11T17:40:00+00:00,114.50000000000001,114.62,114.29,114.41000000000001,434
2026-03-11T17:45:00+00:00,114.41000000000001,114.57000000000001,114.18,114.33000000000001,402
2026-03-11T17:50:00+00:00,114.33000000000001,114.73,114.32000000000001,114.52000000000001,338
2026-03-11T17:55:00+00:00,114.52000000000001,114.62,114.26,114.55000000000001,367
2026-03-11T18:00:00+00:00,114.55000000000001,114.68,114.47000000000001,114.52000000000001,310
2026-03-11T18:05:00+00:00,114.52000000000001,114.59,114.38000000000001,114.43,265
2026-03-11T18:10:00+00:00,114.43,114.51,114.21000000000001,114.47000000000001,436
2026-03-11T18:15:00+00:00,114.47000000000001,114.75000000000001,114.47000000000001,114.67,360
2026-03-11T18:20:00+00:00,114.67,114.79,114.43,114.55000000000001,377
2026-03-11T18:25:00+00:00,114.55000000000001,114.93,114.49000000000001,114.78,335
2026-03-11T18:30:00+00:00,114.78,114.96000000000001,114.67,114.96000000000001,354
2026-03-11T18:35:00+00:00,114.96000000000001,114.97000000000001,114.68,114.69000000000001,312
2026-03-11T18:40:00+00:00,114.69000000000001,115.04,114.65,115.02000000000001,226
2026-03-11T18:45:00+00:00,115.02000000000001,115.12,114.77000000000001,114.79,293
2026-03-11T18:50:00+00:00,114.79,115.10000000000001,114.79,114.95,295
2026-03-11T18:55:00+00:00,114.95,115.02000000000001,114.7,114.81,345
2026-03-11T19:00:00+00:00,114.81,114.95,114.67,114.91000000000001,319
2026-03-11T19:05:00+00:00,114.91000000000001,114.95,114.73,114.81,338
2026-03-11T19:10:00+00:00,114.81,114.94000000000001,114.67,114.72000000000001,256
2026-03-11T19:15:00+00:00,114.72000000000001,115.00000000000001,114.72000000000001,114.96000000000001,270
2026-03-11T19:20:00+00:00,114.96000000000001,115.05000000000001,114.87,115.05000000000001,245
2026-03-11T19:25:00+00:00,115.05000000000001,115.16000000000001,114.9,114.95,307
2026-03-11T19:30:00+00:00,114.95,115.2,114.94000000000001,115.19000000000001,412
2026-03-11T19:35:00+00:00,115.19000000000001,115.33000000000001,115.12,115.30000000000001,253
2026-03-11T19:40:00+00:00,115.30000000000001,115.47000000000001,115.2,115.44000000000001,348
2026-03-11T19:45:00+00:00,115.44000000000001,115.47000000000001,115.33000000000001,115.34,303
2026-03-11T19:50:00+00:00,115.34,115.56,115.27000000000001,115.42,422
2026-03-11T19:55:00+00:00,115.42,115.55000000000001,115.29,115.51,408
2026-03-12T13:30:00+00:00,115.51,115.51,111.58000000000001,112.05000000000001,484
2026-03-12T13:35:00+00:00,112.05000000000001,113.2,111.93,113.19000000000001,743
2026-03-12T13:40:00+00:00,113.19000000000001,113.30000000000001,112.57000000000001,112.61000000000001,497
2026-03-12T13:45:00+00:00,112.61000000000001,112.7,111.95,112.67,527
2026-03-12T13:50:00+00:00,112.67,112.79,111.77000000000001,111.78,587
2026-03-12T13:55:00+00:00,111.78,112.17,111.61000000000001,112.11000000000001,532
2026-03-12T14:00:00+00:00,112.11000000000001,112.56,112.05000000000001,112.24000000000001,569
2026-03-12T14:05:00+00:00,112.24000000000001,112.29,111.44000000000001,112.05000000000001,481
2026-03-12T14:10:00+00:00,112.05000000000001,112.25000000000001,111.96000000000001,112.04,419
2026-03-12T14:15:00+00:00,112.04,112.2,111.39000000000001,111.46000000000001,451
2026-03-12T14:20:00+00:00,111.46000000000001,111.53,111.12,111.30000000000001,478
2026-03-12T14:25:00+00:00,111.30000000000001,111.57000000000001,111.07000000000001,111.07000000000001,525
2026-03-12T14:30:00+00:00,111.07000000000001,111.30000000000001,110.94000000000001,111.24000000000001,458
2026-03-12T14:35:00+00:00,111.24000000000001,111.55000000000001,111.2,111.43,517
2026-03-12T14:40:00+00:00,111.43,112.03,111.33000000000001,111.95,571
2026-03-12T14:45:00+00:00,111.95,112.35000000000001,111.78,111.82000000000001,717
2026-03-12T14:50:00+00:00,111.82000000000001,111.89000000000001,111.46000000000001,111.81,421
2026-03-12T14:55:00+00:00,111.81,112.00000000000001,111.52000000000001,111.58000000000001,547
2026-03-12T15:00:00+00:00,111.58000000000001,111.63000000000001,111.09,111.27000000000001,487
2026-03-12T15:05:00+00:00,111.27000000000001,111.50000000000001,111.17,111.31,439
2026-03-12T15:10:00+00:00,111.31,111.36000000000001,111.07000000000001,111.30000000000001,510
2026-03-12T15:15:00+00:00,111.30000000000001,111.4,111.12,111.24000000000001,481
2026-03-12T15:20:00+00:00,111.24000000000001,111.42,111.09,111.37,360
2026-03-12T15:25:00+00:00,111.37,111.85000000000001,111.36000000000001,111.66000000000001,498
2026-03-12T15:30:00+00:00,111.66000000000001,111.92,111.58000000000001,111.80000000000001,570
2026-03-12T15:35:00+00:00,111.80000000000001,112.65,111.61000000000001,112.65,585
2026-03-12T15:40:00+00:00,112.65,112.67,112.15,112.57000000000001,850
2026-03-12T15:45:00+00:00,112.57000000000001,112.61000000000001,112.14000000000001,112.24000000000001,722
2026-03-12T15:50:00+00:00,112.24000000000001,112.62,112.12,112.60000000000001,599
2026-03-12T15:55:00+00:00,112.60000000000001,112.67,112.36000000000001,112.44000000000001,546
2026-03-12T16:00:00+00:00,112.44000000000001,112.65,112.36000000000001,112.58000000000001,530
2026-03-12T16:05:00+00:00,112.58000000000001,112.67,112.02000000000001,112.04,539
2026-03-12T16:10:00+00:00,112.04,112.35000000000001,111.96000000000001,112.22000000000001,647
2026-03-12T16:15:00+00:00,112.22000000000001,112.55000000000001,112.18,112.4,627
2026-03-12T16:20:00+00:00,112.4,112.99000000000001,112.38000000000001,112.64000000000001,621
2026-03-12T16:25:00+00:00,112.64000000000001,112.71000000000001,112.18,112.28,596
2026-03-12T16:30:00+00:00,112.28,112.45,112.01,112.30000000000001,511
2026-03-12T16:35:00+00:00,112.30000000000001,112.63000000000001,112.23,112.49000000000001,631
2026-03-12T16:40:00+00:00,112.49000000000001,112.49000000000001,112.22000000000001,112.37,496
2026-03-12T16:45:00+00:00,112.37,112.41000000000001,111.87,112.04,538
2026-03-12T16:50:00+00:00,112.04,112.14000000000001,111.91000000000001,112.07000000000001,498
2026-03-12T16:55:00+00:00,112.07000000000001,112.15,111.82000000000001,112.07000000000001,451
2026-03-12T17:00:00+00:00,112.07000000000001,112.16000000000001,111.89000000000001,112.11000000000001,496
2026-03-12T17:05:00+00:00,112.11000000000001,112.38000000000001,111.89000000000001,111.9,461
2026-03-12T17:10:00+00:00,111.9,112.10000000000001,111.81,111.86000000000001,478
2026-03-12T17:15:00+00:00,111.86000000000001,111.97000000000001,111.75000000000001,111.79,525
2026-03-12T17:20:00+00:00,111.79,112.15,111.73,112.04,515
2026-03-12T17:25:00+00:00,112.04,112.07000000000001,111.83000000000001,111.87,507
2026-03-12T17:30:00+00:00,111.87,112.19000000000001,111.84,112.06,439
2026-03-12T17:35:00+00:00,112.06,112.24000000000001,112.01,112.13000000000001,508
2026-03-12T17:40:00+00:00,112.13000000000001,112.26,111.84,111.92,503
2026-03-12T17:45:00+00:00,111.92,111.94000000000001,111.71000000000001,111.81,558
2026-03-12T17:50:00+00:00,111.81,111.98,111.75000000000001,111.76,518
2026-03-12T17:55:00+00:00,111.76,111.94000000000001,111.65,111.79,615
2026-03-12T18:00:00+00:00,111.79,111.99000000000001,111.72000000000001,111.87,596
2026-03-12T18:05:00+00:00,111.87,112.14000000000001,111.76,111.96000000000001,472
2026-03-12T18:10:00+00:00,111.96000000000001,112.2,111.9,112.19000000000001,414
2026-03-12T18:15:00+00:00,112.19000000000001,112.21000000000001,111.75000000000001,111.79,412
2026-03-12T18:20:00+00:00,111.79,111.87,111.69000000000001,111.74000000000001,482
2026-03-12T18:25:00+00:00,111.74000000000001,111.84,111.57000000000001,111.77000000000001,480
2026-03-12T18:30:00+00:00,111.77000000000001,112.00000000000001,111.74000000000001,111.85000000000001,436
2026-03-12T18:35:00+00:00,111.85000000000001,111.91000000000001,111.73,111.83000000000001,442
2026-03-12T18:40:00+00:00,111.83000000000001,111.97000000000001,111.67,111.91000000000001,323
2026-03-12T18:45:00+00:00,111.91000000000001,112.02000000000001,111.80000000000001,111.85000000000001,317
2026-03-12T18:50:00+00:00,111.85000000000001,112.04,111.78,111.9,374
2026-03-12T18:55:00+00:00,111.9,112.01,111.76,111.84,383
2026-03-12T19:00:00+00:00,111.84,112.10000000000001,111.78,112.10000000000001,639
2026-03-12T19:05:00+00:00,112.10000000000001,112.27000000000001,112.04,112.19000000000001,481
2026-03-12T19:10:00+00:00,112.19000000000001,112.23,111.99000000000001,112.09,415
2026-03-12T19:15:00+00:00,112.09,112.18,111.96000000000001,112.11000000000001,496
2026-03-12T19:20:00+00:00,112.11000000000001,112.31,112.03,112.11000000000001,472
2026-03-12T19:25:00+00:00,112.11000000000001,112.23,112.07000000000001,112.23,508
2026-03-12T19:30:00+00:00,112.23,112.38000000000001,112.2,112.29,386
2026-03-12T19:35:00+00:00,112.29,112.35000000000001,112.12,112.23,488
2026-03-12T19:40:00+00:00,112.23,112.24000000000001,111.98,112.14000000000001,420
2026-03-12T19:45:00+00:00,112.14000000000001,112.17,111.85000000000001,111.88000000000001,447
2026-03-12T19:50:00+00:00,111.88000000000001,112.25000000000001,111.84,112.25000000000001,509
2026-03-12T19:55:00+00:00,112.25000000000001,112.41000000000001,111.82000000000001,111.85000000000001,761
2026-03-13T13:30:00+00:00,111.85000000000001,113.28,111.85000000000001,113.21000000000001,186
2026-03-13T13:35:00+00:00,113.21000000000001,113.97000000000001,112.91000000000001,113.93,295
2026-03-13T13:40:00+00:00,113.93,114.18,113.71000000000001,114.15,352
2026-03-13T13:45:00+00:00,114.15,114.19000000000001,113.39000000000001,113.47000000000001,475
2026-03-13T13:50:00+00:00,113.47000000000001,113.49000000000001,112.99000000000001,113.42,538
2026-03-13T13:55:00+00:00,113.42,113.44000000000001,113.07000000000001,113.25000000000001,363
2026-03-13T14:00:00+00:00,113.25000000000001,113.49000000000001,112.95,113.2,356
2026-03-13T14:05:00+00:00,113.2,113.44000000000001,112.81,112.97000000000001,490
2026-03-13T14:10:00+00:00,112.97000000000001,113.07000000000001,112.74000000000001,112.92,440
2026-03-13T14:15:00+00:00,112.92,112.98,112.68,112.89000000000001,411
2026-03-13T14:20:00+00:00,112.89000000000001,113.29,112.87,113.21000000000001,346
2026-03-13T14:25:00+00:00,113.21000000000001,113.25000000000001,112.98,113.12,282
2026-03-13T14:30:00+00:00,113.12,113.76,113.07000000000001,113.7,381
2026-03-13T14:35:00+00:00,113.7,113.77000000000001,113.45,113.56,448
2026-03-13T14:40:00+00:00,113.56,113.60000000000001,113.07000000000001,113.21000000000001,427
2026-03-13T14:45:00+00:00,113.21000000000001,113.26,112.93,113.17,422
2026-03-13T14:50:00+00:00,113.17,113.49000000000001,113.03,113.46000000000001,429
2026-03-13T14:55:00+00:00,113.46000000000001,113.55000000000001,113.09,113.28,480
2026-03-13T15:00:00+00:00,113.28,113.44000000000001,113.06,113.13000000000001,454
2026-03-13T15:05:00+00:00,113.13000000000001,113.38000000000001,113.05000000000001,113.32000000000001,484
2026-03-13T15:10:00+00:00,113.32000000000001,113.54,113.23,113.48,424
2026-03-13T15:15:00+00:00,113.48,113.52000000000001,113.19000000000001,113.19000000000001,389
2026-03-13T15:20:00+00:00,113.19000000000001,113.39000000000001,112.88000000000001,112.91000000000001,463
2026-03-13T15:25:00+00:00,112.91000000000001,112.99000000000001,112.72000000000001,112.9,517
2026-03-13T15:30:00+00:00,112.9,113.29,112.86000000000001,113.21000000000001,614
2026-03-13T15:35:00+00:00,113.21000000000001,113.26,112.78,113.01,524
2026-03-13T15:40:00+00:00,113.01,113.08000000000001,112.73,112.97000000000001,437
2026-03-13T15:45:00+00:00,112.97000000000001,113.48,112.87,113.24000000000001,704
2026-03-13T15:50:00+00:00,113.24000000000001,113.45,113.15,113.2,579
2026-03-13T15:55:00+00:00,113.2,113.23,112.99000000000001,113.08000000000001,426
2026-03-13T16:00:00+00:00,113.08000000000001,113.34,112.94000000000001,113.08000000000001,473
2026-03-13T16:05:00+00:00,113.08000000000001,113.18,112.96000000000001,113.10000000000001,418
2026-03-13T16:10:00+00:00,113.10000000000001,113.21000000000001,112.84,113.01,509
2026-03-13T16:15:00+00:00,113.01,113.06,112.72000000000001,112.93,482
2026-03-13T16:20:00+00:00,112.93,113.09,112.80000000000001,112.87,467
2026-03-13T16:25:00+00:00,112.87,112.9,112.58000000000001,112.58000000000001,513
2026-03-13T16:30:00+00:00,112.58000000000001,112.84,112.38000000000001,112.47000000000001,512
2026-03-13T16:35:00+00:00,112.47000000000001,112.84,112.43,112.7,431
2026-03-13T16:40:00+00:00,112.7,112.83000000000001,112.53,112.53,400
2026-03-13T16:45:00+00:00,112.53,112.61000000000001,112.36000000000001,112.57000000000001,444
2026-03-13T16:50:00+00:00,112.57000000000001,112.83000000000001,112.53,112.81,440
2026-03-13T16:55:00+00:00,112.81,112.9,112.37,112.43,522
2026-03-13T17:00:00+00:00,112.43,112.62,112.36000000000001,112.36000000000001,424
2026-03-13T17:05:00+00:00,112.36000000000001,112.61000000000001,112.34,112.50000000000001,328
2026-03-13T17:10:00+00:00,112.50000000000001,112.72000000000001,112.34,112.72000000000001,352
2026-03-13T17:15:00+00:00,112.72000000000001,112.80000000000001,112.59,112.69000000000001,231
2026-03-13T17:20:00+00:00,112.69000000000001,112.76,112.4,112.59,352
2026-03-13T17:25:00+00:00,112.59,112.60000000000001,112.4,112.52000000000001,336
2026-03-13T17:30:00+00:00,112.52000000000001,112.68,112.27000000000001,112.34,437
2026-03-13T17:35:00+00:00,112.34,112.43,112.19000000000001,112.37,357
2026-03-13T17:40:00+00:00,112.37,112.39000000000001,112.09,112.32000000000001,508
2026-03-13T17:45:00+00:00,112.32000000000001,112.37,111.86000000000001,111.88000000000001,421
2026-03-13T17:50:00+00:00,111.88000000000001,111.97000000000001,111.7,111.88000000000001,500
2026-03-13T17:55:00+00:00,111.88000000000001,111.97000000000001,111.83000000000001,111.86000000000001,432
2026-03-13T18:00:00+00:00,111.86000000000001,111.99000000000001,111.7,111.87,440
2026-03-13T18:05:00+00:00,111.87,112.00000000000001,111.77000000000001,111.96000000000001,345
2026-03-13T18:10:00+00:00,111.96000000000001,112.06,111.9,112.01,381
2026-03-13T18:15:00+00:00,112.01,112.12,111.89000000000001,111.93,363
2026-03-13T18:20:00+00:00,111.93,112.10000000000001,111.9,112.09,365
2026-03-13T18:25:00+00:00,112.09,112.28,112.05000000000001,112.22000000000001,332
2026-03-13T18:30:00+00:00,112.22000000000001,112.51,112.11000000000001,112.45,353
2026-03-13T18:35:00+00:00,112.45,112.63000000000001,112.39000000000001,112.39000000000001,323
2026-03-13T18:40:00+00:00,112.39000000000001,112.51,112.37,112.48,218
2026-03-13T18:45:00+00:00,112.48,112.54,112.39000000000001,112.44000000000001,284
2026-03-13T18:50:00+00:00,112.44000000000001,112.52000000000001,112.30000000000001,112.43,409
2026-03-13T18:55:00+00:00,112.43,112.44000000000001,112.24000000000001,112.38000000000001,301
2026-03-13T19:00:00+00:00,112.38000000000001,112.47000000000001,112.34,112.37,339
2026-03-13T19:05:00+00:00,112.37,112.4,112.10000000000001,112.22000000000001,311
2026-03-13T19:10:00+00:00,112.22000000000001,112.44000000000001,112.2,112.32000000000001,341
2026-03-13T19:15:00+00:00,112.32000000000001,112.42,112.22000000000001,112.32000000000001,278
2026-03-13T19:20:00+00:00,112.32000000000001,112.32000000000001,112.03,112.19000000000001,330
2026-03-13T19:25:00+00:00,112.19000000000001,112.19000000000001,111.85000000000001,111.91000000000001,497
2026-03-13T19:30:00+00:00,111.91000000000001,112.25000000000001,111.9,112.10000000000001,427
2026-03-13T19:35:00+00:00,112.10000000000001,112.12,111.92,111.96000000000001,310
2026-03-13T19:40:00+00:00,111.96000000000001,112.07000000000001,111.9,112.03,329
2026-03-13T19:45:00+00:00,112.03,112.10000000000001,111.95,111.97000000000001,355
2026-03-13T19:50:00+00:00,111.97000000000001,112.11000000000001,111.85000000000001,111.87,484
2026-03-13T19:55:00+00:00,111.87,112.08000000000001,111.84,112.03,577
2026-03-16T13:30:00+00:00,112.03,114.22000000000001,112.03,113.54,738
2026-03-16T13:35:00+00:00,113.54,114.02000000000001,113.52000000000001,113.91000000000001,479
2026-03-16T13:40:00+00:00,113.91000000000001,114.49000000000001,113.81,114.31,625
2026-03-16T13:45:00+00:00,114.31,114.78,114.24000000000001,114.48,577
2026-03-16T13:50:00+00:00,114.48,114.53,114.10000000000001,114.15,494
2026-03-16T13:55:00+00:00,114.15,114.86000000000001,114.10000000000001,114.76,526
2026-03-16T14:00:00+00:00,114.76,114.77000000000001,114.33000000000001,114.63000000000001,627
2026-03-16T14:05:00+00:00,114.63000000000001,114.85000000000001,114.55000000000001,114.78,554
2026-03-16T14:10:00+00:00,114.78,115.02000000000001,114.21000000000001,114.43,627
2026-03-16T14:15:00+00:00,114.43,114.51,114.21000000000001,114.29,532
2026-03-16T14:20:00+00:00,114.29,114.44000000000001,114.21000000000001,114.25000000000001,562
2026-03-16T14:25:00+00:00,114.25000000000001,114.27000000000001,114.00000000000001,114.00000000000001,589
2026-03-16T14:30:00+00:00,114.00000000000001,114.16000000000001,113.80000000000001,113.83000000000001,641
2026-03-16T14:35:00+00:00,113.83000000000001,114.08000000000001,113.72000000000001,113.73,619
2026-03-16T14:40:00+00:00,113.73,113.76,113.26,113.32000000000001,543
2026-03-16T14:45:00+00:00,113.32000000000001,113.43,113.24000000000001,113.38000000000001,619
2026-03-16T14:50:00+00:00,113.38000000000001,113.98,113.29,113.98,671
2026-03-16T14:55:00+00:00,113.98,114.11000000000001,113.81,114.10000000000001,426
2026-03-16T15:00:00+00:00,114.10000000000001,114.15,113.72000000000001,113.80000000000001,546
2026-03-16T15:05:00+00:00,113.80000000000001,113.83000000000001,113.67,113.80000000000001,436
2026-03-16T15:10:00+00:00,113.80000000000001,113.80000000000001,113.43,113.66000000000001,592
2026-03-16T15:15:00+00:00,113.66000000000001,113.73,113.4,113.73,487
2026-03-16T15:20:00+00:00,113.73,113.89000000000001,113.63000000000001,113.82000000000001,333
2026-03-16T15:25:00+00:00,113.82000000000001,113.9,113.64000000000001,113.84,406
2026-03-16T15:30:00+00:00,113.84,114.05000000000001,113.84,114.02000000000001,397
2026-03-16T15:35:00+00:00,114.02000000000001,114.14000000000001,114.00000000000001,114.03,358
2026-03-16T15:40:00+00:00,114.03,114.07000000000001,113.76,113.78,352
2026-03-16T15:45:00+00:00,113.78,113.97000000000001,113.74000000000001,113.83000000000001,406
2026-03-16T15:50:00+00:00,113.83000000000001,113.87,113.49000000000001,113.68,438
2026-03-16T15:55:00+00:00,113.68,113.75000000000001,113.52000000000001,113.68,472
2026-03-16T16:00:00+00:00,113.68,113.83000000000001,113.56,113.59,445
2026-03-16T16:05:00+00:00,113.59,113.99000000000001,113.55000000000001,113.9,398
2026-03-16T16:10:00+00:00,113.9,114.00000000000001,113.77000000000001,113.94000000000001,315
2026-03-16T16:15:00+00:00,113.94000000000001,113.98,113.77000000000001,113.86000000000001,336
2026-03-16T16:20:00+00:00,113.86000000000001,113.92,113.38000000000001,113.4,498
2026-03-16T16:25:00+00:00,113.4,113.41000000000001,113.06,113.17,503
2026-03-16T16:30:00+00:00,113.17,113.28,112.96000000000001,113.2,454
2026-03-16T16:35:00+00:00,113.2,113.54,113.14000000000001,113.52000000000001,475
2026-03-16T16:40:00+00:00,113.52000000000001,113.72000000000001,113.43,113.63000000000001,268
2026-03-16T16:45:00+00:00,113.63000000000001,113.63000000000001,113.37,113.50000000000001,387
2026-03-16T16:50:00+00:00,113.50000000000001,113.62,113.4,113.51,307
2026-03-16T16:55:00+00:00,113.51,113.57000000000001,113.36000000000001,113.46000000000001,380
2026-03-16T17:00:00+00:00,113.46000000000001,113.7,113.41000000000001,113.47000000000001,640
2026-03-16T17:05:00+00:00,113.47000000000001,113.63000000000001,113.45,113.50000000000001,356
2026-03-16T17:10:00+00:00,113.50000000000001,113.75000000000001,113.50000000000001,113.65,362
2026-03-16T17:15:00+00:00,113.65,113.67,113.44000000000001,113.50000000000001,344
2026-03-16T17:20:00+00:00,113.50000000000001,113.68,113.46000000000001,113.51,330
2026-03-16T17:25:00+00:00,113.51,113.53,113.39000000000001,113.41000000000001,291
2026-03-16T17:30:00+00:00,113.41000000000001,113.63000000000001,113.38000000000001,113.47000000000001,385
2026-03-16T17:35:00+00:00,113.47000000000001,113.60000000000001,113.44000000000001,113.53,322
2026-03-16T17:40:00+00:00,113.53,113.55000000000001,113.43,113.44000000000001,311
2026-03-16T17:45:00+00:00,113.44000000000001,113.62,113.2,113.22000000000001,355
2026-03-16T17:50:00+00:00,113.22000000000001,113.41000000000001,113.09,113.32000000000001,404
2026-03-16T17:55:00+00:00,113.32000000000001,113.50000000000001,113.21000000000001,113.44000000000001,305
2026-03-16T18:00:00+00:00,113.44000000000001,113.63000000000001,113.37,113.61000000000001,275
2026-03-16T18:05:00+00:00,113.61000000000001,113.69000000000001,113.48,113.48,417
2026-03-16T18:10:00+00:00,113.48,113.60000000000001,113.35000000000001,113.59,364
2026-03-16T18:15:00+00:00,113.59,113.74000000000001,113.52000000000001,113.63000000000001,347
2026-03-16T18:20:00+00:00,113.63000000000001,113.79,113.56,113.75000000000001,331
2026-03-16T18:25:00+00:00,113.75000000000001,113.75000000000001,113.57000000000001,113.7,375
2026-03-16T18:30:00+00:00,113.7,113.87,113.60000000000001,113.79,436
2026-03-16T18:35:00+00:00,113.79,113.94000000000001,113.77000000000001,113.86000000000001,294
2026-03-16T18:40:00+00:00,113.86000000000001,113.91000000000001,113.78,113.87,305
2026-03-16T18:45:00+00:00,113.87,113.92,113.81,113.85000000000001,278
2026-03-16T18:50:00+00:00,113.85000000000001,113.93,113.75000000000001,113.77000000000001,345
2026-03-16T18:55:00+00:00,113.77000000000001,113.79,113.67,113.73,347
2026-03-16T19:00:00+00:00,113.73,113.83000000000001,113.62,113.69000000000001,286
2026-03-16T19:05:00+00:00,113.69000000000001,113.91000000000001,113.56,113.89000000000001,325
2026-03-16T19:10:00+00:00,113.89000000000001,114.02000000000001,113.51,113.62,577
2026-03-16T19:15:00+00:00,113.62,113.64000000000001,113.51,113.54,526
2026-03-16T19:20:00+00:00,113.54,113.76,113.51,113.59,507
2026-03-16T19:25:00+00:00,113.59,113.62,113.30000000000001,113.51,606
2026-03-16T19:30:00+00:00,113.51,113.58000000000001,113.38000000000001,113.44000000000001,493
2026-03-16T19:35:00+00:00,113.44000000000001,113.47000000000001,113.33000000000001,113.37,434
2026-03-16T19:40:00+00:00,113.37,113.44000000000001,113.18,113.22000000000001,320
2026-03-16T19:45:00+00:00,113.22000000000001,113.39000000000001,113.19000000000001,113.32000000000001,420
2026-03-16T19:50:00+00:00,113.32000000000001,113.46000000000001,113.22000000000001,113.44000000000001,606
2026-03-16T19:55:00+00:00,113.44000000000001,113.73,113.44000000000001,113.67,684
2026-03-17T13:30:00+00:00,113.67,115.49000000000001,113.67,115.00000000000001,238
2026-03-17T13:35:00+00:00,115.00000000000001,115.94000000000001,115.00000000000001,115.80000000000001,349
2026-03-17T13:40:00+00:00,115.80000000000001,116.07000000000001,115.43,115.46000000000001,426
2026-03-17T13:45:00+00:00,115.46000000000001,115.92,115.34,115.75000000000001,511
2026-03-17T13:50:00+00:00,115.75000000000001,115.75000000000001,115.31,115.37,449
2026-03-17T13:55:00+00:00,115.37,115.49000000000001,115.07000000000001,115.13000000000001,393
2026-03-17T14:00:00+00:00,115.13000000000001,115.13000000000001,114.53,114.77000000000001,389
2026-03-17T14:05:00+00:00,114.77000000000001,115.26,114.76,115.13000000000001,379
2026-03-17T14:10:00+00:00,115.13000000000001,115.14000000000001,114.80000000000001,114.83000000000001,321
2026-03-17T14:15:00+00:00,114.83000000000001,114.83000000000001,114.49000000000001,114.81,332
2026-03-17T14:20:00+00:00,114.81,115.06,114.73,114.86000000000001,417
2026-03-17T14:25:00+00:00,114.86000000000001,114.89000000000001,114.50000000000001,114.67,341
2026-03-17T14:30:00+00:00,114.67,114.89000000000001,114.58000000000001,114.74000000000001,335
2026-03-17T14:35:00+00:00,114.74000000000001,114.83000000000001,114.35000000000001,114.47000000000001,375
2026-03-17T14:40:00+00:00,114.47000000000001,114.84,114.47000000000001,114.82000000000001,358
2026-03-17T14:45:00+00:00,114.82000000000001,114.96000000000001,114.71000000000001,114.75000000000001,309
2026-03-17T14:50:00+00:00,114.75000000000001,114.89000000000001,114.7,114.75000000000001,349
2026-03-17T14:55:00+00:00,114.75000000000001,114.82000000000001,114.55000000000001,114.65,320
2026-03-17T15:00:00+00:00,114.65,114.73,114.42,114.45,274
2026-03-17T15:05:00+00:00,114.45,114.46000000000001,114.24000000000001,114.27000000000001,301
2026-03-17T15:10:00+00:00,114.27000000000001,114.44000000000001,114.24000000000001,114.31,301
2026-03-17T15:15:00+00:00,114.31,114.44000000000001,114.09,114.11000000000001,348
2026-03-17T15:20:00+00:00,114.11000000000001,114.27000000000001,114.09,114.24000000000001,318
2026-03-17T15:25:00+00:00,114.24000000000001,114.45,114.09,114.15,316
2026-03-17T15:30:00+00:00,114.15,114.45,114.11000000000001,114.16000000000001,342
2026-03-17T15:35:00+00:00,114.16000000000001,114.26,114.00000000000001,114.08000000000001,301
2026-03-17T15:40:00+00:00,114.08000000000001,114.16000000000001,113.99000000000001,114.16000000000001,393
2026-03-17T15:45:00+00:00,114.16000000000001,114.23,114.07000000000001,114.11000000000001,305
2026-03-17T15:50:00+00:00,114.11000000000001,114.27000000000001,114.10000000000001,114.21000000000001,399
2026-03-17T15:55:00+00:00,114.21000000000001,114.37,114.14000000000001,114.29,392
2026-03-17T16:00:00+00:00,114.29,114.32000000000001,114.02000000000001,114.07000000000001,394
2026-03-17T16:05:00+00:00,114.07000000000001,114.19000000000001,113.97000000000001,114.15,401
2026-03-17T16:10:00+00:00,114.15,114.26,114.02000000000001,114.16000000000001,315
2026-03-17T16:15:00+00:00,114.16000000000001,114.36000000000001,114.02000000000001,114.34,366
2026-03-17T16:20:00+00:00,114.34,114.34,113.91000000000001,114.04,327
2026-03-17T16:25:00+00:00,114.04,114.10000000000001,113.95,113.95,247
2026-03-17T16:30:00+00:00,113.95,114.07000000000001,113.84,114.03,350
2026-03-17T16:35:00+00:00,114.03,114.13000000000001,113.75000000000001,113.80000000000001,301
2026-03-17T16:40:00+00:00,113.80000000000001,113.99000000000001,113.79,113.94000000000001,200
2026-03-17T16:45:00+00:00,113.94000000000001,114.04,113.85000000000001,113.93,277
2026-03-17T16:50:00+00:00,113.93,114.13000000000001,113.87,114.09,240
2026-03-17T16:55:00+00:00,114.09,114.18,114.02000000000001,114.09,270
2026-03-17T17:00:00+00:00,114.09,114.34,114.09,114.31,237
2026-03-17T17:05:00+00:00,114.31,114.32000000000001,114.19000000000001,114.27000000000001,182
2026-03-17T17:10:00+00:00,114.27000000000001,114.36000000000001,114.18,114.25000000000001,269
2026-03-17T17:15:00+00:00,114.25000000000001,114.25000000000001,114.10000000000001,114.22000000000001,247
2026-03-17T17:20:00+00:00,114.22000000000001,114.30000000000001,114.14000000000001,114.25000000000001,242
2026-03-17T17:25:00+00:00,114.25000000000001,114.44000000000001,114.2,114.37,210
2026-03-17T17:30:00+00:00,114.37,114.4,114.24000000000001,114.25000000000001,239
2026-03-17T17:35:00+00:00,114.25000000000001,114.50000000000001,114.24000000000001,114.48,257
2026-03-17T17:40:00+00:00,114.48,114.49000000000001,114.29,114.35000000000001,224
2026-03-17T17:45:00+00:00,114.35000000000001,114.44000000000001,114.29,114.4,244
2026-03-17T17:50:00+00:00,114.4,114.43,114.27000000000001,114.42,184
2026-03-17T17:55:00+00:00,114.42,114.44000000000001,114.34,114.36000000000001,190
2026-03-17T18:00:00+00:00,114.36000000000001,114.48,114.22000000000001,114.38000000000001,218
2026-03-17T18:05:00+00:00,114.38000000000001,114.57000000000001,114.35000000000001,114.55000000000001,163
2026-03-17T18:10:00+00:00,114.55000000000001,114.59,114.41000000000001,114.51,155
2026-03-17T18:15:00+00:00,114.51,114.61000000000001,114.47000000000001,114.55000000000001,194
2026-03-17T18:20:00+00:00,114.55000000000001,114.55000000000001,114.22000000000001,114.23,250
2026-03-17T18:25:00+00:00,114.23,114.33000000000001,114.16000000000001,114.18,298
2026-03-17T18:30:00+00:00,114.18,114.43,114.17,114.38000000000001,264
2026-03-17T18:35:00+00:00,114.38000000000001,114.56,114.34,114.50000000000001,234
2026-03-17T18:40:00+00:00,114.50000000000001,114.53,114.37,114.43,221
2026-03-17T18:45:00+00:00,114.43,114.52000000000001,114.4,114.52000000000001,195
2026-03-17T18:50:00+00:00,114.52000000000001,114.56,114.41000000000001,114.51,184
2026-03-17T18:55:00+00:00,114.51,114.51,114.34,114.44000000000001,209
2026-03-17T19:00:00+00:00,114.44000000000001,114.47000000000001,114.29,114.32000000000001,221
2026-03-17T19:05:00+00:00,114.32000000000001,114.36000000000001,114.23,114.31,245
2026-03-17T19:10:00+00:00,114.31,114.43,114.24000000000001,114.43,236
2026-03-17T19:15:00+00:00,114.43,114.43,114.28,114.36000000000001,193
2026-03-17T19:20:00+00:00,114.36000000000001,114.42,114.26,114.33000000000001,185
2026-03-17T19:25:00+00:00,114.33000000000001,114.35000000000001,114.19000000000001,114.28,246
2026-03-17T19:30:00+00:00,114.28,114.29,114.12,114.19000000000001,263
2026-03-17T19:35:00+00:00,114.19000000000001,114.34,114.19000000000001,114.28,205
2026-03-17T19:40:00+00:00,114.28,114.4,114.26,114.32000000000001,200
2026-03-17T19:45:00+00:00,114.32000000000001,114.72000000000001,114.32000000000001,114.7,275
2026-03-17T19:50:00+00:00,114.7,114.7,114.2,114.30000000000001,382
2026-03-17T19:55:00+00:00,114.30000000000001,114.32000000000001,113.85000000000001,114.09,683
2026-03-18T13:30:00+00:00,114.09,114.31,113.03,113.91000000000001,293
2026-03-18T13:35:00+00:00,113.91000000000001,114.21000000000001,113.84,114.19000000000001,471
2026-03-18T13:40:00+00:00,114.19000000000001,114.49000000000001,114.05000000000001,114.32000000000001,560
2026-03-18T13:45:00+00:00,114.32000000000001,114.95,114.17,114.83000000000001,600
2026-03-18T13:50:00+00:00,114.83000000000001,115.69000000000001,114.74000000000001,115.54,564
2026-03-18T13:55:00+00:00,115.54,115.80000000000001,115.11000000000001,115.80000000000001,695
2026-03-18T14:00:00+00:00,115.80000000000001,115.85000000000001,114.88000000000001,115.24000000000001,734
2026-03-18T14:05:00+00:00,115.24000000000001,115.35000000000001,114.89000000000001,115.11000000000001,560
2026-03-18T14:10:00+00:00,115.11000000000001,115.11000000000001,114.42,114.44000000000001,568
2026-03-18T14:15:00+00:00,114.44000000000001,114.63000000000001,114.27000000000001,114.61000000000001,632
2026-03-18T14:20:00+00:00,114.61000000000001,114.65,114.39000000000001,114.46000000000001,462
2026-03-18T14:25:00+00:00,114.46000000000001,114.57000000000001,114.2,114.37,616
2026-03-18T14:30:00+00:00,114.37,114.69000000000001,114.32000000000001,114.4,509
2026-03-18T14:35:00+00:00,114.4,114.68,114.4,114.41000000000001,489
2026-03-18T14:40:00+00:00,114.41000000000001,114.51,114.2,114.35000000000001,577
2026-03-18T14:45:00+00:00,114.35000000000001,114.54,114.32000000000001,114.47000000000001,576
2026-03-18T14:50:00+00:00,114.47000000000001,114.59,114.41000000000001,114.51,480
2026-03-18T14:55:00+00:00,114.51,114.87,114.41000000000001,114.87,737
2026-03-18T15:00:00+00:00,114.87,115.00000000000001,114.73,114.89000000000001,658
2026-03-18T15:05:00+00:00,114.89000000000001,115.23,114.85000000000001,114.93,552
2026-03-18T15:10:00+00:00,114.93,114.99000000000001,114.62,114.82000000000001,671
2026-03-18T15:15:00+00:00,114.82000000000001,114.95,114.56,114.56,644
2026-03-18T15:20:00+00:00,114.56,114.77000000000001,114.50000000000001,114.75000000000001,523
2026-03-18T15:25:00+00:00,114.75000000000001,114.87,114.65,114.72000000000001,483
2026-03-18T15:30:00+00:00,114.72000000000001,115.06,114.71000000000001,114.98,524
2026-03-18T15:35:00+00:00,114.98,115.17,114.95,115.01,447
2026-03-18T15:40:00+00:00,115.01,115.05000000000001,114.83000000000001,114.95,382
2026-03-18T15:45:00+00:00,114.95,115.03,114.82000000000001,114.97000000000001,444
2026-03-18T15:50:00+00:00,114.97000000000001,115.00000000000001,114.77000000000001,114.92,431
2026-03-18T15:55:00+00:00,114.92,115.01,114.80000000000001,114.9,530
2026-03-18T16:00:00+00:00,114.9,114.9,114.74000000000001,114.83000000000001,518
2026-03-18T16:05:00+00:00,114.83000000000001,114.99000000000001,114.71000000000001,114.93,458
2026-03-18T16:10:00+00:00,114.93,115.13000000000001,114.89000000000001,115.11000000000001,419
2026-03-18T16:15:00+00:00,115.11000000000001,115.15,114.96000000000001,115.08000000000001,490
2026-03-18T16:20:00+00:00,115.08000000000001,115.23,115.03,115.21000000000001,446
2026-03-18T16:25:00+00:00,115.21000000000001,115.22000000000001,114.95,114.96000000000001,391
2026-03-18T16:30:00+00:00,114.96000000000001,115.07000000000001,114.80000000000001,114.81,359
2026-03-18T16:35:00+00:00,114.81,115.09,114.64000000000001,114.99000000000001,533
2026-03-18T16:40:00+00:00,114.99000000000001,115.09,114.92,115.02000000000001,350
2026-03-18T16:45:00+00:00,115.02000000000001,115.09,114.92,115.03,332
2026-03-18T16:50:00+00:00,115.03,115.16000000000001,114.94000000000001,115.08000000000001,378
2026-03-18T16:55:00+00:00,115.08000000000001,115.16000000000001,114.98,115.01,414
2026-03-18T17:00:00+00:00,115.01,115.04,114.78,114.97000000000001,408
2026-03-18T17:05:00+00:00,114.97000000000001,115.06,114.87,114.9,314
2026-03-18T17:10:00+00:00,114.9,115.00000000000001,114.84,114.96000000000001,420
2026-03-18T17:15:00+00:00,114.96000000000001,115.14000000000001,114.92,115.08000000000001,306
2026-03-18T17:20:00+00:00,115.08000000000001,115.11000000000001,114.98,115.08000000000001,331
2026-03-18T17:25:00+00:00,115.08000000000001,115.08000000000001,114.94000000000001,115.02000000000001,370
2026-03-18T17:30:00+00:00,115.02000000000001,115.16000000000001,114.94000000000001,115.12,427
2026-03-18T17:35:00+00:00,115.12,115.49000000000001,115.10000000000001,115.47000000000001,377
2026-03-18T17:40:00+00:00,115.47000000000001,115.48,115.17,115.25000000000001,408
2026-03-18T17:45:00+00:00,115.25000000000001,115.33000000000001,115.09,115.13000000000001,576
2026-03-18T17:50:00+00:00,115.13000000000001,115.19000000000001,114.98,115.15,378
2026-03-18T17:55:00+00:00,115.15,115.35000000000001,115.06,115.34,375
2026-03-18T18:00:00+00:00,115.34,115.55000000000001,115.29,115.52000000000001,620
2026-03-18T18:05:00+00:00,115.52000000000001,115.7,115.42,115.67,560
2026-03-18T18:10:00+00:00,115.67,115.71000000000001,115.41000000000001,115.51,545
2026-03-18T18:15:00+00:00,115.51,115.51,115.11000000000001,115.37,819
2026-03-18T18:20:00+00:00,115.37,115.51,115.22000000000001,115.27000000000001,508
2026-03-18T18:25:00+00:00,115.27000000000001,115.52000000000001,115.21000000000001,115.46000000000001,460
2026-03-18T18:30:00+00:00,115.46000000000001,115.47000000000001,115.21000000000001,115.25000000000001,730
2026-03-18T18:35:00+00:00,115.25000000000001,115.77000000000001,115.25000000000001,115.36000000000001,871
2026-03-18T18:40:00+00:00,115.36000000000001,115.48,115.18,115.32000000000001,682
2026-03-18T18:45:00+00:00,115.32000000000001,115.32000000000001,115.13000000000001,115.15,608
2026-03-18T18:50:00+00:00,115.15,115.15,114.66000000000001,114.7,593
2026-03-18T18:55:00+00:00,114.7,114.80000000000001,114.61000000000001,114.77000000000001,518
2026-03-18T19:00:00+00:00,114.77000000000001,115.11000000000001,114.7,115.03,593
2026-03-18T19:05:00+00:00,115.03,115.38000000000001,115.02000000000001,115.38000000000001,544
2026-03-18T19:10:00+00:00,115.38000000000001,115.38000000000001,115.10000000000001,115.17,443
2026-03-18T19:15:00+00:00,115.17,115.28,114.96000000000001,114.98,487
2026-03-18T19:20:00+00:00,114.98,115.04,114.76,114.77000000000001,436
2026-03-18T19:25:00+00:00,114.77000000000001,114.86000000000001,114.71000000000001,114.81,445
2026-03-18T19:30:00+00:00,114.81,114.98,114.76,114.93,472
2026-03-18T19:35:00+00:00,114.93,114.94000000000001,114.74000000000001,114.79,454
2026-03-18T19:40:00+00:00,114.79,114.91000000000001,114.7,114.82000000000001,502
2026-03-18T19:45:00+00:00,114.82000000000001,114.92,114.74000000000001,114.82000000000001,484
2026-03-18T19:50:00+00:00,114.82000000000001,115.03,114.75000000000001,114.93,634
2026-03-18T19:55:00+00:00,114.93,114.99000000000001,114.78,114.95,689
2026-03-19T13:30:00+00:00,114.95,114.95,112.7,113.59,637
2026-03-19T13:35:00+00:00,113.59,113.93,113.36000000000001,113.50000000000001,641
2026-03-19T13:40:00+00:00,113.50000000000001,114.63000000000001,113.49000000000001,114.49000000000001,878
2026-03-19T13:45:00+00:00,114.49000000000001,114.95,114.23,114.80000000000001,750
2026-03-19T13:50:00+00:00,114.80000000000001,115.55000000000001,114.75000000000001,115.11000000000001,713
2026-03-19T13:55:00+00:00,115.11000000000001,115.19000000000001,114.68,115.07000000000001,716
2026-03-19T14:00:00+00:00,115.07000000000001,115.17,114.44000000000001,114.74000000000001,580
2026-03-19T14:05:00+00:00,114.74000000000001,114.94000000000001,114.57000000000001,114.61000000000001,729
2026-03-19T14:10:00+00:00,114.61000000000001,114.97000000000001,114.15,114.17,589
2026-03-19T14:15:00+00:00,114.17,114.33000000000001,113.60000000000001,113.98,718
2026-03-19T14:20:00+00:00,113.98,114.31,113.77000000000001,113.86000000000001,634
2026-03-19T14:25:00+00:00,113.86000000000001,114.03,113.55000000000001,113.82000000000001,646
2026-03-19T14:30:00+00:00,113.82000000000001,114.61000000000001,113.68,114.57000000000001,775
2026-03-19T14:35:00+00:00,114.57000000000001,114.78,114.28,114.33000000000001,618
2026-03-19T14:40:00+00:00,114.33000000000001,114.77000000000001,114.25000000000001,114.73,651
2026-03-19T14:45:00+00:00,114.73,115.23,114.73,115.13000000000001,640
2026-03-19T14:50:00+00:00,115.13000000000001,115.25000000000001,114.84,114.96000000000001,620
2026-03-19T14:55:00+00:00,114.96000000000001,115.28,114.85000000000001,115.22000000000001,663
2026-03-19T15:00:00+00:00,115.22000000000001,115.54,115.18,115.53,751
2026-03-19T15:05:00+00:00,115.53,115.65,115.21000000000001,115.37,711
2026-03-19T15:10:00+00:00,115.37,115.58000000000001,115.17,115.47000000000001,527
2026-03-19T15:15:00+00:00,115.47000000000001,115.65,115.30000000000001,115.39000000000001,644
2026-03-19T15:20:00+00:00,115.39000000000001,115.57000000000001,115.29,115.45,666
2026-03-19T15:25:00+00:00,115.45,115.57000000000001,115.38000000000001,115.46000000000001,570
2026-03-19T15:30:00+00:00,115.46000000000001,115.73,115.33000000000001,115.33000000000001,615
2026-03-19T15:35:00+00:00,115.33000000000001,115.41000000000001,115.11000000000001,115.25000000000001,643
2026-03-19T15:40:00+00:00,115.25000000000001,115.38000000000001,115.06,115.10000000000001,741
2026-03-19T15:45:00+00:00,115.10000000000001,115.19000000000001,114.94000000000001,115.09,671
2026-03-19T15:50:00+00:00,115.09,115.21000000000001,114.95,114.98,620
2026-03-19T15:55:00+00:00,114.98,115.34,114.89000000000001,115.27000000000001,858
2026-03-19T16:00:00+00:00,115.27000000000001,115.89000000000001,115.19000000000001,115.72000000000001,717
2026-03-19T16:05:00+00:00,115.72000000000001,115.89000000000001,115.64000000000001,115.77000000000001,606
2026-03-19T16:10:00+00:00,115.77000000000001,115.84,115.37,115.43,728
2026-03-19T16:15:00+00:00,115.43,115.69000000000001,115.34,115.57000000000001,678
2026-03-19T16:20:00+00:00,115.57000000000001,115.58000000000001,115.34,115.41000000000001,504
2026-03-19T16:25:00+00:00,115.41000000000001,115.7,115.36000000000001,115.36000000000001,581
2026-03-19T16:30:00+00:00,115.36000000000001,115.57000000000001,115.33000000000001,115.49000000000001,571
2026-03-19T16:35:00+00:00,115.49000000000001,115.55000000000001,115.33000000000001,115.42,533
2026-03-19T16:40:00+00:00,115.42,115.93,115.35000000000001,115.80000000000001,624
2026-03-19T16:45:00+00:00,115.80000000000001,115.87,115.69000000000001,115.74000000000001,528
2026-03-19T16:50:00+00:00,115.74000000000001,115.78,114.56,115.16000000000001,812
2026-03-19T16:55:00+00:00,115.16000000000001,115.22000000000001,114.82000000000001,115.01,526
2026-03-19T17:00:00+00:00,115.01,115.18,114.95,115.01,433
2026-03-19T17:05:00+00:00,115.01,115.14000000000001,114.76,114.82000000000001,421
2026-03-19T17:10:00+00:00,114.82000000000001,114.98,114.68,114.76,517
2026-03-19T17:15:00+00:00,114.76,115.32000000000001,114.76,115.27000000000001,483
2026-03-19T17:20:00+00:00,115.27000000000001,115.46000000000001,115.19000000000001,115.34,460
2026-03-19T17:25:00+00:00,115.34,115.62,115.28,115.50000000000001,418
2026-03-19T17:30:00+00:00,115.50000000000001,115.77000000000001,115.48,115.60000000000001,407
2026-03-19T17:35:00+00:00,115.60000000000001,115.60000000000001,115.36000000000001,115.39000000000001,388
2026-03-19T17:40:00+00:00,115.39000000000001,115.52000000000001,115.34,115.48,366
2026-03-19T17:45:00+00:00,115.48,115.52000000000001,115.39000000000001,115.46000000000001,332
2026-03-19T17:50:00+00:00,115.46000000000001,115.66000000000001,115.43,115.61000000000001,346
2026-03-19T17:55:00+00:00,115.61000000000001,115.63000000000001,115.41000000000001,115.49000000000001,339
2026-03-19T18:00:00+00:00,115.49000000000001,115.52000000000001,115.31,115.38000000000001,394
2026-03-19T18:05:00+00:00,115.38000000000001,115.62,115.32000000000001,115.51,405
2026-03-19T18:10:00+00:00,115.51,115.75000000000001,115.46000000000001,115.71000000000001,392
2026-03-19T18:15:00+00:00,115.71000000000001,115.86000000000001,115.64000000000001,115.7,341
2026-03-19T18:20:00+00:00,115.7,115.76,115.56,115.65,321
2026-03-19T18:25:00+00:00,115.65,115.71000000000001,115.45,115.51,306
2026-03-19T18:30:00+00:00,115.51,115.71000000000001,115.46000000000001,115.7,415
2026-03-19T18:35:00+00:00,115.7,115.75000000000001,115.43,115.46000000000001,318
2026-03-19T18:40:00+00:00,115.46000000000001,115.48,115.12,115.14000000000001,375
2026-03-19T18:45:00+00:00,115.14000000000001,115.2,115.04,115.11000000000001,412
2026-03-19T18:50:00+00:00,115.11000000000001,115.30000000000001,115.09,115.26,296
2026-03-19T18:55:00+00:00,115.26,115.86000000000001,115.23,115.71000000000001,506
2026-03-19T19:00:00+00:00,115.71000000000001,116.39000000000001,115.64000000000001,116.00000000000001,791
2026-03-19T19:05:00+00:00,116.00000000000001,116.64000000000001,115.98,116.39000000000001,1019
2026-03-19T19:10:00+00:00,116.39000000000001,116.75000000000001,116.17,116.67,938
2026-03-19T19:15:00+00:00,116.67,116.9,116.56,116.85000000000001,856
2026-03-19T19:20:00+00:00,116.85000000000001,116.88000000000001,116.37,116.45,719
2026-03-19T19:25:00+00:00,116.45,116.47000000000001,115.98,116.07000000000001,663
2026-03-19T19:30:00+00:00,116.07000000000001,116.28,115.97000000000001,116.17,682
2026-03-19T19:35:00+00:00,116.17,116.31,115.92,116.27000000000001,616
2026-03-19T19:40:00+00:00,116.27000000000001,116.44000000000001,116.19000000000001,116.30000000000001,600
2026-03-19T19:45:00+00:00,116.30000000000001,116.44000000000001,116.17,116.39000000000001,755
2026-03-19T19:50:00+00:00,116.39000000000001,116.39000000000001,116.04,116.16000000000001,730
2026-03-19T19:55:00+00:00,116.16000000000001,116.26,115.96000000000001,116.25000000000001,782
2026-03-20T13:30:00+00:00,116.25000000000001,117.27000000000001,115.38000000000001,116.14000000000001,377
2026-03-20T13:35:00+00:00,116.14000000000001,116.37,115.7,116.05000000000001,439
2026-03-20T13:40:00+00:00,116.05000000000001,116.77000000000001,116.02000000000001,116.75000000000001,541
2026-03-20T13:45:00+00:00,116.75000000000001,116.93,116.34,116.37,613
2026-03-20T13:50:00+00:00,116.37,116.45,115.87,116.19000000000001,557
2026-03-20T13:55:00+00:00,116.19000000000001,116.43,115.97000000000001,116.06,466
2026-03-20T14:00:00+00:00,116.06,116.62,115.94000000000001,116.35000000000001,604
2026-03-20T14:05:00+00:00,116.35000000000001,116.89000000000001,116.30000000000001,116.86000000000001,531
2026-03-20T14:10:00+00:00,116.86000000000001,116.95,115.80000000000001,115.89000000000001,548
2026-03-20T14:15:00+00:00,115.89000000000001,115.95,115.7,115.93,481
2026-03-20T14:20:00+00:00,115.93,116.08000000000001,115.68,115.80000000000001,482
2026-03-20T14:25:00+00:00,115.80000000000001,115.9,115.51,115.55000000000001,473
2026-03-20T14:30:00+00:00,115.55000000000001,116.17,115.49000000000001,116.05000000000001,448
2026-03-20T14:35:00+00:00,116.05000000000001,116.41000000000001,115.86000000000001,115.97000000000001,378
2026-03-20T14:40:00+00:00,115.97000000000001,116.35000000000001,115.86000000000001,116.09,392
2026-03-20T14:45:00+00:00,116.09,116.36000000000001,116.05000000000001,116.27000000000001,360
2026-03-20T14:50:00+00:00,116.27000000000001,116.29,115.54,115.54,381
2026-03-20T14:55:00+00:00,115.54,116.09,115.54,115.85000000000001,389
2026-03-20T15:00:00+00:00,115.85000000000001,116.2,115.85000000000001,116.08000000000001,394
2026-03-20T15:05:00+00:00,116.08000000000001,116.18,115.93,116.05000000000001,277
2026-03-20T15:10:00+00:00,116.05000000000001,116.22000000000001,115.92,116.14000000000001,300
2026-03-20T15:15:00+00:00,116.14000000000001,116.30000000000001,116.01,116.04,370
2026-03-20T15:20:00+00:00,116.04,116.69000000000001,115.85000000000001,116.14000000000001,491
2026-03-20T15:25:00+00:00,116.14000000000001,116.23,115.58000000000001,115.72000000000001,359
2026-03-20T15:30:00+00:00,115.72000000000001,116.25000000000001,115.66000000000001,116.18,359
2026-03-20T15:35:00+00:00,116.18,116.52000000000001,116.09,116.44000000000001,331
2026-03-20T15:40:00+00:00,116.44000000000001,116.52000000000001,116.24000000000001,116.38000000000001,387
2026-03-20T15:45:00+00:00,116.38000000000001,116.52000000000001,116.26,116.36000000000001,313
2026-03-20T15:50:00+00:00,116.36000000000001,116.66000000000001,116.33000000000001,116.45,378
2026-03-20T15:55:00+00:00,116.45,116.51,116.18,116.33000000000001,435
2026-03-20T16:00:00+00:00,116.33000000000001,116.7,116.27000000000001,116.65,450
2026-03-20T16:05:00+00:00,116.65,116.65,116.38000000000001,116.57000000000001,414
2026-03-20T16:10:00+00:00,116.57000000000001,116.80000000000001,116.52000000000001,116.59,363
2026-03-20T16:15:00+00:00,116.59,116.93,116.48,116.85000000000001,438
2026-03-20T16:20:00+00:00,116.85000000000001,116.95,116.79,116.89000000000001,444
2026-03-20T16:25:00+00:00,116.89000000000001,117.03,116.77000000000001,116.86000000000001,476
2026-03-20T16:30:00+00:00,116.86000000000001,116.89000000000001,116.51,116.82000000000001,504
2026-03-20T16:35:00+00:00,116.82000000000001,116.91000000000001,116.74000000000001,116.87,389
2026-03-20T16:40:00+00:00,116.87,117.06,116.78,116.97000000000001,377
2026-03-20T16:45:00+00:00,116.97000000000001,117.04,116.9,116.99000000000001,318
2026-03-20T16:50:00+00:00,116.99000000000001,117.12,116.9,117.10000000000001,394
2026-03-20T16:55:00+00:00,117.10000000000001,117.34,117.05000000000001,117.23,388
2026-03-20T17:00:00+00:00,117.23,117.56,117.19000000000001,117.48,365
2026-03-20T17:05:00+00:00,117.48,117.50000000000001,117.00000000000001,117.26,696
2026-03-20T17:10:00+00:00,117.26,117.30000000000001,116.96000000000001,116.98,418
2026-03-20T17:15:00+00:00,116.98,117.07000000000001,116.80000000000001,116.85000000000001,433
2026-03-20T17:20:00+00:00,116.85000000000001,117.34,116.83000000000001,117.10000000000001,350
2026-03-20T17:25:00+00:00,117.10000000000001,117.12,116.93,117.04,306
2026-03-20T17:30:00+00:00,117.04,117.12,116.58000000000001,116.74000000000001,422
2026-03-20T17:35:00+00:00,116.74000000000001,117.07000000000001,116.63000000000001,117.04,396
2026-03-20T17:40:00+00:00,117.04,117.04,116.78,116.86000000000001,372
2026-03-20T17:45:00+00:00,116.86000000000001,116.91000000000001,116.63000000000001,116.7,359
2026-03-20T17:50:00+00:00,116.7,116.89000000000001,116.64000000000001,116.87,347
2026-03-20T17:55:00+00:00,116.87,117.04,116.81,116.93,353
2026-03-20T18:00:00+00:00,116.93,116.99000000000001,116.82000000000001,116.9,422
2026-03-20T18:05:00+00:00,116.9,116.94000000000001,116.72000000000001,116.78,324
2026-03-20T18:10:00+00:00,116.78,116.78,116.61000000000001,116.7,380
2026-03-20T18:15:00+00:00,116.7,116.74000000000001,116.51,116.63000000000001,330
2026-03-20T18:20:00+00:00,116.63000000000001,116.71000000000001,116.14000000000001,116.21000000000001,783
2026-03-20T18:25:00+00:00,116.21000000000001,116.38000000000001,116.10000000000001,116.17,514
2026-03-20T18:30:00+00:00,116.17,116.24000000000001,115.94000000000001,115.97000000000001,418
2026-03-20T18:35:00+00:00,115.97000000000001,116.01,115.74000000000001,115.83000000000001,369
2026-03-20T18:40:00+00:00,115.83000000000001,116.02000000000001,115.74000000000001,115.87,433
2026-03-20T18:45:00+00:00,115.87,116.01,115.75000000000001,115.86000000000001,401
2026-03-20T18:50:00+00:00,115.86000000000001,116.05000000000001,115.74000000000001,116.04,396
2026-03-20T18:55:00+00:00,116.04,116.16000000000001,115.98,116.08000000000001,393
2026-03-20T19:00:00+00:00,116.08000000000001,116.30000000000001,115.98,116.17,608
2026-03-20T19:05:00+00:00,116.17,116.19000000000001,115.9,115.99000000000001,386
2026-03-20T19:10:00+00:00,115.99000000000001,116.06,115.88000000000001,116.00000000000001,385
2026-03-20T19:15:00+00:00,116.00000000000001,116.11000000000001,115.95,116.09,387
2026-03-20T19:20:00+00:00,116.09,116.10000000000001,115.86000000000001,115.87,390
2026-03-20T19:25:00+00:00,115.87,116.02000000000001,115.79,115.89000000000001,566
2026-03-20T19:30:00+00:00,115.89000000000001,115.96000000000001,115.43,115.51,578
2026-03-20T19:35:00+00:00,115.51,115.56,115.16000000000001,115.35000000000001,544
2026-03-20T19:40:00+00:00,115.35000000000001,115.74000000000001,115.27000000000001,115.68,623
2026-03-20T19:45:00+00:00,115.68,115.73,115.52000000000001,115.61000000000001,641
2026-03-20T19:50:00+00:00,115.61000000000001,116.08000000000001,115.15,116.05000000000001,888
2026-03-20T19:55:00+00:00,116.05000000000001,116.23,115.76,115.91000000000001,1096
2026-03-23T13:30:00+00:00,115.91000000000001,119.2,115.91000000000001,118.81,321
2026-03-23T13:35:00+00:00,118.81,119.30000000000001,118.54,119.24000000000001,789
2026-03-23T13:40:00+00:00,119.24000000000001,119.68,119.04,119.2,934
2026-03-23T13:45:00+00:00,119.2,119.2,118.01,118.2,999
2026-03-23T13:50:00+00:00,118.2,119.11000000000001,118.07000000000001,118.91000000000001,803
2026-03-23T13:55:00+00:00,118.91000000000001,118.91000000000001,118.51,118.7,696
2026-03-23T14:00:00+00:00,118.7,119.15,118.36000000000001,118.56,1049
2026-03-23T14:05:00+00:00,118.56,118.82000000000001,118.35000000000001,118.57000000000001,735
2026-03-23T14:10:00+00:00,118.57000000000001,118.73,118.35000000000001,118.47000000000001,743
2026-03-23T14:15:00+00:00,118.47000000000001,118.88000000000001,118.44000000000001,118.81,605
2026-03-23T14:20:00+00:00,118.81,119.10000000000001,118.63000000000001,118.87,534
2026-03-23T14:25:00+00:00,118.87,118.88000000000001,118.45,118.61000000000001,626
2026-03-23T14:30:00+00:00,118.61000000000001,118.89000000000001,118.39000000000001,118.86000000000001,600
2026-03-23T14:35:00+00:00,118.86000000000001,119.01,118.66000000000001,118.82000000000001,591
2026-03-23T14:40:00+00:00,118.82000000000001,118.86000000000001,118.54,118.68,532
2026-03-23T14:45:00+00:00,118.68,119.10000000000001,118.56,118.89000000000001,626
2026-03-23T14:50:00+00:00,118.89000000000001,119.04,118.75000000000001,118.92,656
2026-03-23T14:55:00+00:00,118.92,119.12,118.82000000000001,119.12,592
2026-03-23T15:00:00+00:00,119.12,119.39000000000001,119.00000000000001,119.29,706
2026-03-23T15:05:00+00:00,119.29,119.60000000000001,119.19000000000001,119.45,700
2026-03-23T15:10:00+00:00,119.45,119.67,119.38000000000001,119.44000000000001,678
2026-03-23T15:15:00+00:00,119.44000000000001,119.64000000000001,119.34,119.34,668
2026-03-23T15:20:00+00:00,119.34,119.64000000000001,119.29,119.61000000000001,741
2026-03-23T15:25:00+00:00,119.61000000000001,119.66000000000001,119.21000000000001,119.33000000000001,576
2026-03-23T15:30:00+00:00,119.33000000000001,119.50000000000001,119.07000000000001,119.21000000000001,694
2026-03-23T15:35:00+00:00,119.21000000000001,119.24000000000001,118.92,118.95,654
2026-03-23T15:40:00+00:00,118.95,119.01,118.35000000000001,118.63000000000001,714
2026-03-23T15:45:00+00:00,118.63000000000001,118.7,118.28,118.58000000000001,842
2026-03-23T15:50:00+00:00,118.58000000000001,118.66000000000001,118.04,118.04,962
2026-03-23T15:55:00+00:00,118.04,118.12,117.71000000000001,117.83000000000001,926
2026-03-23T16:00:00+00:00,117.83000000000001,118.18,117.74000000000001,117.96000000000001,916
2026-03-23T16:05:00+00:00,117.96000000000001,118.03,117.7,117.82000000000001,677
2026-03-23T16:10:00+00:00,117.82000000000001,118.06,117.72000000000001,117.92,572
2026-03-23T16:15:00+00:00,117.92,117.99000000000001,117.62,117.77000000000001,604
2026-03-23T16:20:00+00:00,117.77000000000001,117.88000000000001,117.64000000000001,117.67,507
2026-03-23T16:25:00+00:00,117.67,117.78,117.35000000000001,117.39000000000001,488
2026-03-23T16:30:00+00:00,117.39000000000001,117.71000000000001,117.28,117.68,700
2026-03-23T16:35:00+00:00,117.68,117.98,117.62,117.66000000000001,557
2026-03-23T16:40:00+00:00,117.66000000000001,117.79,117.55000000000001,117.69000000000001,571
2026-03-23T16:45:00+00:00,117.69000000000001,117.88000000000001,117.65,117.82000000000001,619
2026-03-23T16:50:00+00:00,117.82000000000001,117.98,117.63000000000001,117.89000000000001,568
2026-03-23T16:55:00+00:00,117.89000000000001,118.04,117.79,117.86000000000001,427
2026-03-23T17:00:00+00:00,117.86000000000001,117.97000000000001,117.58000000000001,117.58000000000001,548
2026-03-23T17:05:00+00:00,117.58000000000001,118.00000000000001,117.51,117.97000000000001,507
2026-03-23T17:10:00+00:00,117.97000000000001,118.07000000000001,117.9,117.94000000000001,437
2026-03-23T17:15:00+00:00,117.94000000000001,118.01,117.7,117.82000000000001,404
2026-03-23T17:20:00+00:00,117.82000000000001,117.88000000000001,117.55000000000001,117.64000000000001,491
2026-03-23T17:25:00+00:00,117.64000000000001,117.95,117.62,117.87,466
2026-03-23T17:30:00+00:00,117.87,118.38000000000001,117.82000000000001,118.36000000000001,589
2026-03-23T17:35:00+00:00,118.36000000000001,118.7,118.32000000000001,118.58000000000001,584
2026-03-23T17:40:00+00:00,118.58000000000001,118.59,118.2,118.30000000000001,500
2026-03-23T17:45:00+00:00,118.30000000000001,118.37,118.24000000000001,118.32000000000001,355
2026-03-23T17:50:00+00:00,118.32000000000001,118.55000000000001,118.26,118.54,434
2026-03-23T17:55:00+00:00,118.54,118.72000000000001,118.46000000000001,118.69000000000001,428
2026-03-23T18:00:00+00:00,118.69000000000001,118.7,118.46000000000001,118.63000000000001,423
2026-03-23T18:05:00+00:00,118.63000000000001,118.64000000000001,118.16000000000001,118.45,726
2026-03-23T18:10:00+00:00,118.45,118.64000000000001,118.45,118.51,576
2026-03-23T18:15:00+00:00,118.51,118.57000000000001,118.35000000000001,118.43,481
2026-03-23T18:20:00+00:00,118.43,118.49000000000001,118.31,118.44000000000001,375
2026-03-23T18:25:00+00:00,118.44000000000001,118.57000000000001,118.35000000000001,118.42,425
2026-03-23T18:30:00+00:00,118.42,118.66000000000001,118.39000000000001,118.56,377
2026-03-23T18:35:00+00:00,118.56,118.87,118.45,118.58000000000001,677
2026-03-23T18:40:00+00:00,118.58000000000001,118.73,118.52000000000001,118.60000000000001,466
2026-03-23T18:45:00+00:00,118.60000000000001,118.69000000000001,118.52000000000001,118.59,370
2026-03-23T18:50:00+00:00,118.59,118.64000000000001,118.37,118.50000000000001,363
2026-03-23T18:55:00+00:00,118.50000000000001,118.68,118.48,118.63000000000001,387
2026-03-23T19:00:00+00:00,118.63000000000001,118.65,118.42,118.45,302
2026-03-23T19:05:00+00:00,118.45,118.58000000000001,118.43,118.56,308
2026-03-23T19:10:00+00:00,118.56,118.56,118.30000000000001,118.36000000000001,231
2026-03-23T19:15:00+00:00,118.36000000000001,118.4,118.13000000000001,118.21000000000001,284
2026-03-23T19:20:00+00:00,118.21000000000001,118.22000000000001,117.97000000000001,118.11000000000001,370
2026-03-23T19:25:00+00:00,118.11000000000001,118.21000000000001,117.98,118.01,462
2026-03-23T19:30:00+00:00,118.01,118.11000000000001,117.82000000000001,118.05000000000001,476
2026-03-23T19:35:00+00:00,118.05000000000001,118.21000000000001,117.94000000000001,118.18,407
2026-03-23T19:40:00+00:00,118.18,118.38000000000001,118.13000000000001,118.35000000000001,385
2026-03-23T19:45:00+00:00,118.35000000000001,118.46000000000001,118.17,118.38000000000001,525
2026-03-23T19:50:00+00:00,118.38000000000001,118.42,118.10000000000001,118.25000000000001,659
2026-03-23T19:55:00+00:00,118.25000000000001,118.28,117.83000000000001,118.02000000000001,744
2026-03-24T13:30:00+00:00,118.02000000000001,118.02000000000001,115.74000000000001,116.81,319
2026-03-24T13:35:00+00:00,116.81,117.56,116.58000000000001,117.05000000000001,462
2026-03-24T13:40:00+00:00,117.05000000000001,117.67,116.97000000000001,117.30000000000001,358
2026-03-24T13:45:00+00:00,117.30000000000001,117.62,117.30000000000001,117.36000000000001,396
2026-03-24T13:50:00+00:00,117.36000000000001,117.49000000000001,116.78,116.83000000000001,472
2026-03-24T13:55:00+00:00,116.83000000000001,117.36000000000001,116.76,117.26,358
2026-03-24T14:00:00+00:00,117.26,117.66000000000001,117.11000000000001,117.61000000000001,443
2026-03-24T14:05:00+00:00,117.61000000000001,117.9,117.4,117.71000000000001,381
2026-03-24T14:10:00+00:00,117.71000000000001,118.09,117.61000000000001,118.02000000000001,436
2026-03-24T14:15:00+00:00,118.02000000000001,118.05000000000001,117.51,118.02000000000001,449
2026-03-24T14:20:00+00:00,118.02000000000001,118.11000000000001,117.88000000000001,117.98,433
2026-03-24T14:25:00+00:00,117.98,118.2,117.83000000000001,118.04,427
2026-03-24T14:30:00+00:00,118.04,118.37,117.97000000000001,118.31,396
2026-03-24T14:35:00+00:00,118.31,118.42,118.11000000000001,118.34,459
2026-03-24T14:40:00+00:00,118.34,118.58000000000001,118.22000000000001,118.55000000000001,337
2026-03-24T14:45:00+00:00,118.55000000000001,118.66000000000001,118.16000000000001,118.28,409
2026-03-24T14:50:00+00:00,118.28,119.34,118.17,119.29,811
2026-03-24T14:55:00+00:00,119.29,119.67,119.09,119.44000000000001,694
2026-03-24T15:00:00+00:00,119.44000000000001,119.99000000000001,119.44000000000001,119.83000000000001,422
2026-03-24T15:05:00+00:00,119.83000000000001,120.08000000000001,119.67,120.01,305
2026-03-24T15:10:00+00:00,120.01,120.22000000000001,119.81,120.00000000000001,449
2026-03-24T15:15:00+00:00,120.00000000000001,120.39000000000001,120.00000000000001,120.29,409
2026-03-24T15:20:00+00:00,120.29,120.55000000000001,120.12,120.53,557
2026-03-24T15:25:00+00:00,120.53,120.68,120.29,120.42,510
2026-03-24T15:30:00+00:00,120.42,120.74000000000001,120.4,120.65,433
2026-03-24T15:35:00+00:00,120.65,120.97000000000001,120.62,120.65,399
2026-03-24T15:40:00+00:00,120.65,120.77000000000001,120.63000000000001,120.72000000000001,368
2026-03-24T15:45:00+00:00,120.72000000000001,121.04,120.68,121.00000000000001,395
2026-03-24T15:50:00+00:00,121.00000000000001,121.13000000000001,120.85000000000001,120.85000000000001,300
2026-03-24T15:55:00+00:00,120.85000000000001,120.86000000000001,120.36000000000001,120.45,488
2026-03-24T16:00:00+00:00,120.45,120.54,120.31,120.43,455
2026-03-24T16:05:00+00:00,120.43,120.49000000000001,120.15,120.31,299
2026-03-24T16:10:00+00:00,120.31,120.44000000000001,120.2,120.36000000000001,300
2026-03-24T16:15:00+00:00,120.36000000000001,120.65,120.28,120.55000000000001,310
2026-03-24T16:20:00+00:00,120.55000000000001,120.56,120.35000000000001,120.49000000000001,284
2026-03-24T16:25:00+00:00,120.49000000000001,120.55000000000001,120.24000000000001,120.28,231
2026-03-24T16:30:00+00:00,120.28,120.69000000000001,120.25000000000001,120.43,266
2026-03-24T16:35:00+00:00,120.43,120.46000000000001,120.09,120.14000000000001,330
2026-03-24T16:40:00+00:00,120.14000000000001,120.48,120.06,120.48,326
2026-03-24T16:45:00+00:00,120.48,120.53,120.26,120.31,262
2026-03-24T16:50:00+00:00,120.31,120.43,120.24000000000001,120.27000000000001,249
2026-03-24T16:55:00+00:00,120.27000000000001,120.39000000000001,120.14000000000001,120.33000000000001,336
2026-03-24T17:00:00+00:00,120.33000000000001,120.44000000000001,119.9,119.9,335
2026-03-24T17:05:00+00:00,119.9,120.09,119.72000000000001,119.80000000000001,527
2026-03-24T17:10:00+00:00,119.80000000000001,119.87,119.59,119.71000000000001,359
2026-03-24T17:15:00+00:00,119.71000000000001,119.85000000000001,119.64000000000001,119.67,259
2026-03-24T17:20:00+00:00,119.67,119.86000000000001,119.63000000000001,119.77000000000001,244
2026-03-24T17:25:00+00:00,119.77000000000001,119.84,119.64000000000001,119.7,362
2026-03-24T17:30:00+00:00,119.7,119.91000000000001,119.61000000000001,119.68,427
2026-03-24T17:35:00+00:00,119.68,119.83000000000001,119.59,119.78,339
2026-03-24T17:40:00+00:00,119.78,119.88000000000001,119.44000000000001,119.51,364
2026-03-24T17:45:00+00:00,119.51,119.61000000000001,119.45,119.56,334
2026-03-24T17:50:00+00:00,119.56,119.83000000000001,119.46000000000001,119.61000000000001,385
2026-03-24T17:55:00+00:00,119.61000000000001,119.93,119.55000000000001,119.83000000000001,675
2026-03-24T18:00:00+00:00,119.83000000000001,119.99000000000001,119.66000000000001,119.73,385
2026-03-24T18:05:00+00:00,119.73,119.82000000000001,119.65,119.74000000000001,261
2026-03-24T18:10:00+00:00,119.74000000000001,119.84,119.66000000000001,119.82000000000001,155
2026-03-24T18:15:00+00:00,119.82000000000001,119.84,119.68,119.76,394
2026-03-24T18:20:00+00:00,119.76,119.9,119.73,119.85000000000001,391
2026-03-24T18:25:00+00:00,119.85000000000001,120.04,119.80000000000001,119.95,385
2026-03-24T18:30:00+00:00,119.95,120.29,119.9,120.14000000000001,414
2026-03-24T18:35:00+00:00,120.14000000000001,120.60000000000001,120.08000000000001,120.59,369
2026-03-24T18:40:00+00:00,120.59,120.59,119.95,120.17,417
2026-03-24T18:45:00+00:00,120.17,120.30000000000001,120.09,120.21000000000001,222
2026-03-24T18:50:00+00:00,120.21000000000001,120.43,120.21000000000001,120.34,327
2026-03-24T18:55:00+00:00,120.34,120.34,120.07000000000001,120.22000000000001,266
2026-03-24T19:00:00+00:00,120.22000000000001,120.37,120.2,120.27000000000001,246
2026-03-24T19:05:00+00:00,120.27000000000001,120.27000000000001,120.07000000000001,120.19000000000001,332
2026-03-24T19:10:00+00:00,120.19000000000001,120.21000000000001,119.91000000000001,120.01,286
2026-03-24T19:15:00+00:00,120.01,120.01,119.79,119.89000000000001,421
2026-03-24T19:20:00+00:00,119.89000000000001,119.94000000000001,119.80000000000001,119.94000000000001,374
2026-03-24T19:25:00+00:00,119.94000000000001,119.95,119.84,119.86000000000001,290
2026-03-24T19:30:00+00:00,119.86000000000001,120.10000000000001,119.71000000000001,119.92,462
2026-03-24T19:35:00+00:00,119.92,120.00000000000001,119.77000000000001,119.98,347
2026-03-24T19:40:00+00:00,119.98,120.15,119.92,120.08000000000001,400
2026-03-24T19:45:00+00:00,120.08000000000001,120.14000000000001,119.94000000000001,120.05000000000001,405
2026-03-24T19:50:00+00:00,120.05000000000001,120.15,119.86000000000001,120.13000000000001,516
2026-03-24T19:55:00+00:00,120.13000000000001,120.21000000000001,119.96000000000001,120.10000000000001,563
2026-03-25T13:30:00+00:00,120.10000000000001,122.11000000000001,120.10000000000001,121.9,292
2026-03-25T13:35:00+00:00,121.9,122.30000000000001,121.84,122.10000000000001,420
2026-03-25T13:40:00+00:00,122.10000000000001,122.44000000000001,121.94000000000001,122.06,385
2026-03-25T13:45:00+00:00,122.06,122.25000000000001,121.78,121.88000000000001,453
2026-03-25T13:50:00+00:00,121.88000000000001,122.05000000000001,121.35000000000001,121.51,462
2026-03-25T13:55:00+00:00,121.51,121.63000000000001,121.02000000000001,121.06,560
2026-03-25T14:00:00+00:00,121.06,121.55000000000001,120.89000000000001,121.4,524
2026-03-25T14:05:00+00:00,121.4,121.55000000000001,121.19000000000001,121.50000000000001,629
2026-03-25T14:10:00+00:00,121.50000000000001,121.57000000000001,121.33000000000001,121.42,446
2026-03-25T14:15:00+00:00,121.42,121.74000000000001,121.41000000000001,121.47000000000001,385
2026-03-25T14:20:00+00:00,121.47000000000001,121.72000000000001,121.06,121.2,494
2026-03-25T14:25:00+00:00,121.2,121.63000000000001,121.12,121.24000000000001,516
2026-03-25T14:30:00+00:00,121.24000000000001,121.56,121.07000000000001,121.47000000000001,365
2026-03-25T14:35:00+00:00,121.47000000000001,121.58000000000001,120.94000000000001,121.17,433
2026-03-25T14:40:00+00:00,121.17,121.39000000000001,121.10000000000001,121.22000000000001,342
2026-03-25T14:45:00+00:00,121.22000000000001,121.48,121.17,121.47000000000001,395
2026-03-25T14:50:00+00:00,121.47000000000001,121.56,121.30000000000001,121.32000000000001,362
2026-03-25T14:55:00+00:00,121.32000000000001,121.47000000000001,121.24000000000001,121.42,440
2026-03-25T15:00:00+00:00,121.42,121.63000000000001,121.37,121.52000000000001,593
2026-03-25T15:05:00+00:00,121.52000000000001,121.58000000000001,120.35000000000001,120.59,748
2026-03-25T15:10:00+00:00,120.59,120.7,120.36000000000001,120.58000000000001,741
2026-03-25T15:15:00+00:00,120.58000000000001,120.66000000000001,119.87,120.28,867
2026-03-25T15:20:00+00:00,120.28,120.78,120.25000000000001,120.60000000000001,614
2026-03-25T15:25:00+00:00,120.60000000000001,121.03,120.52000000000001,120.99000000000001,526
2026-03-25T15:30:00+00:00,120.99000000000001,121.2,120.9,121.14000000000001,472
2026-03-25T15:35:00+00:00,121.14000000000001,121.21000000000001,120.67,120.69000000000001,591
2026-03-25T15:40:00+00:00,120.69000000000001,120.85000000000001,120.61000000000001,120.76,500
2026-03-25T15:45:00+00:00,120.76,120.91000000000001,120.72000000000001,120.81,431
2026-03-25T15:50:00+00:00,120.81,120.96000000000001,120.74000000000001,120.82000000000001,467
2026-03-25T15:55:00+00:00,120.82000000000001,120.91000000000001,120.54,120.76,604
2026-03-25T16:00:00+00:00,120.76,120.80000000000001,120.54,120.56,490
2026-03-25T16:05:00+00:00,120.56,120.75000000000001,120.48,120.62,419
2026-03-25T16:10:00+00:00,120.62,120.71000000000001,120.47000000000001,120.64000000000001,512
2026-03-25T16:15:00+00:00,120.64000000000001,120.7,120.49000000000001,120.54,484
2026-03-25T16:20:00+00:00,120.54,120.74000000000001,120.49000000000001,120.74000000000001,479
2026-03-25T16:25:00+00:00,120.74000000000001,120.92,120.7,120.80000000000001,606
2026-03-25T16:30:00+00:00,120.80000000000001,121.16000000000001,120.72000000000001,121.07000000000001,460
2026-03-25T16:35:00+00:00,121.07000000000001,121.19000000000001,120.98,121.07000000000001,384
2026-03-25T16:40:00+00:00,121.07000000000001,121.13000000000001,120.95,121.01,385
2026-03-25T16:45:00+00:00,121.01,121.08000000000001,120.85000000000001,120.95,381
2026-03-25T16:50:00+00:00,120.95,121.05000000000001,120.76,121.00000000000001,370
2026-03-25T16:55:00+00:00,121.00000000000001,121.07000000000001,120.9,121.00000000000001,295
2026-03-25T17:00:00+00:00,121.00000000000001,121.15,120.88000000000001,120.99000000000001,415
2026-03-25T17:05:00+00:00,120.99000000000001,121.09,120.93,120.97000000000001,413
2026-03-25T17:10:00+00:00,120.97000000000001,121.10000000000001,120.92,120.97000000000001,396
2026-03-25T17:15:00+00:00,120.97000000000001,121.00000000000001,120.69000000000001,120.74000000000001,330
2026-03-25T17:20:00+00:00,120.74000000000001,120.93,120.74000000000001,120.85000000000001,367
2026-03-25T17:25:00+00:00,120.85000000000001,120.97000000000001,120.77000000000001,120.78,345
2026-03-25T17:30:00+00:00,120.78,120.94000000000001,120.54,120.92,386
2026-03-25T17:35:00+00:00,120.92,121.11000000000001,120.89000000000001,121.02000000000001,278
2026-03-25T17:40:00+00:00,121.02000000000001,121.21000000000001,120.99000000000001,121.05000000000001,442
2026-03-25T17:45:00+00:00,121.05000000000001,121.08000000000001,120.92,121.02000000000001,388
2026-03-25T17:50:00+00:00,121.02000000000001,121.07000000000001,120.73,120.82000000000001,462
2026-03-25T17:55:00+00:00,120.82000000000001,121.17,120.75000000000001,120.92,443
2026-03-25T18:00:00+00:00,120.92,121.05000000000001,120.84,120.96000000000001,398
2026-03-25T18:05:00+00:00,120.96000000000001,121.09,120.9,120.94000000000001,352
2026-03-25T18:10:00+00:00,120.94000000000001,121.07000000000001,120.92,121.04,374
2026-03-25T18:15:00+00:00,121.04,121.25000000000001,121.01,121.09,379
2026-03-25T18:20:00+00:00,121.09,121.14000000000001,121.01,121.08000000000001,256
2026-03-25T18:25:00+00:00,121.08000000000001,121.11000000000001,120.99000000000001,121.00000000000001,208
2026-03-25T18:30:00+00:00,121.00000000000001,121.29,121.00000000000001,121.23,214
2026-03-25T18:35:00+00:00,121.23,121.23,121.04,121.18,241
2026-03-25T18:40:00+00:00,121.18,121.21000000000001,121.04,121.10000000000001,238
2026-03-25T18:45:00+00:00,121.10000000000001,121.16000000000001,121.04,121.13000000000001,216
2026-03-25T18:50:00+00:00,121.13000000000001,121.17,121.06,121.14000000000001,212
2026-03-25T18:55:00+00:00,121.14000000000001,121.16000000000001,120.77000000000001,120.94000000000001,577
2026-03-25T19:00:00+00:00,120.94000000000001,120.94000000000001,120.61000000000001,120.80000000000001,544
2026-03-25T19:05:00+00:00,120.80000000000001,120.91000000000001,120.69000000000001,120.81,278
2026-03-25T19:10:00+00:00,120.81,120.83000000000001,120.69000000000001,120.77000000000001,266
2026-03-25T19:15:00+00:00,120.77000000000001,120.86000000000001,120.72000000000001,120.83000000000001,274
2026-03-25T19:20:00+00:00,120.83000000000001,121.05000000000001,120.79,120.99000000000001,234
2026-03-25T19:25:00+00:00,120.99000000000001,121.05000000000001,120.87,120.98,283
2026-03-25T19:30:00+00:00,120.98,121.13000000000001,120.88000000000001,121.07000000000001,319
2026-03-25T19:35:00+00:00,121.07000000000001,121.12,120.89000000000001,120.99000000000001,445
2026-03-25T19:40:00+00:00,120.99000000000001,121.11000000000001,120.86000000000001,120.88000000000001,412
2026-03-25T19:45:00+00:00,120.88000000000001,120.92,120.77000000000001,120.81,426
2026-03-25T19:50:00+00:00,120.81,120.9,120.7,120.86000000000001,648
2026-03-25T19:55:00+00:00,120.86000000000001,120.95,120.73,120.85000000000001,582
2026-03-26T13:30:00+00:00,120.85000000000001,120.85000000000001,118.93,120.10000000000001,243
2026-03-26T13:35:00+00:00,120.10000000000001,120.52000000000001,120.02000000000001,120.06,382
2026-03-26T13:40:00+00:00,120.06,121.04,120.04,121.00000000000001,399
2026-03-26T13:45:00+00:00,121.00000000000001,121.11000000000001,120.02000000000001,120.06,417
2026-03-26T13:50:00+00:00,120.06,120.56,120.03,120.41000000000001,427
2026-03-26T13:55:00+00:00,120.41000000000001,120.48,120.15,120.39000000000001,438
2026-03-26T14:00:00+00:00,120.39000000000001,120.57000000000001,120.17,120.31,460
2026-03-26T14:05:00+00:00,120.31,120.39000000000001,120.03,120.2,528
2026-03-26T14:10:00+00:00,120.2,120.25000000000001,119.74000000000001,120.07000000000001,690
2026-03-26T14:15:00+00:00,120.07000000000001,120.34,119.93,119.97000000000001,480
2026-03-26T14:20:00+00:00,119.97000000000001,120.12,119.86000000000001,120.01,437
2026-03-26T14:25:00+00:00,120.01,120.14000000000001,119.73,119.78,543
2026-03-26T14:30:00+00:00,119.78,120.14000000000001,119.74000000000001,120.11000000000001,539
2026-03-26T14:35:00+00:00,120.11000000000001,120.15,119.81,119.94000000000001,504
2026-03-26T14:40:00+00:00,119.94000000000001,120.19000000000001,119.63000000000001,119.67,925
2026-03-26T14:45:00+00:00,119.67,119.76,119.43,119.50000000000001,669
2026-03-26T14:50:00+00:00,119.50000000000001,119.60000000000001,118.69000000000001,118.75000000000001,532
2026-03-26T14:55:00+00:00,118.75000000000001,119.21000000000001,118.65,118.98,606
2026-03-26T15:00:00+00:00,118.98,119.09,118.79,119.02000000000001,485
2026-03-26T15:05:00+00:00,119.02000000000001,119.37,118.99000000000001,119.25000000000001,558
2026-03-26T15:10:00+00:00,119.25000000000001,119.46000000000001,119.2,119.23,415
2026-03-26T15:15:00+00:00,119.23,119.39000000000001,119.12,119.34,503
2026-03-26T15:20:00+00:00,119.34,119.45,119.16000000000001,119.24000000000001,512
2026-03-26T15:25:00+00:00,119.24000000000001,119.34,119.11000000000001,119.13000000000001,327
2026-03-26T15:30:00+00:00,119.13000000000001,119.13000000000001,118.74000000000001,118.92,385
2026-03-26T15:35:00+00:00,118.92,119.09,118.89000000000001,118.96000000000001,400
2026-03-26T15:40:00+00:00,118.96000000000001,119.05000000000001,118.85000000000001,118.91000000000001,312
2026-03-26T15:45:00+00:00,118.91000000000001,119.44000000000001,118.91000000000001,119.38000000000001,629
2026-03-26T15:50:00+00:00,119.38000000000001,119.46000000000001,119.29,119.38000000000001,385
2026-03-26T15:55:00+00:00,119.38000000000001,119.4,119.22000000000001,119.4,387
2026-03-26T16:00:00+00:00,119.4,119.53,119.33000000000001,119.47000000000001,422
2026-03-26T16:05:00+00:00,119.47000000000001,119.59,119.39000000000001,119.45,407
2026-03-26T16:10:00+00:00,119.45,119.47000000000001,119.29,119.38000000000001,371
2026-03-26T16:15:00+00:00,119.38000000000001,119.38000000000001,118.93,119.04,536
2026-03-26T16:20:00+00:00,119.04,119.08000000000001,118.73,118.80000000000001,499
2026-03-26T16:25:00+00:00,118.80000000000001,118.81,118.22000000000001,118.30000000000001,559
2026-03-26T16:30:00+00:00,118.30000000000001,118.56,118.28,118.47000000000001,467
2026-03-26T16:35:00+00:00,118.47000000000001,118.75000000000001,118.45,118.62,326
2026-03-26T16:40:00+00:00,118.62,118.79,118.57000000000001,118.71000000000001,326
2026-03-26T16:45:00+00:00,118.71000000000001,118.75000000000001,118.45,118.57000000000001,333
2026-03-26T16:50:00+00:00,118.57000000000001,118.76,118.47000000000001,118.67,345
2026-03-26T16:55:00+00:00,118.67,118.69000000000001,118.45,118.59,307
2026-03-26T17:00:00+00:00,118.59,118.73,118.50000000000001,118.51,345
2026-03-26T17:05:00+00:00,118.51,118.7,118.50000000000001,118.59,258
2026-03-26T17:10:00+00:00,118.59,118.60000000000001,118.37,118.37,265
2026-03-26T17:15:00+00:00,118.37,118.53,118.34,118.50000000000001,215
2026-03-26T17:20:00+00:00,118.50000000000001,118.53,118.24000000000001,118.32000000000001,344
2026-03-26T17:25:00+00:00,118.32000000000001,118.34,117.9,118.09,398
2026-03-26T17:30:00+00:00,118.09,118.36000000000001,118.06,118.34,292
2026-03-26T17:35:00+00:00,118.34,118.55000000000001,118.33000000000001,118.50000000000001,237
2026-03-26T17:40:00+00:00,118.50000000000001,118.53,118.38000000000001,118.4,250
2026-03-26T17:45:00+00:00,118.4,118.43,118.31,118.43,287
2026-03-26T17:50:00+00:00,118.43,118.43,118.21000000000001,118.24000000000001,311
2026-03-26T17:55:00+00:00,118.24000000000001,118.27000000000001,118.09,118.2,319
2026-03-26T18:00:00+00:00,118.2,118.44000000000001,118.16000000000001,118.35000000000001,406
2026-03-26T18:05:00+00:00,118.35000000000001,118.57000000000001,118.31,118.56,217
2026-03-26T18:10:00+00:00,118.56,118.57000000000001,118.4,118.42,274
2026-03-26T18:15:00+00:00,118.42,118.46000000000001,118.30000000000001,118.33000000000001,271
2026-03-26T18:20:00+00:00,118.33000000000001,118.56,118.29,118.55000000000001,241
2026-03-26T18:25:00+00:00,118.55000000000001,118.65,118.46000000000001,118.51,351
2026-03-26T18:30:00+00:00,118.51,118.77000000000001,118.51,118.73,211
2026-03-26T18:35:00+00:00,118.73,118.95,118.7,118.88000000000001,216
2026-03-26T18:40:00+00:00,118.88000000000001,118.98,118.78,118.92,258
2026-03-26T18:45:00+00:00,118.92,119.03,118.82000000000001,119.00000000000001,246
2026-03-26T18:50:00+00:00,119.00000000000001,119.02000000000001,118.86000000000001,118.98,212
2026-03-26T18:55:00+00:00,118.98,119.03,118.87,118.92,193
2026-03-26T19:00:00+00:00,118.92,118.97000000000001,118.67,118.77000000000001,355
2026-03-26T19:05:00+00:00,118.77000000000001,118.79,118.60000000000001,118.69000000000001,373
2026-03-26T19:10:00+00:00,118.69000000000001,118.72000000000001,118.55000000000001,118.71000000000001,294
2026-03-26T19:15:00+00:00,118.71000000000001,118.78,118.65,118.65,216
2026-03-26T19:20:00+00:00,118.65,118.76,118.53,118.63000000000001,297
2026-03-26T19:25:00+00:00,118.63000000000001,118.67,118.53,118.62,260
2026-03-26T19:30:00+00:00,118.62,118.74000000000001,118.45,118.71000000000001,422
2026-03-26T19:35:00+00:00,118.71000000000001,118.91000000000001,118.68,118.88000000000001,312
2026-03-26T19:40:00+00:00,118.88000000000001,119.02000000000001,118.73,118.77000000000001,340
2026-03-26T19:45:00+00:00,118.77000000000001,118.84,118.7,118.76,342
2026-03-26T19:50:00+00:00,118.76,118.93,118.71000000000001,118.77000000000001,451
2026-03-26T19:55:00+00:00,118.77000000000001,118.78,118.42,118.71000000000001,578
2026-03-27T13:30:00+00:00,118.71000000000001,118.71000000000001,116.34,116.42,171
2026-03-27T13:35:00+00:00,116.42,116.91000000000001,115.82000000000001,116.9,460
2026-03-27T13:40:00+00:00,116.9,117.24000000000001,116.75000000000001,117.17,424
2026-03-27T13:45:00+00:00,117.17,118.18,117.17,117.97000000000001,509
2026-03-27T13:50:00+00:00,117.97000000000001,118.05000000000001,117.15,117.22000000000001,398
2026-03-27T13:55:00+00:00,117.22000000000001,117.32000000000001,116.45,116.74000000000001,397
2026-03-27T14:00:00+00:00,116.74000000000001,117.06,116.48,116.86000000000001,403
2026-03-27T14:05:00+00:00,116.86000000000001,116.99000000000001,115.59,115.91000000000001,622
2026-03-27T14:10:00+00:00,115.91000000000001,116.64000000000001,115.91000000000001,116.55000000000001,506
2026-03-27T14:15:00+00:00,116.55000000000001,117.13000000000001,116.50000000000001,116.81,405
2026-03-27T14:20:00+00:00,116.81,116.97000000000001,116.65,116.87,385
2026-03-27T14:25:00+00:00,116.87,117.04,116.7,116.76,345
2026-03-27T14:30:00+00:00,116.76,117.06,116.64000000000001,116.95,358
2026-03-27T14:35:00+00:00,116.95,117.19000000000001,116.89000000000001,117.08000000000001,374
2026-03-27T14:40:00+00:00,117.08000000000001,117.2,116.88000000000001,116.92,310
2026-03-27T14:45:00+00:00,116.92,117.10000000000001,116.46000000000001,117.08000000000001,433
2026-03-27T14:50:00+00:00,117.08000000000001,117.27000000000001,116.99000000000001,117.02000000000001,401
2026-03-27T14:55:00+00:00,117.02000000000001,117.21000000000001,116.95,116.99000000000001,311
2026-03-27T15:00:00+00:00,116.99000000000001,117.29,116.78,117.24000000000001,372
2026-03-27T15:05:00+00:00,117.24000000000001,117.48,117.04,117.04,515
2026-03-27T15:10:00+00:00,117.04,117.11000000000001,116.84,116.96000000000001,353
2026-03-27T15:15:00+00:00,116.96000000000001,117.06,116.84,116.88000000000001,353
2026-03-27T15:20:00+00:00,116.88000000000001,117.47000000000001,116.77000000000001,116.96000000000001,521
2026-03-27T15:25:00+00:00,116.96000000000001,117.27000000000001,116.93,117.21000000000001,369
2026-03-27T15:30:00+00:00,117.21000000000001,117.54,117.14000000000001,117.54,375
2026-03-27T15:35:00+00:00,117.54,117.67,117.43,117.55000000000001,409
2026-03-27T15:40:00+00:00,117.55000000000001,117.58000000000001,117.32000000000001,117.46000000000001,319
2026-03-27T15:45:00+00:00,117.46000000000001,117.52000000000001,117.34,117.48,269
2026-03-27T15:50:00+00:00,117.48,117.55000000000001,117.31,117.37,292
2026-03-27T15:55:00+00:00,117.37,117.45,114.85000000000001,115.64000000000001,735
2026-03-27T16:00:00+00:00,115.64000000000001,115.84,113.67,114.35000000000001,759
2026-03-27T16:05:00+00:00,114.35000000000001,114.68,113.36000000000001,113.91000000000001,523
2026-03-27T16:10:00+00:00,113.91000000000001,114.98,113.9,114.85000000000001,396
2026-03-27T16:15:00+00:00,114.85000000000001,115.25000000000001,113.83000000000001,114.05000000000001,596
2026-03-27T16:20:00+00:00,114.05000000000001,114.78,113.97000000000001,114.37,446
2026-03-27T16:25:00+00:00,114.37,114.84,114.19000000000001,114.61000000000001,354
2026-03-27T16:30:00+00:00,114.61000000000001,114.66000000000001,114.35000000000001,114.49000000000001,288
2026-03-27T16:35:00+00:00,114.49000000000001,114.84,114.24000000000001,114.48,436
2026-03-27T16:40:00+00:00,114.48,115.23,114.36000000000001,114.98,443
2026-03-27T16:45:00+00:00,114.98,115.36000000000001,114.85000000000001,115.22000000000001,369
2026-03-27T16:50:00+00:00,115.22000000000001,115.25000000000001,114.94000000000001,115.05000000000001,332
2026-03-27T16:55:00+00:00,115.05000000000001,115.17,114.95,115.06,494
2026-03-27T17:00:00+00:00,115.06,115.22000000000001,114.9,115.11000000000001,338
2026-03-27T17:05:00+00:00,115.11000000000001,115.46000000000001,114.9,115.35000000000001,647
2026-03-27T17:10:00+00:00,115.35000000000001,115.37,114.91000000000001,115.10000000000001,538
2026-03-27T17:15:00+00:00,115.10000000000001,115.30000000000001,114.95,115.09,399
2026-03-27T17:20:00+00:00,115.09,115.09,114.67,114.81,438
2026-03-27T17:25:00+00:00,114.81,114.81,114.31,114.33000000000001,535
2026-03-27T17:30:00+00:00,114.33000000000001,114.63000000000001,114.28000000000002,114.41000000000001,453.6692635874606
2026-03-27T17:35:00+00:00,114.41000000000001,114.54,114.23000000000002,114.39000000000001,500
2026-03-27T17:40:00+00:00,114.39000000000001,114.44000000000001,114.13000000000001,114.25000000000001,521
2026-03-27T17:45:00+00:00,114.25000000000001,114.44000000000001,114.10000000000001,114.17000000000002,572
2026-03-27T17:50:00+00:00,114.17000000000002,114.27000000000001,113.98000000000002,114.24000000000001,339
2026-03-27T17:55:00+00:00,114.24000000000001,114.29,114.06000000000002,114.15000000000002,391
2026-03-27T18:00:00+00:00,114.15000000000002,114.19000000000001,113.86000000000001,113.87000000000002,405
2026-03-27T18:05:00+00:00,113.87000000000002,114.00000000000001,113.64000000000001,113.83000000000001,327
2026-03-27T18:10:00+00:00,113.83000000000001,114.01000000000002,113.79,113.89000000000001,306
2026-03-27T18:15:00+00:00,113.89000000000001,114.15000000000002,113.82000000000001,114.14000000000001,371
2026-03-27T18:20:00+00:00,114.14000000000001,114.33000000000001,113.95000000000002,114.02000000000001,382
2026-03-27T18:25:00+00:00,114.02000000000001,114.14000000000001,113.95000000000002,114.01000000000002,327
2026-03-27T18:30:00+00:00,114.01000000000002,114.42000000000002,113.96000000000001,114.32000000000001,337
2026-03-27T18:35:00+00:00,114.32000000000001,114.56000000000002,114.27000000000001,114.49000000000001,308
2026-03-27T18:40:00+00:00,114.49000000000001,114.66000000000001,114.34000000000002,114.34000000000002,414
2026-03-27T18:45:00+00:00,114.34000000000002,114.55000000000001,114.29,114.42000000000002,316
2026-03-27T18:50:00+00:00,114.42000000000002,114.50000000000001,114.26000000000002,114.33000000000001,250
2026-03-27T18:55:00+00:00,114.33000000000001,114.44000000000001,114.22000000000001,114.42000000000002,246
2026-03-27T19:00:00+00:00,114.42000000000002,114.57000000000001,114.06000000000002,114.18,399
2026-03-27T19:05:00+00:00,114.18,114.24000000000001,113.88000000000001,113.91000000000001,291
2026-03-27T19:10:00+00:00,113.91000000000001,114.08000000000001,113.85000000000001,114.05000000000001,394
2026-03-27T19:15:00+00:00,114.05000000000001,114.23000000000002,113.96000000000001,114.11000000000001,316
2026-03-27T19:20:00+00:00,114.11000000000001,114.25000000000001,114.04,114.07000000000001,277
2026-03-27T19:25:00+00:00,114.07000000000001,114.09000000000002,113.73000000000002,113.80000000000001,501
2026-03-27T19:30:00+00:00,113.80000000000001,113.99000000000001,113.77000000000001,113.98000000000002,366
2026-03-27T19:35:00+00:00,113.98000000000002,114.01000000000002,113.68,113.70000000000002,374
2026-03-27T19:40:00+00:00,113.70000000000002,113.76000000000002,113.58000000000001,113.68,518
2026-03-27T19:45:00+00:00,113.68,113.70000000000002,113.40000000000002,113.40000000000002,500
2026-03-27T19:50:00+00:00,113.40000000000002,113.64000000000001,113.30000000000001,113.47000000000001,627
2026-03-27T19:55:00+00:00,113.47000000000001,113.80000000000001,113.47000000000001,113.69000000000001,762
2026-03-30T13:30:00+00:00,113.69000000000001,115.72000000000001,113.69000000000001,115.15000000000002,319
2026-03-30T13:35:00+00:00,115.15000000000002,115.16000000000001,114.47000000000001,114.47000000000001,385
2026-03-30T13:40:00+00:00,114.47000000000001,114.54,114.04,114.48000000000002,339
2026-03-30T13:45:00+00:00,114.48000000000002,114.70000000000002,113.73000000000002,113.91000000000001,418
2026-03-30T13:50:00+00:00,113.91000000000001,114.73000000000002,113.88000000000001,114.15000000000002,427
2026-03-30T13:55:00+00:00,114.15000000000002,114.24000000000001,113.68,114.12000000000002,462
2026-03-30T14:00:00+00:00,114.12000000000002,114.66000000000001,114.01000000000002,114.38000000000001,542
2026-03-30T14:05:00+00:00,114.38000000000001,114.47000000000001,114.08000000000001,114.24000000000001,506
2026-03-30T14:10:00+00:00,114.24000000000001,114.38000000000001,114.07000000000001,114.30000000000001,478
2026-03-30T14:15:00+00:00,114.30000000000001,114.36000000000001,113.89000000000001,114.23000000000002,399
2026-03-30T14:20:00+00:00,114.23000000000002,114.64000000000001,114.22000000000001,114.50000000000001,398
2026-03-30T14:25:00+00:00,114.50000000000001,114.63000000000001,114.43,114.53000000000002,364
2026-03-30T14:30:00+00:00,114.53000000000002,114.72000000000001,114.32000000000001,114.36000000000001,521
2026-03-30T14:35:00+00:00,114.36000000000001,114.70000000000002,114.24000000000001,114.54,390
2026-03-30T14:40:00+00:00,114.54,114.59000000000002,113.75000000000001,113.85000000000001,477
2026-03-30T14:45:00+00:00,113.85000000000001,114.31000000000002,113.46000000000001,114.10000000000001,716
2026-03-30T14:50:00+00:00,114.10000000000001,114.29,114.03000000000002,114.14000000000001,494
2026-03-30T14:55:00+00:00,114.14000000000001,114.80000000000001,114.07000000000001,114.77000000000001,475
2026-03-30T15:00:00+00:00,114.77000000000001,115.17000000000002,114.74000000000001,115.05000000000001,568
2026-03-30T15:05:00+00:00,115.05000000000001,115.15000000000002,114.69000000000001,114.90000000000002,633
2026-03-30T15:10:00+00:00,114.90000000000002,115.07000000000001,114.85000000000001,114.92000000000002,584
2026-03-30T15:15:00+00:00,114.92000000000002,115.18,114.76000000000002,115.12000000000002,674
2026-03-30T15:20:00+00:00,115.12000000000002,115.27000000000001,115.06000000000002,115.27000000000001,570
2026-03-30T15:25:00+00:00,115.27000000000001,115.34000000000002,115.14000000000001,115.14000000000001,531
2026-03-30T15:30:00+00:00,115.14000000000001,115.50000000000001,115.00000000000001,115.41000000000001,710
2026-03-30T15:35:00+00:00,115.41000000000001,115.60000000000001,115.22000000000001,115.29,619
2026-03-30T15:40:00+00:00,115.29,115.48000000000002,115.26000000000002,115.35000000000001,509
2026-03-30T15:45:00+00:00,115.35000000000001,115.41000000000001,115.26000000000002,115.28000000000002,519
2026-03-30T15:50:00+00:00,115.28000000000002,115.49000000000001,115.26000000000002,115.37000000000002,425
2026-03-30T15:55:00+00:00,115.37000000000002,115.41000000000001,115.14000000000001,115.24000000000001,435
2026-03-30T16:00:00+00:00,115.24000000000001,115.27000000000001,114.86000000000001,114.96000000000001,477
2026-03-30T16:05:00+00:00,114.96000000000001,115.06000000000002,114.79,114.82000000000001,457
2026-03-30T16:10:00+00:00,114.82000000000001,114.99000000000001,114.77000000000001,114.96000000000001,387
2026-03-30T16:15:00+00:00,114.96000000000001,114.97000000000001,114.78000000000002,114.90000000000002,400
2026-03-30T16:20:00+00:00,114.90000000000002,115.03000000000002,114.84000000000002,114.88000000000001,495
2026-03-30T16:25:00+00:00,114.88000000000001,114.93,114.81000000000002,114.89000000000001,336
2026-03-30T16:30:00+00:00,114.89000000000001,114.99000000000001,114.82000000000001,114.88000000000001,478
2026-03-30T16:35:00+00:00,114.88000000000001,114.92000000000002,114.65000000000002,114.66000000000001,349
2026-03-30T16:40:00+00:00,114.66000000000001,114.69000000000001,114.51000000000002,114.60000000000001,351
2026-03-30T16:45:00+00:00,114.60000000000001,114.64000000000001,114.47000000000001,114.50000000000001,351
2026-03-30T16:50:00+00:00,114.50000000000001,114.60000000000001,114.43,114.47000000000001,427
2026-03-30T16:55:00+00:00,114.47000000000001,114.61000000000001,114.47000000000001,114.49000000000001,457
2026-03-30T17:00:00+00:00,114.49000000000001,114.61000000000001,114.33000000000001,114.35000000000001,477
2026-03-30T17:05:00+00:00,114.35000000000001,114.47000000000001,114.28000000000002,114.44000000000001,334
2026-03-30T17:10:00+00:00,114.44000000000001,114.47000000000001,114.29,114.33000000000001,416
2026-03-30T17:15:00+00:00,114.33000000000001,114.41000000000001,114.16000000000001,114.21000000000001,530
2026-03-30T17:20:00+00:00,114.21000000000001,114.24000000000001,113.75000000000001,114.00000000000001,400
2026-03-30T17:25:00+00:00,114.00000000000001,114.17000000000002,113.97000000000001,114.03000000000002,436
2026-03-30T17:30:00+00:00,114.03000000000002,114.14000000000001,113.86000000000001,113.88000000000001,465
2026-03-30T17:35:00+00:00,113.88000000000001,113.95000000000002,113.71000000000001,113.86000000000001,549
2026-03-30T17:40:00+00:00,113.86000000000001,114.11000000000001,113.83000000000001,114.08000000000001,422
2026-03-30T17:45:00+00:00,114.08000000000001,114.12000000000002,113.83000000000001,113.97000000000001,553
2026-03-30T17:50:00+00:00,113.97000000000001,114.01000000000002,113.82000000000001,113.88000000000001,405
2026-03-30T17:55:00+00:00,113.88000000000001,114.06000000000002,113.86000000000001,113.98000000000002,300
2026-03-30T18:00:00+00:00,113.98000000000002,114.11000000000001,113.90000000000002,113.91000000000001,372
2026-03-30T18:05:00+00:00,113.91000000000001,113.96000000000001,113.76000000000002,113.83000000000001,346
2026-03-30T18:10:00+00:00,113.83000000000001,114.06000000000002,113.77000000000001,114.03000000000002,368
2026-03-30T18:15:00+00:00,114.03000000000002,114.06000000000002,113.85000000000001,113.96000000000001,310
2026-03-30T18:20:00+00:00,113.96000000000001,113.99000000000001,113.72000000000001,113.79,353
2026-03-30T18:25:00+00:00,113.79,113.89000000000001,113.65000000000002,113.68,373
2026-03-30T18:30:00+00:00,113.68,113.80000000000001,113.49000000000001,113.76000000000002,350
2026-03-30T18:35:00+00:00,113.76000000000002,113.93,113.73000000000002,113.75000000000001,307
2026-03-30T18:40:00+00:00,113.75000000000001,113.85000000000001,113.73000000000002,113.75000000000001,260
2026-03-30T18:45:00+00:00,113.75000000000001,113.83000000000001,113.67000000000002,113.70000000000002,403
2026-03-30T18:50:00+00:00,113.70000000000002,113.77000000000001,113.58000000000001,113.74000000000001,382
2026-03-30T18:55:00+00:00,113.74000000000001,113.86000000000001,113.60000000000001,113.74000000000001,354
2026-03-30T19:00:00+00:00,113.74000000000001,113.79,113.45000000000002,113.47000000000001,409
2026-03-30T19:05:00+00:00,113.47000000000001,113.53000000000002,113.11000000000001,113.13000000000001,383
2026-03-30T19:10:00+00:00,113.13000000000001,113.17000000000002,112.88000000000001,113.00000000000001,336
2026-03-30T19:15:00+00:00,113.00000000000001,113.20000000000002,112.95000000000002,113.18,307
2026-03-30T19:20:00+00:00,113.18,113.27000000000001,113.07000000000001,113.07000000000001,229
2026-03-30T19:25:00+00:00,113.07000000000001,113.11000000000001,112.89000000000001,113.04,390
2026-03-30T19:30:00+00:00,113.04,113.23000000000002,112.87000000000002,113.08000000000001,480
2026-03-30T19:35:00+00:00,113.08000000000001,113.25000000000001,113.05000000000001,113.10000000000001,431
2026-03-30T19:40:00+00:00,113.10000000000001,113.37000000000002,113.10000000000001,113.30000000000001,423
2026-03-30T19:45:00+00:00,113.30000000000001,113.40000000000002,113.21000000000001,113.22000000000001,516
2026-03-30T19:50:00+00:00,113.22000000000001,113.45000000000002,113.13000000000001,113.45000000000002,575
2026-03-30T19:55:00+00:00,113.45000000000002,113.67000000000002,113.35000000000001,113.62000000000002,677
2026-03-31T13:30:00+00:00,113.62000000000002,116.03000000000002,113.62000000000002,115.90000000000002,315
2026-03-31T13:35:00+00:00,115.90000000000002,116.52000000000001,115.55000000000001,116.36000000000001,708
2026-03-31T13:40:00+00:00,116.36000000000001,116.59000000000002,115.99000000000001,116.20000000000002,588
2026-03-31T13:45:00+00:00,116.20000000000002,116.90000000000002,116.18,116.77000000000001,633
2026-03-31T13:50:00+00:00,116.77000000000001,117.54,116.68,117.54,815
2026-03-31T13:55:00+00:00,117.54,117.82000000000001,117.35000000000001,117.80000000000001,479
2026-03-31T14:00:00+00:00,117.80000000000001,118.17000000000002,117.45000000000002,118.09000000000002,638
2026-03-31T14:05:00+00:00,118.09000000000002,118.16000000000001,117.09000000000002,117.16000000000001,732
2026-03-31T14:10:00+00:00,117.16000000000001,117.47000000000001,116.78000000000002,117.03000000000002,507
2026-03-31T14:15:00+00:00,117.03000000000002,117.37000000000002,116.78000000000002,117.14000000000001,563
2026-03-31T14:20:00+00:00,117.14000000000001,117.15000000000002,116.48000000000002,116.91000000000001,664
2026-03-31T14:25:00+00:00,116.91000000000001,117.30000000000001,116.78000000000002,117.28000000000002,402
2026-03-31T14:30:00+00:00,117.28000000000002,117.50000000000001,116.93,116.95000000000002,573
2026-03-31T14:35:00+00:00,116.95000000000002,117.00000000000001,116.45000000000002,116.58000000000001,730
2026-03-31T14:40:00+00:00,116.58000000000001,116.80000000000001,116.16000000000001,116.31000000000002,659
2026-03-31T14:45:00+00:00,116.31000000000002,116.35000000000001,116.08000000000001,116.20000000000002,541
2026-03-31T14:50:00+00:00,116.20000000000002,116.38000000000001,116.08000000000001,116.25000000000001,476
2026-03-31T14:55:00+00:00,116.25000000000001,116.34000000000002,116.05000000000001,116.32000000000001,443
2026-03-31T15:00:00+00:00,116.32000000000001,116.89000000000001,116.25000000000001,116.87000000000002,686
2026-03-31T15:05:00+00:00,116.87000000000002,117.33000000000001,116.82000000000001,116.88000000000001,537
2026-03-31T15:10:00+00:00,116.88000000000001,117.03000000000002,116.78000000000002,116.94000000000001,558
2026-03-31T15:15:00+00:00,116.94000000000001,117.13000000000001,116.90000000000002,117.03000000000002,403
2026-03-31T15:20:00+00:00,117.03000000000002,117.05000000000001,116.75000000000001,117.02000000000001,469
2026-03-31T15:25:00+00:00,117.02000000000001,117.13000000000001,116.62000000000002,116.74000000000001,459
2026-03-31T15:30:00+00:00,116.74000000000001,117.10000000000001,116.63000000000001,117.04,454
2026-03-31T15:35:00+00:00,117.04,117.17000000000002,116.85000000000001,116.92000000000002,367
2026-03-31T15:40:00+00:00,116.92000000000002,117.06000000000002,116.72000000000001,116.83000000000001,468
2026-03-31T15:45:00+00:00,116.83000000000001,116.94000000000001,116.74000000000001,116.84000000000002,368
2026-03-31T15:50:00+00:00,116.84000000000002,117.01000000000002,116.73000000000002,116.80000000000001,532
2026-03-31T15:55:00+00:00,116.80000000000001,116.88000000000001,116.57000000000001,116.67000000000002,397
2026-03-31T16:00:00+00:00,116.67000000000002,117.02000000000001,116.57000000000001,116.86000000000001,513
2026-03-31T16:05:00+00:00,116.86000000000001,117.00000000000001,116.80000000000001,116.92000000000002,312
2026-03-31T16:10:00+00:00,116.92000000000002,116.92000000000002,116.53000000000002,116.76000000000002,507
2026-03-31T16:15:00+00:00,116.76000000000002,116.91000000000001,116.73000000000002,116.80000000000001,522
2026-03-31T16:20:00+00:00,116.80000000000001,117.21000000000001,116.77000000000001,117.21000000000001,437
2026-03-31T16:25:00+00:00,117.21000000000001,117.30000000000001,117.11000000000001,117.15000000000002,448
2026-03-31T16:30:00+00:00,117.15000000000002,117.26000000000002,117.02000000000001,117.13000000000001,379
2026-03-31T16:35:00+00:00,117.13000000000001,117.62000000000002,117.01000000000002,117.57000000000001,639
2026-03-31T16:40:00+00:00,117.57000000000001,119.03000000000002,117.56000000000002,118.50000000000001,1427
2026-03-31T16:45:00+00:00,118.50000000000001,118.59000000000002,117.78000000000002,118.25000000000001,481
2026-03-31T16:50:00+00:00,118.25000000000001,118.69000000000001,117.90000000000002,118.18,582
2026-03-31T16:55:00+00:00,118.18,118.50000000000001,117.88000000000001,118.42000000000002,393
2026-03-31T17:00:00+00:00,118.42000000000002,119.02000000000001,118.37000000000002,118.68,464
2026-03-31T17:05:00+00:00,118.68,118.74000000000001,118.36000000000001,118.45000000000002,512
2026-03-31T17:10:00+00:00,118.45000000000002,118.78000000000002,118.36000000000001,118.71000000000001,496
2026-03-31T17:15:00+00:00,118.71000000000001,119.01000000000002,118.71000000000001,118.98000000000002,436
2026-03-31T17:20:00+00:00,118.98000000000002,118.99000000000001,118.76000000000002,118.87000000000002,325
2026-03-31T17:25:00+00:00,118.87000000000002,118.87000000000002,118.57000000000001,118.72000000000001,457
2026-03-31T17:30:00+00:00,118.72000000000001,119.29,118.72000000000001,119.21000000000001,479
2026-03-31T17:35:00+00:00,119.21000000000001,119.28000000000002,118.75000000000001,118.89000000000001,531
2026-03-31T17:40:00+00:00,118.89000000000001,119.00000000000001,118.37000000000002,118.73000000000002,419
2026-03-31T17:45:00+00:00,118.73000000000002,118.98000000000002,118.70000000000002,118.88000000000001,456
2026-03-31T17:50:00+00:00,118.88000000000001,119.05000000000001,118.82000000000001,119.04,352
2026-03-31T17:55:00+00:00,119.04,119.06000000000002,118.70000000000002,118.82000000000001,484
2026-03-31T18:00:00+00:00,118.82000000000001,119.08000000000001,118.78000000000002,118.94000000000001,494
2026-03-31T18:05:00+00:00,118.94000000000001,119.38000000000001,118.94000000000001,119.32000000000001,443
2026-03-31T18:10:00+00:00,119.32000000000001,119.34000000000002,119.10000000000001,119.33000000000001,403
2026-03-31T18:15:00+00:00,119.33000000000001,119.47000000000001,119.29,119.45000000000002,421
2026-03-31T18:20:00+00:00,119.45000000000002,119.48000000000002,119.21000000000001,119.27000000000001,381
2026-03-31T18:25:00+00:00,119.27000000000001,119.54,119.19000000000001,119.37000000000002,510
2026-03-31T18:30:00+00:00,119.37000000000002,119.54,119.34000000000002,119.48000000000002,395
2026-03-31T18:35:00+00:00,119.48000000000002,119.73000000000002,119.42000000000002,119.67000000000002,288
2026-03-31T18:40:00+00:00,119.67000000000002,119.67000000000002,119.24000000000001,119.47000000000001,433
2026-03-31T18:45:00+00:00,119.47000000000001,119.61000000000001,119.39000000000001,119.56000000000002,395
2026-03-31T18:50:00+00:00,119.56000000000002,119.87000000000002,119.55000000000001,119.83000000000001,389
2026-03-31T18:55:00+00:00,119.83000000000001,119.90000000000002,119.72000000000001,119.85000000000001,342
2026-03-31T19:00:00+00:00,119.85000000000001,120.03000000000002,119.82000000000001,119.85000000000001,262
2026-03-31T19:05:00+00:00,119.85000000000001,119.85000000000001,119.45000000000002,119.45000000000002,328
2026-03-31T19:10:00+00:00,119.45000000000002,119.70000000000002,119.45000000000002,119.59000000000002,351
2026-03-31T19:15:00+00:00,119.59000000000002,119.73000000000002,119.59000000000002,119.61000000000001,381
2026-03-31T19:20:00+00:00,119.61000000000001,119.68,119.47000000000001,119.58000000000001,384
2026-03-31T19:25:00+00:00,119.58000000000001,119.72000000000001,119.21000000000001,119.23000000000002,390
2026-03-31T19:30:00+00:00,119.23000000000002,119.78000000000002,119.22000000000001,119.65000000000002,481
2026-03-31T19:35:00+00:00,119.65000000000002,119.81000000000002,119.62000000000002,119.75000000000001,422
2026-03-31T19:40:00+00:00,119.75000000000001,119.78000000000002,119.46000000000001,119.64000000000001,527
2026-03-31T19:45:00+00:00,119.64000000000001,120.00000000000001,119.61000000000001,119.98000000000002,443
2026-03-31T19:50:00+00:00,119.98000000000002,120.11000000000001,119.56000000000002,119.65000000000002,669
2026-03-31T19:55:00+00:00,119.65000000000002,119.88000000000001,119.47000000000001,119.78000000000002,910
2026-04-01T13:30:00+00:00,119.78000000000002,122.94000000000001,119.78000000000002,122.11000000000001,356
2026-04-01T13:35:00+00:00,122.11000000000001,122.42000000000002,121.85000000000001,121.86000000000001,329
2026-04-01T13:40:00+00:00,121.86000000000001,122.20000000000002,121.36000000000001,121.54,413
2026-04-01T13:45:00+00:00,121.54,121.81000000000002,120.67000000000002,120.98000000000002,436
2026-04-01T13:50:00+00:00,120.98000000000002,121.91000000000001,120.97000000000001,121.77000000000001,304
2026-04-01T13:55:00+00:00,121.77000000000001,122.22000000000001,121.62000000000002,122.14000000000001,355
2026-04-01T14:00:00+00:00,122.14000000000001,122.62000000000002,121.99000000000001,122.39000000000001,341
2026-04-01T14:05:00+00:00,122.39000000000001,122.47000000000001,122.00000000000001,122.26000000000002,324
2026-04-01T14:10:00+00:00,122.26000000000002,122.37000000000002,121.96000000000001,122.25000000000001,322
2026-04-01T14:15:00+00:00,122.25000000000001,122.43,121.98000000000002,121.98000000000002,308
2026-04-01T14:20:00+00:00,121.98000000000002,122.18,120.84000000000002,121.14000000000001,457
2026-04-01T14:25:00+00:00,121.14000000000001,121.31000000000002,120.47000000000001,121.14000000000001,349
2026-04-01T14:30:00+00:00,121.14000000000001,121.40000000000002,121.10000000000001,121.21000000000001,321
2026-04-01T14:35:00+00:00,121.21000000000001,121.37000000000002,120.41000000000001,121.03000000000002,323
2026-04-01T14:40:00+00:00,121.03000000000002,121.59000000000002,120.83000000000001,121.46000000000001,243
2026-04-01T14:45:00+00:00,121.46000000000001,121.64000000000001,121.29,121.58000000000001,210
2026-04-01T14:50:00+00:00,121.58000000000001,122.14000000000001,121.48000000000002,122.02000000000001,185
2026-04-01T14:55:00+00:00,122.02000000000001,122.06000000000002,121.89000000000001,121.96000000000001,206
2026-04-01T15:00:00+00:00,121.96000000000001,122.08000000000001,121.83000000000001,121.84000000000002,226
2026-04-01T15:05:00+00:00,121.84000000000002,122.17000000000002,121.72000000000001,121.98000000000002,219
2026-04-01T15:10:00+00:00,121.98000000000002,122.14000000000001,121.91000000000001,121.92000000000002,169
2026-04-01T15:15:00+00:00,121.92000000000002,122.16000000000001,121.91000000000001,122.12000000000002,159
2026-04-01T15:20:00+00:00,122.12000000000002,122.18,121.79,121.91000000000001,177
2026-04-01T15:25:00+00:00,121.91000000000001,122.00000000000001,121.83000000000001,121.94000000000001,189
2026-04-01T15:30:00+00:00,121.94000000000001,122.03000000000002,121.80000000000001,121.98000000000002,268
2026-04-01T15:35:00+00:00,121.98000000000002,122.42000000000002,121.97000000000001,122.32000000000001,239
2026-04-01T15:40:00+00:00,122.32000000000001,122.32000000000001,122.15000000000002,122.20000000000002,221
2026-04-01T15:45:00+00:00,122.20000000000002,122.28000000000002,122.02000000000001,122.06000000000002,214
2026-04-01T15:50:00+00:00,122.06000000000002,122.31000000000002,122.03000000000002,122.22000000000001,179
2026-04-01T15:55:00+00:00,122.22000000000001,122.38000000000001,122.21000000000001,122.29,226
2026-04-01T16:00:00+00:00,122.29,122.46000000000001,122.26000000000002,122.29,266
2026-04-01T16:05:00+00:00,122.29,122.44000000000001,122.15000000000002,122.33000000000001,230
2026-04-01T16:10:00+00:00,122.33000000000001,122.44000000000001,122.17000000000002,122.21000000000001,294
2026-04-01T16:15:00+00:00,122.21000000000001,122.31000000000002,122.03000000000002,122.08000000000001,213
2026-04-01T16:20:00+00:00,122.08000000000001,122.12000000000002,121.93,122.00000000000001,195
2026-04-01T16:25:00+00:00,122.00000000000001,122.09000000000002,121.96000000000001,122.01000000000002,268
2026-04-01T16:30:00+00:00,122.01000000000002,122.08000000000001,121.85000000000001,122.04,198
2026-04-01T16:35:00+00:00,122.04,122.22000000000001,122.04,122.06000000000002,238
2026-04-01T16:40:00+00:00,122.06000000000002,122.12000000000002,121.89000000000001,121.95000000000002,179
2026-04-01T16:45:00+00:00,121.95000000000002,122.09000000000002,121.89000000000001,122.02000000000001,184
2026-04-01T16:50:00+00:00,122.02000000000001,122.08000000000001,121.95000000000002,122.02000000000001,149
2026-04-01T16:55:00+00:00,122.02000000000001,122.14000000000001,121.93,122.14000000000001,187
2026-04-01T17:00:00+00:00,122.14000000000001,122.14000000000001,121.97000000000001,122.04,300
2026-04-01T17:05:00+00:00,122.04,122.10000000000001,121.91000000000001,121.91000000000001,260
2026-04-01T17:10:00+00:00,121.91000000000001,122.09000000000002,121.91000000000001,121.95000000000002,170
2026-04-01T17:15:00+00:00,121.95000000000002,121.98000000000002,121.85000000000001,121.96000000000001,163
2026-04-01T17:20:00+00:00,121.96000000000001,122.03000000000002,121.85000000000001,121.91000000000001,160
2026-04-01T17:25:00+00:00,121.91000000000001,122.02000000000001,121.87000000000002,121.95000000000002,158
2026-04-01T17:30:00+00:00,121.95000000000002,122.04,121.86000000000001,121.93,194
2026-04-01T17:35:00+00:00,121.93,122.03,121.86,121.97,188.84088964927287
2026-04-01T17:40:00+00:00,121.97,122.06,121.84,121.88000000000001,229
2026-04-01T17:45:00+00:00,121.88000000000001,122,121.86,121.9,261
2026-04-01T17:50:00+00:00,121.9,121.95,121.82000000000001,121.87,232
2026-04-01T17:55:00+00:00,121.87,121.95,121.8,121.93,332
2026-04-01T18:00:00+00:00,121.93,121.96000000000001,121.52000000000001,121.58,401
2026-04-01T18:05:00+00:00,121.58,121.7,121.46000000000001,121.52000000000001,294
2026-04-01T18:10:00+00:00,121.52000000000001,121.69,121.42,121.42,189
2026-04-01T18:15:00+00:00,121.42,121.5,121.06,121.17,271
2026-04-01T18:20:00+00:00,121.17,121.29,120.87,121,260
2026-04-01T18:25:00+00:00,121,121.25,120.86,121.08,237
2026-04-01T18:30:00+00:00,121.08,121.19,121,121.06,281
2026-04-01T18:35:00+00:00,121.06,121.11,120.86,121.04,304
2026-04-01T18:40:00+00:00,121.04,121.37,121.03,121.15,248
2026-04-01T18:45:00+00:00,121.15,121.23,120.99000000000001,121.15,258
2026-04-01T18:50:00+00:00,121.15,121.19,120.97,121.15,222
2026-04-01T18:55:00+00:00,121.15,121.17,121.03,121.13000000000001,205
2026-04-01T19:00:00+00:00,121.13000000000001,121.29,121.05,121.10000000000001,209
2026-04-01T19:05:00+00:00,121.10000000000001,121.3,121.10000000000001,121.22,147
2026-04-01T19:10:00+00:00,121.22,121.26,121.14,121.21000000000001,190
2026-04-01T19:15:00+00:00,121.21000000000001,121.37,121.19,121.3,235
2026-04-01T19:20:00+00:00,121.3,121.51,121.3,121.48,210
2026-04-01T19:25:00+00:00,121.48,121.69,121.46000000000001,121.62,281
2026-04-01T19:30:00+00:00,121.62,121.73,121.57000000000001,121.71000000000001,298
2026-04-01T19:35:00+00:00,121.71000000000001,121.82000000000001,121.63000000000001,121.74000000000001,282
2026-04-01T19:40:00+00:00,121.74000000000001,121.89,121.7,121.73,280
2026-04-01T19:45:00+00:00,121.73,121.78,121.60000000000001,121.71000000000001,339
2026-04-01T19:50:00+00:00,121.71000000000001,121.8,121.56,121.67,524
2026-04-01T19:55:00+00:00,121.67,121.83,121.51,121.73,535
2026-04-02T13:30:00+00:00,121.73,121.73,117.8,119.65,178
2026-04-02T13:35:00+00:00,119.65,119.65,118.65,118.76,199
2026-04-02T13:40:00+00:00,118.76,118.76,118.01,118.21000000000001,246
2026-04-02T13:45:00+00:00,118.21000000000001,119.03,118.21000000000001,118.73,265
2026-04-02T13:50:00+00:00,118.73,119.79,118.72,119.74000000000001,362
2026-04-02T13:55:00+00:00,119.74000000000001,120,119.51,119.99000000000001,209
2026-04-02T14:00:00+00:00,119.99000000000001,120.08,119.62,119.62,308
2026-04-02T14:05:00+00:00,119.62,119.94,119.38000000000001,119.71000000000001,262
2026-04-02T14:10:00+00:00,119.71000000000001,120.02000000000001,119.64,119.66000000000001,227
2026-04-02T14:15:00+00:00,119.66000000000001,119.76,119.45,119.58,155
2026-04-02T14:20:00+00:00,119.58,120.09,119.56,119.89,276
2026-04-02T14:25:00+00:00,119.89,120.03,119.75,119.94,306
2026-04-02T14:30:00+00:00,119.94,120.51,119.87,120.43,240
2026-04-02T14:35:00+00:00,120.43,121.88000000000001,120.43,121.12,433
2026-04-02T14:40:00+00:00,121.12,121.3,120.57000000000001,121.09,181
2026-04-02T14:45:00+00:00,121.09,121.18,120.69,120.92,279
2026-04-02T14:50:00+00:00,120.92,121.08,120.67,121,257
2026-04-02T14:55:00+00:00,121,121.31,120.98,121.07000000000001,261
2026-04-02T15:00:00+00:00,121.07000000000001,121.15,120.5,121.15,265
2026-04-02T15:05:00+00:00,121.15,121.19,120.81,120.89,200
2026-04-02T15:10:00+00:00,120.89,121.21000000000001,120.75,120.97,248
2026-04-02T15:15:00+00:00,120.97,121.13000000000001,120.85000000000001,120.9,203
2026-04-02T15:20:00+00:00,120.9,120.9,120.53,120.82000000000001,232
2026-04-02T15:25:00+00:00,120.82000000000001,121.04,120.63000000000001,120.87,372
2026-04-02T15:30:00+00:00,120.87,120.94,120.68,120.89,343
2026-04-02T15:35:00+00:00,120.89,121.04,120.78,120.79,320
2026-04-02T15:40:00+00:00,120.79,120.91000000000001,120.55,120.9,280
2026-04-02T15:45:00+00:00,120.9,120.91000000000001,120.63000000000001,120.66000000000001,334
2026-04-02T15:50:00+00:00,120.66000000000001,120.96000000000001,120.45,120.92,368
2026-04-02T15:55:00+00:00,120.92,121.08,120.74000000000001,120.82000000000001,335
2026-04-02T16:00:00+00:00,120.82000000000001,120.96000000000001,120.60000000000001,120.68,290
2026-04-02T16:05:00+00:00,120.68,120.75,120.49000000000001,120.7,259
2026-04-02T16:10:00+00:00,120.7,120.75,120.54,120.54,276
2026-04-02T16:15:00+00:00,120.54,120.61,120.37,120.39,275
2026-04-02T16:20:00+00:00,120.39,120.5,120.32000000000001,120.34,311
2026-04-02T16:25:00+00:00,120.34,120.51,120.31,120.38000000000001,258
2026-04-02T16:30:00+00:00,120.38000000000001,120.79,120.32000000000001,120.67,266
2026-04-02T16:35:00+00:00,120.67,120.77000000000001,120.37,120.57000000000001,275
2026-04-02T16:40:00+00:00,120.57000000000001,120.93,120.52000000000001,120.79,224
2026-04-02T16:45:00+00:00,120.79,120.91000000000001,120.78,120.81,165
2026-04-02T16:50:00+00:00,120.81,120.85000000000001,120.69,120.78,278
2026-04-02T16:55:00+00:00,120.78,120.79,120.54,120.55,234
2026-04-02T17:00:00+00:00,120.55,120.69,120.44,120.62,277
2026-04-02T17:05:00+00:00,120.62,120.71000000000001,120.57000000000001,120.68,158
2026-04-02T17:10:00+00:00,120.68,120.96000000000001,120.59,120.89,201
2026-04-02T17:15:00+00:00,120.89,121.05,120.79,120.84,220
2026-04-02T17:20:00+00:00,120.84,121.15,120.81,121.11,211
2026-04-02T17:25:00+00:00,121.11,121.13000000000001,120.95,121.07000000000001,178
2026-04-02T17:30:00+00:00,121.07000000000001,121.17,121.01,121.04,239
2026-04-02T17:35:00+00:00,121.04,121.04,120.87,120.96000000000001,202
2026-04-02T17:40:00+00:00,120.96000000000001,120.98,120.85000000000001,120.98,196
2026-04-02T17:45:00+00:00,120.98,121.02000000000001,120.65,120.7,246
2026-04-02T17:50:00+00:00,120.7,120.85000000000001,120.62,120.77000000000001,217
2026-04-02T17:55:00+00:00,120.77000000000001,120.86,120.7,120.82000000000001,165
2026-04-02T18:00:00+00:00,120.82000000000001,120.9,120.71000000000001,120.78,226
2026-04-02T18:05:00+00:00,120.78,120.94,120.76,120.83,167
2026-04-02T18:10:00+00:00,120.83,120.96000000000001,120.83,120.93,142
2026-04-02T18:15:00+00:00,120.93,121.15,120.81,121.08,223
2026-04-02T18:20:00+00:00,121.08,121.14,120.98,121.06,195
2026-04-02T18:25:00+00:00,121.06,121.15,120.97,121.09,179
2026-04-02T18:30:00+00:00,121.09,121.21000000000001,121.02000000000001,121.05,228
2026-04-02T18:35:00+00:00,121.05,121.13000000000001,121.02000000000001,121.09,172
2026-04-02T18:40:00+00:00,121.09,121.34,121.08,121.2,215
2026-04-02T18:45:00+00:00,121.2,121.28,121.16000000000001,121.25,225
2026-04-02T18:50:00+00:00,121.25,121.43,121.17,121.25,250
2026-04-02T18:55:00+00:00,121.25,121.28,121.16000000000001,121.16000000000001,157
2026-04-02T19:00:00+00:00,121.16000000000001,121.25,121.14,121.19,169
2026-04-02T19:05:00+00:00,121.19,121.33,121.12,121.29,188
2026-04-02T19:10:00+00:00,121.29,121.38000000000001,121.17,121.24000000000001,203
2026-04-02T19:15:00+00:00,121.24000000000001,121.31,121.15,121.24000000000001,199
2026-04-02T19:20:00+00:00,121.24000000000001,121.32000000000001,121.13000000000001,121.23,216
2026-04-02T19:25:00+00:00,121.23,121.29,121.12,121.26,223
2026-04-02T19:30:00+00:00,121.26,121.29,121.12,121.2,162
2026-04-02T19:35:00+00:00,121.2,121.28,121.18,121.27000000000001,211
2026-04-02T19:40:00+00:00,121.27000000000001,121.34,121.14,121.18,189
2026-04-02T19:45:00+00:00,121.18,121.39,121.18,121.37,231
2026-04-02T19:50:00+00:00,121.37,121.54,121.35000000000001,121.53,431
2026-04-02T19:55:00+00:00,121.53,121.68,121.47,121.63000000000001,447
2026-04-06T13:30:00+00:00,121.63000000000001,123.59,121.63000000000001,123.51,290
2026-04-06T13:35:00+00:00,123.51,124.01,123.15,123.64,346
2026-04-06T13:40:00+00:00,123.64,123.68,123.18,123.39,303
2026-04-06T13:45:00+00:00,123.39,123.68,122.97,122.97,391
2026-04-06T13:50:00+00:00,122.97,123.06,122.7,122.93,319
2026-04-06T13:55:00+00:00,122.93,123.06,122.73,122.98,257
2026-04-06T14:00:00+00:00,122.98,123.42,122.69,122.75,450
2026-04-06T14:05:00+00:00,122.75,122.96000000000001,122.44,122.9,262
2026-04-06T14:10:00+00:00,122.9,123.3,122.58,123.25,203
2026-04-06T14:15:00+00:00,123.25,123.4,122.87,123.27000000000001,146
2026-04-06T14:20:00+00:00,123.27000000000001,123.39,123.13000000000001,123.25,148
2026-04-06T14:25:00+00:00,123.25,123.38000000000001,123.13000000000001,123.25,180
2026-04-06T14:30:00+00:00,123.25,123.45,123.21000000000001,123.24000000000001,248
2026-04-06T14:35:00+00:00,123.24000000000001,123.38000000000001,122.73,122.86,305
2026-04-06T14:40:00+00:00,122.86,123.15,122.79,122.84,216
2026-04-06T14:45:00+00:00,122.84,122.9,122.54,122.67,241
2026-04-06T14:50:00+00:00,122.67,122.92,122.67,122.8,254
2026-04-06T14:55:00+00:00,122.8,123.01,122.7,122.9,248
2026-04-06T15:00:00+00:00,122.9,122.94,122.58,122.82000000000001,240
2026-04-06T15:05:00+00:00,122.82000000000001,123.02000000000001,122.76,123,197
2026-04-06T15:10:00+00:00,123,123.02000000000001,122.77000000000001,122.99000000000001,274
2026-04-06T15:15:00+00:00,122.99000000000001,123.04,122.8,122.85000000000001,211
2026-04-06T15:20:00+00:00,122.85000000000001,122.96000000000001,122.78,122.91000000000001,175
2026-04-06T15:25:00+00:00,122.91000000000001,122.97,122.81,122.87,179
2026-04-06T15:30:00+00:00,122.87,122.98,122.74000000000001,122.91000000000001,210
2026-04-06T15:35:00+00:00,122.91000000000001,122.98,122.66000000000001,122.93,205
2026-04-06T15:40:00+00:00,122.93,122.93,122.77000000000001,122.82000000000001,186
2026-04-06T15:45:00+00:00,122.82000000000001,123.03,122.76,122.93,142
2026-04-06T15:50:00+00:00,122.93,123.04,122.85000000000001,122.96000000000001,134
2026-04-06T15:55:00+00:00,122.96000000000001,122.98,122.86,122.92,159
2026-04-06T16:00:00+00:00,122.92,123.16000000000001,122.89,123.02000000000001,199
2026-04-06T16:05:00+00:00,123.02000000000001,123.15,123.02000000000001,123.04,140
2026-04-06T16:10:00+00:00,123.04,123.16000000000001,122.99000000000001,123.08,163
2026-04-06T16:15:00+00:00,123.08,123.16000000000001,123.01,123.05,109
2026-04-06T16:20:00+00:00,123.05,123.13000000000001,123.02000000000001,123.11,105
2026-04-06T16:25:00+00:00,123.11,123.17,123.05,123.05,113
2026-04-06T16:30:00+00:00,123.05,123.11,123.02000000000001,123.10000000000001,128
2026-04-06T16:35:00+00:00,123.10000000000001,123.22,123.02000000000001,123.15,144
2026-04-06T16:40:00+00:00,123.15,123.2,123.05,123.18,119
2026-04-06T16:45:00+00:00,123.18,123.19,123.11,123.16000000000001,122
2026-04-06T16:50:00+00:00,123.16000000000001,123.22,123.07000000000001,123.11,137
2026-04-06T16:55:00+00:00,123.11,123.11,122.9,123.09,158
2026-04-06T17:00:00+00:00,123.09,123.11,122.83,123,194
2026-04-06T17:05:00+00:00,123,123.03,122.85000000000001,122.97,174
2026-04-06T17:10:00+00:00,122.97,122.99000000000001,122.53,122.71000000000001,306
2026-04-06T17:15:00+00:00,122.71000000000001,122.81,122.60000000000001,122.74000000000001,211
2026-04-06T17:20:00+00:00,122.74000000000001,122.86,122.60000000000001,122.8,164
2026-04-06T17:25:00+00:00,122.8,122.98,122.8,122.88000000000001,152
2026-04-06T17:30:00+00:00,122.88000000000001,123.05,122.83,122.9,178
2026-04-06T17:35:00+00:00,122.9,122.94,122.8,122.86,158
2026-04-06T17:40:00+00:00,122.86,122.87,122.75,122.83,158
2026-04-06T17:45:00+00:00,122.83,122.83,122.66000000000001,122.72,158
2026-04-06T17:50:00+00:00,122.72,122.79,122.63000000000001,122.71000000000001,211
2026-04-06T17:55:00+00:00,122.71000000000001,122.79,122.69,122.73,140
2026-04-06T18:00:00+00:00,122.73,122.9,122.71000000000001,122.84,140
2026-04-06T18:05:00+00:00,122.84,123.03,122.83,122.97,177
2026-04-06T18:10:00+00:00,122.97,123.36,122.97,123.14,294
2026-04-06T18:15:00+00:00,123.14,123.39,123.08,123.31,192
2026-04-06T18:20:00+00:00,123.31,123.35000000000001,123.23,123.26,171
2026-04-06T18:25:00+00:00,123.26,123.32000000000001,123.12,123.24000000000001,237
2026-04-06T18:30:00+00:00,123.24000000000001,123.41000000000001,123.18,123.3,192
2026-04-06T18:35:00+00:00,123.3,123.32000000000001,123.06,123.06,131
2026-04-06T18:40:00+00:00,123.06,123.07000000000001,122.91000000000001,122.99000000000001,116
2026-04-06T18:45:00+00:00,122.99000000000001,123.12,122.89,123.04,203
2026-04-06T18:50:00+00:00,123.04,123.09,122.96000000000001,123,103
2026-04-06T18:55:00+00:00,123,123.08,122.96000000000001,122.99000000000001,108
2026-04-06T19:00:00+00:00,122.99000000000001,123.11,122.96000000000001,123.08,154
2026-04-06T19:05:00+00:00,123.08,123.18,123.04,123.18,151
2026-04-06T19:10:00+00:00,123.18,123.25,123.11,123.24000000000001,131
2026-04-06T19:15:00+00:00,123.24000000000001,123.26,123.11,123.18,119
2026-04-06T19:20:00+00:00,123.18,123.26,123.04,123.08,140
2026-04-06T19:25:00+00:00,123.08,123.15,123.01,123.03,166
2026-04-06T19:30:00+00:00,123.03,123.15,122.98,123.13000000000001,170
2026-04-06T19:35:00+00:00,123.13000000000001,123.26,123.09,123.16000000000001,181
2026-04-06T19:40:00+00:00,123.16000000000001,123.31,123.14,123.28,199
2026-04-06T19:45:00+00:00,123.28,123.49000000000001,123.26,123.43,211
2026-04-06T19:50:00+00:00,123.43,123.52000000000001,123.35000000000001,123.47,264
2026-04-06T19:55:00+00:00,123.47,123.73,123.29,123.69,400
2026-04-07T13:30:00+00:00,123.69,123.69,122.45,122.93,130
2026-04-07T13:35:00+00:00,122.93,122.96000000000001,122.31,122.38000000000001,260
2026-04-07T13:40:00+00:00,122.38000000000001,122.5,122.24000000000001,122.36,258
2026-04-07T13:45:00+00:00,122.36,122.94,122.36,122.7,336
2026-04-07T13:50:00+00:00,122.7,123.3,122.44,123.28,400
2026-04-07T13:55:00+00:00,123.28,123.42,122.60000000000001,122.84,340
2026-04-07T14:00:00+00:00,122.84,122.98,122.73,122.76,393
2026-04-07T14:05:00+00:00,122.76,122.84,122.16000000000001,122.35000000000001,413
2026-04-07T14:10:00+00:00,122.35000000000001,122.60000000000001,122.21000000000001,122.54,325
2026-04-07T14:15:00+00:00,122.54,122.81,122.35000000000001,122.72,344
2026-04-07T14:20:00+00:00,122.72,123.21000000000001,122.69,123,365
2026-04-07T14:25:00+00:00,123,123.2,122.86,123.17,287
2026-04-07T14:30:00+00:00,123.17,123.34,123,123.21000000000001,228
2026-04-07T14:35:00+00:00,123.21000000000001,123.35000000000001,123.05,123.17,289
2026-04-07T14:40:00+00:00,123.17,123.25,123.02000000000001,123.08,265
2026-04-07T14:45:00+00:00,123.08,123.47,123.02000000000001,123.08,302
2026-04-07T14:50:00+00:00,123.08,123.18,122.88000000000001,123.03,234
2026-04-07T14:55:00+00:00,123.03,123.05,122.78,122.86,258
2026-04-07T15:00:00+00:00,122.86,122.87,122.39,122.54,354
2026-04-07T15:05:00+00:00,122.54,122.54,122.10000000000001,122.10000000000001,330
2026-04-07T15:10:00+00:00,122.10000000000001,122.41000000000001,122.10000000000001,122.31,359
2026-04-07T15:15:00+00:00,122.31,122.72,122.24000000000001,122.60000000000001,605
2026-04-07T15:20:00+00:00,122.60000000000001,122.67,122.33,122.38000000000001,277
2026-04-07T15:25:00+00:00,122.38000000000001,122.69,122.37,122.65,259
2026-04-07T15:30:00+00:00,122.65,122.72,122.53,122.53,206
2026-04-07T15:35:00+00:00,122.53,122.73,122.46000000000001,122.54,296
2026-04-07T15:40:00+00:00,122.54,122.59,122.41000000000001,122.43,237
2026-04-07T15:45:00+00:00,122.43,122.53,122.25,122.36,242
2026-04-07T15:50:00+00:00,122.36,122.53,122.28,122.5,272
2026-04-07T15:55:00+00:00,122.5,122.76,122.46000000000001,122.61,478
2026-04-07T16:00:00+00:00,122.61,123.43,122.59,122.87,538
2026-04-07T16:05:00+00:00,122.87,122.98,122.69,122.75,299
2026-04-07T16:10:00+00:00,122.75,122.96000000000001,122.69,122.85000000000001,205
2026-04-07T16:15:00+00:00,122.85000000000001,122.91000000000001,122.72,122.82000000000001,161
2026-04-07T16:20:00+00:00,122.82000000000001,123.14,122.67,122.97,350
2026-04-07T16:25:00+00:00,122.97,123.12,122.86,122.87,302
2026-04-07T16:30:00+00:00,122.87,122.89,122.75,122.87,277
2026-04-07T16:35:00+00:00,122.87,123,122.66000000000001,122.76,253
2026-04-07T16:40:00+00:00,122.76,122.93,122.68,122.85000000000001,187
2026-04-07T16:45:00+00:00,122.85000000000001,123.19,122.85000000000001,123.08,241
2026-04-07T16:50:00+00:00,123.08,123.29,123.04,123.11,281
2026-04-07T16:55:00+00:00,123.11,123.18,122.94,123.02000000000001,252
2026-04-07T17:00:00+00:00,123.02000000000001,123.14,122.87,123.10000000000001,339
2026-04-07T17:05:00+00:00,123.10000000000001,123.11,122.97,123.04,181
2026-04-07T17:10:00+00:00,123.04,123.14,122.98,123.03,290
2026-04-07T17:15:00+00:00,123.03,123.11,122.96000000000001,123.03,170
2026-04-07T17:20:00+00:00,123.03,123.03,122.87,122.96000000000001,200
2026-04-07T17:25:00+00:00,122.96000000000001,123.13000000000001,122.93,123.06,236
2026-04-07T17:30:00+00:00,123.06,123.26,122.99000000000001,123.26,271
2026-04-07T17:35:00+00:00,123.26,123.59,123.25,123.32000000000001,465
2026-04-07T17:40:00+00:00,123.32000000000001,123.44,123.23,123.25,334
2026-04-07T17:45:00+00:00,123.25,123.31,123.16000000000001,123.25,317
2026-04-07T17:50:00+00:00,123.25,123.5,123.25,123.32000000000001,243
2026-04-07T17:55:00+00:00,123.32000000000001,123.43,123.28,123.4,203
2026-04-07T18:00:00+00:00,123.4,123.52000000000001,123.34,123.36,260
2026-04-07T18:05:00+00:00,123.36,123.42,123.29,123.34,198
2026-04-07T18:10:00+00:00,123.34,123.4,123.25,123.37,173
2026-04-07T18:15:00+00:00,123.37,123.59,123.34,123.55,194
2026-04-07T18:20:00+00:00,123.55,123.58,123.35000000000001,123.35000000000001,219
2026-04-07T18:25:00+00:00,123.35000000000001,123.48,123.3,123.39,184
2026-04-07T18:30:00+00:00,123.39,123.47,123.31,123.41000000000001,201
2026-04-07T18:35:00+00:00,123.41000000000001,123.42,123.13000000000001,123.18,218
2026-04-07T18:40:00+00:00,123.18,123.18,122.83,122.91000000000001,255
2026-04-07T18:45:00+00:00,122.91000000000001,122.99000000000001,122.82000000000001,122.84,247
2026-04-07T18:50:00+00:00,122.84,122.91000000000001,122.78,122.81,166
2026-04-07T18:55:00+00:00,122.81,122.85000000000001,122.57000000000001,122.72,286
2026-04-07T19:00:00+00:00,122.72,122.9,122.7,122.77000000000001,328
2026-04-07T19:05:00+00:00,122.77000000000001,122.88000000000001,122.65,122.71000000000001,292
2026-04-07T19:10:00+00:00,122.71000000000001,122.94,122.65,122.93,244
2026-04-07T19:15:00+00:00,122.93,123.59,122.86,123.54,485
2026-04-07T19:20:00+00:00,123.54,123.7,123.19,123.44,466
2026-04-07T19:25:00+00:00,123.44,123.51,123.27000000000001,123.44,307
2026-04-07T19:30:00+00:00,123.44,123.56,123.4,123.44,352
2026-04-07T19:35:00+00:00,123.44,123.49000000000001,123.32000000000001,123.32000000000001,321
2026-04-07T19:40:00+00:00,123.32000000000001,123.56,123.29,123.45,372
2026-04-07T19:45:00+00:00,123.45,124.05,123.39,123.59,888
2026-04-07T19:50:00+00:00,123.59,123.87,123.3,123.56,618
2026-04-07T19:55:00+00:00,123.56,123.57000000000001,123.11,123.47,563
2026-04-08T13:30:00+00:00,123.47,130.68000000000004,123.47,130.34000000000003,231
2026-04-08T13:35:00+00:00,130.34000000000003,130.77000000000004,130.04000000000002,130.43000000000004,805
2026-04-08T13:40:00+00:00,130.43000000000004,130.59000000000003,129.93,130.19000000000003,708
2026-04-08T13:45:00+00:00,130.19000000000003,130.79000000000002,130.12000000000003,130.47000000000003,698
2026-04-08T13:50:00+00:00,130.47000000000003,130.55,129.77000000000004,130.04000000000005,590
2026-04-08T13:55:00+00:00,130.04000000000005,130.26000000000005,129.7600000000001,130.10000000000008,502
2026-04-08T14:00:00+00:00,130.10000000000008,130.19000000000005,129.46000000000004,129.48000000000005,465
2026-04-08T14:05:00+00:00,129.48000000000005,129.68000000000006,129.16000000000008,129.57000000000008,441
2026-04-08T14:10:00+00:00,129.57000000000008,129.64000000000007,129.22000000000006,129.47000000000006,397
2026-04-08T14:15:00+00:00,129.47000000000006,129.60000000000008,129.2000000000001,129.44000000000008,330
2026-04-08T14:20:00+00:00,129.44000000000008,129.7400000000001,129.3300000000001,129.62000000000012,397
2026-04-08T14:25:00+00:00,129.62000000000012,129.65000000000012,129.2500000000001,129.3800000000001,391
2026-04-08T14:30:00+00:00,129.3800000000001,129.6100000000001,128.99000000000012,129.06000000000012,415
2026-04-08T14:35:00+00:00,129.06000000000012,129.18000000000012,128.5000000000001,128.55000000000013,427
2026-04-08T14:40:00+00:00,128.55000000000013,128.82000000000014,128.5000000000001,128.58000000000013,346
2026-04-08T14:45:00+00:00,128.58000000000013,128.67000000000013,128.2500000000001,128.53000000000014,331
2026-04-08T14:50:00+00:00,128.53000000000014,128.57000000000016,128.22000000000017,128.4200000000002,324
2026-04-08T14:55:00+00:00,128.4200000000002,128.4500000000002,128.14000000000019,128.29000000000016,404.3585219015985
2026-04-08T15:00:00+00:00,128.29000000000016,128.61000000000018,128.15000000000018,128.46000000000018,324
2026-04-08T15:05:00+00:00,128.46000000000018,128.58000000000018,128.32000000000022,128.3400000000002,313
2026-04-08T15:10:00+00:00,128.3400000000002,128.3700000000002,128.0800000000002,128.2700000000002,303
2026-04-08T15:15:00+00:00,128.2700000000002,128.4700000000002,128.0700000000002,128.4700000000002,284
2026-04-08T15:20:00+00:00,128.4700000000002,128.57000000000022,128.26000000000022,128.4700000000002,300
2026-04-08T15:25:00+00:00,128.4700000000002,128.49000000000018,128.19000000000017,128.35000000000016,382
2026-04-08T15:30:00+00:00,128.35000000000016,128.79000000000016,128.33000000000015,128.78000000000017,323
2026-04-08T15:35:00+00:00,128.78000000000017,129.08000000000015,128.74000000000018,128.91000000000017,312
2026-04-08T15:40:00+00:00,128.91000000000017,129.06000000000014,128.79000000000016,128.99000000000012,269
2026-04-08T15:45:00+00:00,128.99000000000012,129.1900000000001,128.8900000000001,129.09000000000015,300
2026-04-08T15:50:00+00:00,129.09000000000015,129.33000000000015,129.09000000000015,129.25000000000017,240
2026-04-08T15:55:00+00:00,129.25000000000017,129.31000000000017,129.1500000000002,129.2800000000002,235
2026-04-08T16:00:00+00:00,129.2800000000002,129.5300000000002,129.2800000000002,129.36000000000018,243
2026-04-08T16:05:00+00:00,129.36000000000018,129.4500000000002,129.26000000000022,129.3400000000002,239
2026-04-08T16:10:00+00:00,129.3400000000002,129.5000000000002,129.3200000000002,129.4000000000002,218
2026-04-08T16:15:00+00:00,129.4000000000002,129.4400000000002,129.26000000000022,129.3000000000002,211
2026-04-08T16:20:00+00:00,129.3000000000002,129.4000000000002,129.26000000000022,129.36000000000018,213
2026-04-08T16:25:00+00:00,129.36000000000018,129.4100000000002,129.27000000000015,129.34000000000017,180
2026-04-08T16:30:00+00:00,129.34000000000017,129.4500000000002,129.28000000000017,129.4400000000002,215
2026-04-08T16:35:00+00:00,129.4400000000002,129.5300000000002,129.3800000000002,129.48000000000022,196
2026-04-08T16:40:00+00:00,129.48000000000022,129.5500000000002,129.2800000000002,129.4600000000002,197
2026-04-08T16:45:00+00:00,129.4600000000002,129.56000000000023,129.41000000000022,129.44000000000023,178
2026-04-08T16:50:00+00:00,129.44000000000023,129.49000000000024,129.2500000000002,129.43000000000018,247
2026-04-08T16:55:00+00:00,129.43000000000018,129.56000000000017,129.4000000000002,129.4100000000002,179
2026-04-08T17:00:00+00:00,129.4100000000002,129.49000000000018,129.30000000000018,129.3900000000002,254
2026-04-08T17:05:00+00:00,129.3900000000002,129.4600000000002,129.2700000000002,129.4000000000002,297
2026-04-08T17:10:00+00:00,129.4000000000002,129.50000000000023,129.3100000000002,129.41000000000025,233
2026-04-08T17:15:00+00:00,129.41000000000025,129.46000000000026,129.34000000000026,129.4200000000003,193
2026-04-08T17:20:00+00:00,129.4200000000003,129.4500000000003,129.2100000000003,129.25000000000028,324
2026-04-08T17:25:00+00:00,129.25000000000028,129.41000000000025,129.19000000000028,129.34000000000026,328
2026-04-08T17:30:00+00:00,129.34000000000026,129.55000000000027,129.30000000000024,129.49000000000026,364
2026-04-08T17:35:00+00:00,129.49000000000026,129.6800000000003,129.3100000000003,129.53000000000026,352
2026-04-08T17:40:00+00:00,129.53000000000026,129.78000000000026,129.44000000000025,129.78000000000026,307
2026-04-08T17:45:00+00:00,129.78000000000026,129.99000000000024,129.73000000000025,129.87000000000023,244
2026-04-08T17:50:00+00:00,129.87000000000023,130.0300000000002,129.84000000000023,129.99000000000018,182
2026-04-08T17:55:00+00:00,129.99000000000018,130.1600000000002,129.9700000000002,130.11000000000018,209
2026-04-08T18:00:00+00:00,130.11000000000018,130.47000000000017,130.05000000000018,130.44000000000017,273
2026-04-08T18:05:00+00:00,130.44000000000017,130.58000000000018,130.36000000000018,130.4700000000002,256
2026-04-08T18:10:00+00:00,130.4700000000002,130.5900000000002,130.3800000000002,130.45000000000022,206
2026-04-08T18:15:00+00:00,130.45000000000022,130.5200000000002,129.6600000000002,129.9100000000002,514
2026-04-08T18:20:00+00:00,129.9100000000002,130.1300000000002,129.7800000000002,129.92000000000024,366
2026-04-08T18:25:00+00:00,129.92000000000024,130.00000000000023,129.70000000000027,129.76000000000028,352
2026-04-08T18:30:00+00:00,129.76000000000028,129.82000000000028,129.60000000000025,129.65000000000026,251
2026-04-08T18:35:00+00:00,129.65000000000026,129.79000000000025,129.55000000000027,129.66000000000025,290
2026-04-08T18:40:00+00:00,129.66000000000025,129.68000000000023,129.37000000000026,129.41000000000025,330
2026-04-08T18:45:00+00:00,129.41000000000025,129.49000000000024,129.32000000000025,129.40000000000026,263
2026-04-08T18:50:00+00:00,129.40000000000026,129.48000000000025,129.26000000000028,129.41000000000025,238
2026-04-08T18:55:00+00:00,129.41000000000025,129.41000000000025,129.01000000000022,129.06000000000023,285
2026-04-08T19:00:00+00:00,129.06000000000023,129.25000000000023,129.0200000000002,129.21000000000024,285
2026-04-08T19:05:00+00:00,129.21000000000024,129.36000000000024,129.16000000000025,129.36000000000024,198
2026-04-08T19:10:00+00:00,129.36000000000024,129.57000000000028,129.36000000000024,129.48000000000025,238
2026-04-08T19:15:00+00:00,129.48000000000025,129.57000000000022,129.27000000000027,129.36000000000024,234
2026-04-08T19:20:00+00:00,129.36000000000024,129.38000000000025,129.16000000000025,129.37000000000026,322
2026-04-08T19:25:00+00:00,129.37000000000026,129.46000000000026,129.18000000000023,129.19000000000025,271
2026-04-08T19:30:00+00:00,129.19000000000025,129.6100000000003,129.19000000000025,129.57000000000028,374
2026-04-08T19:35:00+00:00,129.57000000000028,129.76000000000028,129.5500000000003,129.72000000000025,477
2026-04-08T19:40:00+00:00,129.72000000000025,129.76000000000028,129.50000000000026,129.65000000000026,326
2026-04-08T19:45:00+00:00,129.65000000000026,129.74000000000024,129.54000000000025,129.62000000000023,437
2026-04-08T19:50:00+00:00,129.62000000000023,129.8300000000002,129.51000000000022,129.8200000000002,478
2026-04-08T19:55:00+00:00,129.8200000000002,129.99000000000015,129.7300000000002,129.92000000000016,523
2026-04-09T13:30:00+00:00,129.92000000000016,129.92000000000016,128.36000000000016,128.96000000000015,175
2026-04-09T13:35:00+00:00,128.96000000000015,129.46000000000015,128.66000000000014,129.44000000000014,336
2026-04-09T13:40:00+00:00,129.44000000000014,129.50000000000014,129.1300000000001,129.1300000000001,257
2026-04-09T13:45:00+00:00,129.1300000000001,129.55000000000013,129.1300000000001,129.3300000000001,344
2026-04-09T13:50:00+00:00,129.3300000000001,129.6500000000001,129.2800000000001,129.41000000000008,333
2026-04-09T13:55:00+00:00,129.41000000000008,129.8700000000001,129.4000000000001,129.82000000000008,319
2026-04-09T14:00:00+00:00,129.82000000000008,129.8700000000001,129.2800000000001,129.4500000000001,253
2026-04-09T14:05:00+00:00,129.4500000000001,129.62000000000012,129.14000000000007,129.24000000000007,225
2026-04-09T14:10:00+00:00,129.24000000000007,129.38000000000005,129.05000000000007,129.18000000000004,245
2026-04-09T14:15:00+00:00,129.18000000000004,129.20000000000005,128.87000000000006,129.09000000000003,280
2026-04-09T14:20:00+00:00,129.09000000000003,129.28000000000003,129.06000000000003,129.25000000000003,212
2026-04-09T14:25:00+00:00,129.25000000000003,129.36,129.07000000000002,129.36,215
2026-04-09T14:30:00+00:00,129.36,129.43,129.12,129.35000000000002,253
2026-04-09T14:35:00+00:00,129.35000000000002,129.45,129.21,129.43,238
2026-04-09T14:40:00+00:00,129.43,129.45000000000002,129.25,129.35,231
2026-04-09T14:45:00+00:00,129.35,129.43,129.25,129.38,257
2026-04-09T14:50:00+00:00,129.38,129.45,129.31,129.4,262
2026-04-09T14:55:00+00:00,129.4,129.51999999999998,129.35999999999996,129.41999999999996,259
2026-04-09T15:00:00+00:00,129.41999999999996,129.47999999999993,129.1599999999999,129.39999999999992,291
2026-04-09T15:05:00+00:00,129.39999999999992,129.45999999999992,129.30999999999992,129.4099999999999,198
2026-04-09T15:10:00+00:00,129.4099999999999,129.49999999999994,129.3599999999999,129.46999999999997,266
2026-04-09T15:15:00+00:00,129.46999999999997,129.76999999999998,129.34999999999997,129.70999999999998,233
2026-04-09T15:20:00+00:00,129.70999999999998,129.88,129.67,129.88,225
2026-04-09T15:25:00+00:00,129.88,129.97999999999996,129.76,129.97999999999996,211
2026-04-09T15:30:00+00:00,129.97999999999996,130.37999999999994,129.81999999999994,130.19999999999996,418
2026-04-09T15:35:00+00:00,130.19999999999996,130.32999999999998,129.96999999999997,130.17999999999995,377
2026-04-09T15:40:00+00:00,130.17999999999995,130.34999999999997,130.08999999999997,130.20999999999992,294
2026-04-09T15:45:00+00:00,130.20999999999992,130.33999999999992,130.1599999999999,130.24999999999991,263
2026-04-09T15:50:00+00:00,130.24999999999991,130.4299999999999,130.2199999999999,130.3699999999999,223
2026-04-09T15:55:00+00:00,130.3699999999999,130.52999999999992,130.3599999999999,130.5199999999999,259
2026-04-09T16:00:00+00:00,130.5199999999999,130.9999999999999,130.5099999999999,130.6299999999999,377
2026-04-09T16:05:00+00:00,130.6299999999999,130.88999999999993,130.6299999999999,130.74999999999991,316
2026-04-09T16:10:00+00:00,130.74999999999991,130.86999999999992,130.6599999999999,130.7199999999999,277
2026-04-09T16:15:00+00:00,130.7199999999999,130.94999999999993,130.70999999999992,130.88999999999993,236
2026-04-09T16:20:00+00:00,130.88999999999993,130.99999999999994,130.79999999999995,130.79999999999995,243
2026-04-09T16:25:00+00:00,130.79999999999995,130.86999999999995,130.73999999999995,130.77999999999997,190
2026-04-09T16:30:00+00:00,130.77999999999997,130.81999999999996,130.63999999999993,130.66999999999993,246
2026-04-09T16:35:00+00:00,130.66999999999993,130.7199999999999,130.50999999999993,130.58999999999995,230
2026-04-09T16:40:00+00:00,130.58999999999995,130.59999999999997,130.50999999999993,130.57999999999993,175
2026-04-09T16:45:00+00:00,130.57999999999993,130.5999999999999,130.3799999999999,130.43999999999988,230
2026-04-09T16:50:00+00:00,130.43999999999988,130.6199999999999,130.43999999999988,130.57999999999987,224
2026-04-09T16:55:00+00:00,130.57999999999987,130.57999999999987,130.48999999999987,130.5599999999999,183
2026-04-09T17:00:00+00:00,130.5599999999999,130.61999999999983,130.45999999999987,130.61999999999983,269
2026-04-09T17:05:00+00:00,130.61999999999983,130.87999999999982,130.5799999999998,130.81999999999982,224
2026-04-09T17:10:00+00:00,130.81999999999982,130.8299999999998,130.57999999999984,130.62999999999982,255
2026-04-09T17:15:00+00:00,130.62999999999982,130.8699999999999,130.58999999999983,130.81999999999988,226
2026-04-09T17:20:00+00:00,130.81999999999988,130.93999999999983,130.75999999999988,130.87999999999982,210
2026-04-09T17:25:00+00:00,130.87999999999982,131.0299999999998,130.81999999999982,130.97999999999982,192
2026-04-09T17:30:00+00:00,130.97999999999982,131.05999999999983,130.7699999999998,131.00999999999982,255
2026-04-09T17:35:00+00:00,131.00999999999982,131.17999999999978,130.97999999999982,131.1499999999998,207
2026-04-09T17:40:00+00:00,131.1499999999998,131.20999999999978,131.04999999999978,131.0699999999998,236
2026-04-09T17:45:00+00:00,131.0699999999998,131.24999999999983,131.0599999999998,131.15999999999983,217
2026-04-09T17:50:00+00:00,131.15999999999983,131.16999999999985,130.94999999999982,131.0199999999998,239
2026-04-09T17:55:00+00:00,131.0199999999998,131.1699999999998,130.97999999999982,131.1199999999998,225
2026-04-09T18:00:00+00:00,131.1199999999998,131.1599999999998,130.7199999999998,130.87999999999982,420
2026-04-09T18:05:00+00:00,130.87999999999982,131.0799999999998,130.75999999999982,130.87999999999982,345
2026-04-09T18:10:00+00:00,130.87999999999982,130.96999999999983,130.79999999999984,130.94999999999982,299
2026-04-09T18:15:00+00:00,130.94999999999982,131.0999999999998,130.9099999999998,131.0199999999998,259
2026-04-09T18:20:00+00:00,131.0199999999998,131.06999999999982,130.8999999999998,130.99999999999983,250
2026-04-09T18:25:00+00:00,130.99999999999983,131.10999999999981,130.9599999999998,131.0299999999998,261
2026-04-09T18:30:00+00:00,131.0299999999998,131.0699999999998,130.94999999999982,130.9999999999998,262
2026-04-09T18:35:00+00:00,130.9999999999998,131.1499999999998,130.9799999999998,131.0899999999998,223
2026-04-09T18:40:00+00:00,131.0899999999998,131.1299999999998,130.94999999999982,131.00999999999982,211
2026-04-09T18:45:00+00:00,131.00999999999982,131.16999999999985,131.00999999999982,131.15999999999983,183
2026-04-09T18:50:00+00:00,131.15999999999983,131.17999999999984,131.05999999999983,131.12999999999982,223
2026-04-09T18:55:00+00:00,131.12999999999982,131.15999999999983,131.00999999999982,131.00999999999982,207
2026-04-09T19:00:00+00:00,131.00999999999982,131.2699999999998,130.99999999999983,131.14999999999984,218
2026-04-09T19:05:00+00:00,131.14999999999984,131.35999999999984,131.10999999999984,131.30999999999983,222
2026-04-09T19:10:00+00:00,131.30999999999983,131.39999999999984,131.1599999999998,131.1699999999998,197
2026-04-09T19:15:00+00:00,131.1699999999998,131.2299999999998,131.0799999999998,131.0999999999998,206
2026-04-09T19:20:00+00:00,131.0999999999998,131.30999999999977,131.0799999999998,131.30999999999977,233
2026-04-09T19:25:00+00:00,131.30999999999977,131.4199999999998,131.2299999999998,131.34999999999977,269
2026-04-09T19:30:00+00:00,131.34999999999977,131.50999999999976,131.33999999999975,131.44999999999976,261
2026-04-09T19:35:00+00:00,131.44999999999976,131.7599999999998,131.42999999999975,131.6999999999998,237
2026-04-09T19:40:00+00:00,131.6999999999998,131.8399999999998,131.6599999999998,131.70999999999978,257
2026-04-09T19:45:00+00:00,131.70999999999978,131.7599999999998,131.55999999999977,131.56999999999977,311
2026-04-09T19:50:00+00:00,131.56999999999977,131.67999999999978,131.40999999999977,131.63999999999976,374
2026-04-09T19:55:00+00:00,131.63999999999976,131.66999999999976,131.16999999999973,131.27999999999975,476
2026-04-10T13:30:00+00:00,131.27999999999975,131.27999999999975,130.35999999999973,130.89999999999975,121.43330179754021
2026-04-10T13:35:00+00:00,130.89999999999975,130.94999999999976,130.50999999999976,130.7899999999997,297
2026-04-10T13:40:00+00:00,130.7899999999997,130.86999999999972,130.2699999999997,130.4699999999997,335
2026-04-10T13:45:00+00:00,130.4699999999997,130.6299999999997,129.86999999999972,130.3699999999997,421
2026-04-10T13:50:00+00:00,130.3699999999997,130.3699999999997,129.92999999999967,130.3099999999997,293
2026-04-10T13:55:00+00:00,130.3099999999997,130.8399999999997,130.0799999999997,130.80999999999966,322
2026-04-10T14:00:00+00:00,130.80999999999966,130.94999999999965,130.25999999999965,130.88999999999965,333
2026-04-10T14:05:00+00:00,130.88999999999965,131.01999999999964,130.58999999999963,130.66999999999965,303
2026-04-10T14:10:00+00:00,130.66999999999965,130.78999999999962,130.51999999999964,130.7499999999996,230
2026-04-10T14:15:00+00:00,130.7499999999996,130.95999999999958,130.70999999999958,130.8699999999996,224
2026-04-10T14:20:00+00:00,130.8699999999996,131.0599999999996,130.8199999999996,131.04999999999959,271
2026-04-10T14:25:00+00:00,131.04999999999959,131.22999999999956,130.97999999999956,131.18999999999957,217
2026-04-10T14:30:00+00:00,131.18999999999957,131.23999999999955,131.06999999999954,131.09999999999957,218
2026-04-10T14:35:00+00:00,131.09999999999957,131.26999999999958,131.01999999999958,131.2599999999996,268
2026-04-10T14:40:00+00:00,131.2599999999996,131.29999999999959,130.85999999999956,130.9999999999996,287
2026-04-10T14:45:00+00:00,130.9999999999996,131.1999999999996,130.9099999999996,131.02999999999957,270
2026-04-10T14:50:00+00:00,131.02999999999957,131.23999999999958,130.96999999999957,131.0799999999996,218
2026-04-10T14:55:00+00:00,131.0799999999996,131.3099999999996,131.0699999999996,131.17999999999958,213.404193076548
2026-04-10T15:00:00+00:00,131.17999999999958,131.2499999999996,130.99999999999957,131.18999999999957,238
2026-04-10T15:05:00+00:00,131.18999999999957,131.3499999999996,131.10999999999956,131.22999999999962,213
2026-04-10T15:10:00+00:00,131.22999999999962,131.4999999999996,131.19999999999962,131.3399999999996,233
2026-04-10T15:15:00+00:00,131.3399999999996,131.40999999999963,131.1999999999996,131.33999999999958,195
2026-04-10T15:20:00+00:00,131.33999999999958,131.43999999999954,131.20999999999958,131.39999999999958,175
2026-04-10T15:25:00+00:00,131.39999999999958,131.42999999999958,131.21999999999957,131.28999999999957,216
2026-04-10T15:30:00+00:00,131.28999999999957,131.39999999999958,131.15999999999957,131.23999999999955,239
2026-04-10T15:35:00+00:00,131.23999999999955,131.23999999999955,130.95999999999955,131.09999999999954,262
2026-04-10T15:40:00+00:00,131.09999999999954,131.14999999999952,130.96999999999952,131.02999999999955,204
2026-04-10T15:45:00+00:00,131.02999999999955,131.07999999999953,130.85999999999956,130.90999999999957,197
2026-04-10T15:50:00+00:00,130.90999999999957,130.92999999999955,130.80999999999958,130.8699999999996,164
2026-04-10T15:55:00+00:00,130.8699999999996,130.90999999999957,130.7399999999996,130.85999999999956,211
2026-04-10T16:00:00+00:00,130.85999999999956,130.97999999999956,130.80999999999955,130.90999999999957,236
2026-04-10T16:05:00+00:00,130.90999999999957,130.95999999999958,130.75999999999956,130.84999999999957,218
2026-04-10T16:10:00+00:00,130.84999999999957,130.93999999999954,130.78999999999957,130.87999999999957,191
2026-04-10T16:15:00+00:00,130.87999999999957,130.98999999999958,130.84999999999957,130.92999999999955,214
2026-04-10T16:20:00+00:00,130.92999999999955,131.00999999999956,130.84999999999957,130.98999999999955,209
2026-04-10T16:25:00+00:00,130.98999999999955,131.00999999999954,130.80999999999955,130.80999999999955,233
2026-04-10T16:30:00+00:00,130.80999999999955,130.95999999999958,130.79999999999956,130.87999999999957,160
2026-04-10T16:35:00+00:00,130.87999999999957,130.87999999999957,130.73999999999955,130.77999999999957,151
2026-04-10T16:40:00+00:00,130.77999999999957,130.80999999999958,130.5699999999996,130.6099999999996,197
2026-04-10T16:45:00+00:00,130.6099999999996,130.83999999999963,130.5599999999996,130.75999999999965,148
2026-04-10T16:50:00+00:00,130.75999999999965,130.88999999999962,130.73999999999964,130.83999999999963,150
2026-04-10T16:55:00+00:00,130.83999999999963,130.93999999999963,130.8099999999996,130.83999999999963,101
2026-04-10T17:00:00+00:00,130.83999999999963,130.9099999999996,130.7099999999996,130.9099999999996,148
2026-04-10T17:05:00+00:00,130.9099999999996,130.9199999999996,130.77999999999957,130.8099999999996,153
2026-04-10T17:10:00+00:00,130.8099999999996,130.9499999999996,130.7899999999996,130.9399999999996,124
2026-04-10T17:15:00+00:00,130.9399999999996,130.96999999999963,130.82999999999961,130.9599999999996,135
2026-04-10T17:20:00+00:00,130.9599999999996,131.04999999999959,130.90999999999957,130.9899999999996,139
2026-04-10T17:25:00+00:00,130.9899999999996,131.07999999999961,130.9699999999996,131.01999999999964,119
2026-04-10T17:30:00+00:00,131.01999999999964,131.17999999999967,130.97999999999962,131.11999999999964,180
2026-04-10T17:35:00+00:00,131.11999999999964,131.31999999999965,131.10999999999962,131.30999999999963,145
2026-04-10T17:40:00+00:00,131.30999999999963,131.35999999999962,131.14999999999964,131.23999999999964,156
2026-04-10T17:45:00+00:00,131.23999999999964,131.28999999999968,131.18999999999963,131.26999999999967,176
2026-04-10T17:50:00+00:00,131.26999999999967,131.33999999999966,131.2199999999997,131.30999999999963,147
2026-04-10T17:55:00+00:00,131.30999999999963,131.4299999999996,131.26999999999964,131.4299999999996,158
2026-04-10T18:00:00+00:00,131.4299999999996,131.5699999999996,131.41999999999962,131.4899999999996,153
2026-04-10T18:05:00+00:00,131.4899999999996,131.5499999999996,131.3999999999996,131.3999999999996,186
2026-04-10T18:10:00+00:00,131.3999999999996,131.5699999999996,131.3999999999996,131.5699999999996,132
2026-04-10T18:15:00+00:00,131.5699999999996,131.58999999999958,131.5099999999996,131.55999999999958,155
2026-04-10T18:20:00+00:00,131.55999999999958,131.69999999999956,131.52999999999957,131.64999999999958,219
2026-04-10T18:25:00+00:00,131.64999999999958,131.8199999999996,131.6299999999996,131.6799999999996,159
2026-04-10T18:30:00+00:00,131.6799999999996,131.7699999999996,131.6399999999996,131.7099999999996,90
2026-04-10T18:35:00+00:00,131.7099999999996,131.7599999999996,131.5599999999996,131.5599999999996,146
2026-04-10T18:40:00+00:00,131.5599999999996,131.6499999999996,131.4799999999996,131.53999999999957,141
2026-04-10T18:45:00+00:00,131.53999999999957,131.6299999999996,131.49999999999957,131.5799999999996,95
2026-04-10T18:50:00+00:00,131.5799999999996,131.6399999999996,131.54999999999956,131.60999999999956,110
2026-04-10T18:55:00+00:00,131.60999999999956,131.68999999999954,131.52999999999955,131.67999999999955,131
2026-04-10T19:00:00+00:00,131.67999999999955,131.72999999999956,131.60999999999956,131.66999999999956,146
2026-04-10T19:05:00+00:00,131.66999999999956,131.74999999999955,131.57999999999956,131.61999999999955,153
2026-04-10T19:10:00+00:00,131.61999999999955,131.79999999999956,131.61999999999955,131.70999999999958,175
2026-04-10T19:15:00+00:00,131.70999999999958,131.78999999999957,131.65999999999957,131.72999999999956,125
2026-04-10T19:20:00+00:00,131.72999999999956,131.74999999999955,131.58999999999958,131.61999999999958,225
2026-04-10T19:25:00+00:00,131.61999999999958,131.65999999999957,131.27999999999957,131.2899999999996,239
2026-04-10T19:30:00+00:00,131.2899999999996,131.32999999999953,131.1699999999996,131.27999999999955,251
2026-04-10T19:35:00+00:00,131.27999999999955,131.28999999999957,131.03999999999957,131.09999999999957,255
2026-04-10T19:40:00+00:00,131.09999999999957,131.11999999999955,130.96999999999957,130.97999999999956,261
2026-04-10T19:45:00+00:00,130.97999999999956,131.03999999999957,130.7599999999996,130.83999999999958,316
2026-04-10T19:50:00+00:00,130.83999999999958,130.92999999999958,130.71999999999952,130.78999999999954,363
2026-04-10T19:55:00+00:00,130.78999999999954,130.79999999999953,130.45999999999952,130.73999999999955,611
2026-04-13T13:30:00+00:00,130.73999999999955,130.73999999999955,128.50999999999954,129.13999999999953,276
2026-04-13T13:35:00+00:00,129.13999999999953,129.59999999999954,128.95999999999952,129.30999999999955,343
2026-04-13T13:40:00+00:00,129.30999999999955,129.50999999999956,128.97999999999956,129.48999999999955,260
2026-04-13T13:45:00+00:00,129.48999999999955,129.66999999999956,129.22999999999956,129.53999999999957,277
2026-04-13T13:50:00+00:00,129.53999999999957,129.9499999999996,129.34999999999957,129.8299999999996,275
2026-04-13T13:55:00+00:00,129.8299999999996,130.33999999999955,129.58999999999958,130.19999999999953,269
2026-04-13T14:00:00+00:00,130.19999999999953,130.40999999999954,129.95999999999955,130.04999999999956,287
2026-04-13T14:05:00+00:00,130.04999999999956,130.23999999999955,129.93999999999954,130.06999999999957,301
2026-04-13T14:10:00+00:00,130.06999999999957,130.15999999999957,129.85999999999956,130.02999999999957,336
2026-04-13T14:15:00+00:00,130.02999999999957,130.16999999999956,129.95999999999958,130.09999999999957,306
2026-04-13T14:20:00+00:00,130.09999999999957,130.3099999999996,130.01999999999958,130.13999999999962,518
2026-04-13T14:25:00+00:00,130.13999999999962,130.2799999999996,130.0599999999996,130.20999999999958,319
2026-04-13T14:30:00+00:00,130.20999999999958,130.52999999999957,130.1999999999996,130.42999999999955,305
2026-04-13T14:35:00+00:00,130.42999999999955,130.46999999999954,130.26999999999956,130.38999999999953,230
2026-04-13T14:40:00+00:00,130.38999999999953,130.74999999999952,130.35999999999953,130.69999999999953,326
2026-04-13T14:45:00+00:00,130.69999999999953,130.74999999999955,130.46999999999957,130.54999999999959,376
2026-04-13T14:50:00+00:00,130.54999999999959,130.63999999999962,130.4399999999996,130.47999999999962,351
2026-04-13T14:55:00+00:00,130.47999999999962,130.76999999999964,130.46999999999963,130.70999999999964,274
2026-04-13T15:00:00+00:00,130.70999999999964,130.78999999999962,130.55999999999963,130.58999999999963,463
2026-04-13T15:05:00+00:00,130.58999999999963,130.67999999999964,130.34999999999965,130.41999999999965,348
2026-04-13T15:10:00+00:00,130.41999999999965,130.51999999999964,130.36999999999966,130.42999999999967,267
2026-04-13T15:15:00+00:00,130.42999999999967,130.58999999999966,130.38999999999965,130.40999999999968,250
2026-04-13T15:20:00+00:00,130.40999999999968,130.5699999999997,130.3999999999997,130.4599999999997,274
2026-04-13T15:25:00+00:00,130.4599999999997,130.5099999999997,130.3999999999997,130.4699999999997,229
2026-04-13T15:30:00+00:00,130.4699999999997,130.4899999999997,130.29999999999967,130.47999999999968,207
2026-04-13T15:35:00+00:00,130.47999999999968,130.69999999999965,130.42999999999967,130.69999999999965,379
2026-04-13T15:40:00+00:00,130.69999999999965,130.73999999999967,130.51999999999964,130.58999999999963,250
2026-04-13T15:45:00+00:00,130.58999999999963,130.6899999999996,130.51999999999964,130.57999999999961,170
2026-04-13T15:50:00+00:00,130.57999999999961,130.6899999999996,130.5699999999996,130.6299999999996,208
2026-04-13T15:55:00+00:00,130.6299999999996,130.7599999999996,130.6099999999996,130.68999999999954,235
2026-04-13T16:00:00+00:00,130.68999999999954,130.76999999999958,130.64999999999955,130.7599999999996,132
2026-04-13T16:05:00+00:00,130.7599999999996,131.08999999999958,130.71999999999957,131.0499999999996,454
2026-04-13T16:10:00+00:00,131.0499999999996,131.14999999999964,130.9999999999996,131.1199999999996,242
2026-04-13T16:15:00+00:00,131.1199999999996,131.2599999999996,131.10999999999962,131.1799999999996,247
2026-04-13T16:20:00+00:00,131.1799999999996,131.3699999999996,131.1699999999996,131.2799999999996,348
2026-04-13T16:25:00+00:00,131.2799999999996,131.4799999999996,131.2399999999996,131.45999999999958,264
2026-04-13T16:30:00+00:00,131.45999999999958,131.61999999999958,131.3899999999996,131.46999999999957,388
2026-04-13T16:35:00+00:00,131.46999999999957,131.71999999999957,131.43999999999957,131.49999999999955,368
2026-04-13T16:40:00+00:00,131.49999999999955,131.61999999999955,131.25999999999956,131.47999999999956,436
2026-04-13T16:45:00+00:00,131.47999999999956,131.7599999999996,131.42999999999955,131.65999999999957,390
2026-04-13T16:50:00+00:00,131.65999999999957,131.85999999999956,131.50999999999954,131.60999999999956,343
2026-04-13T16:55:00+00:00,131.60999999999956,131.70999999999958,131.55999999999955,131.62999999999954,232
2026-04-13T17:00:00+00:00,131.62999999999954,131.70999999999952,131.53999999999957,131.6899999999995,221
2026-04-13T17:05:00+00:00,131.6899999999995,131.7199999999995,131.5699999999995,131.6299999999995,217
2026-04-13T17:10:00+00:00,131.6299999999995,131.7399999999995,131.5799999999995,131.6599999999995,201
2026-04-13T17:15:00+00:00,131.6599999999995,131.6999999999995,131.5499999999995,131.6199999999995,163
2026-04-13T17:20:00+00:00,131.6199999999995,131.62999999999948,131.52999999999946,131.52999999999946,192
2026-04-13T17:25:00+00:00,131.52999999999946,131.65999999999948,131.51999999999947,131.64999999999947,202
2026-04-13T17:30:00+00:00,131.64999999999947,131.73999999999947,131.63999999999947,131.70999999999947,192
2026-04-13T17:35:00+00:00,131.70999999999947,131.70999999999947,131.56999999999948,131.65999999999948,188
2026-04-13T17:40:00+00:00,131.65999999999948,131.7399999999995,131.51999999999947,131.5999999999995,211
2026-04-13T17:45:00+00:00,131.5999999999995,131.70999999999947,131.5599999999995,131.62999999999948,152
2026-04-13T17:50:00+00:00,131.62999999999948,131.69999999999948,131.60999999999947,131.6899999999995,163
2026-04-13T17:55:00+00:00,131.6899999999995,131.69999999999948,131.5599999999995,131.63999999999947,161
2026-04-13T18:00:00+00:00,131.63999999999947,131.81999999999948,131.62999999999948,131.71999999999946,212
2026-04-13T18:05:00+00:00,131.71999999999946,131.77999999999946,131.66999999999945,131.75999999999948,151
2026-04-13T18:10:00+00:00,131.75999999999948,131.8499999999995,131.7399999999995,131.81999999999948,157
2026-04-13T18:15:00+00:00,131.81999999999948,131.82999999999947,131.70999999999947,131.75999999999948,132
2026-04-13T18:20:00+00:00,131.75999999999948,131.7799999999995,131.6699999999995,131.69999999999948,200
2026-04-13T18:25:00+00:00,131.69999999999948,131.72999999999945,131.64999999999947,131.71999999999943,123
2026-04-13T18:30:00+00:00,131.71999999999943,131.72999999999945,131.64999999999944,131.69999999999945,180
2026-04-13T18:35:00+00:00,131.69999999999945,131.7499999999995,131.64999999999947,131.6799999999995,175
2026-04-13T18:40:00+00:00,131.6799999999995,131.7299999999995,131.6499999999995,131.6899999999995,148
2026-04-13T18:45:00+00:00,131.6899999999995,131.79999999999947,131.64999999999947,131.73999999999947,229
2026-04-13T18:50:00+00:00,131.73999999999947,131.84999999999945,131.68999999999946,131.75999999999942,199
2026-04-13T18:55:00+00:00,131.75999999999942,131.84999999999943,131.7299999999994,131.7699999999994,196
2026-04-13T19:00:00+00:00,131.7699999999994,131.91999999999942,131.7499999999994,131.81999999999942,218
2026-04-13T19:05:00+00:00,131.81999999999942,131.88999999999942,131.7799999999994,131.85999999999942,161
2026-04-13T19:10:00+00:00,131.85999999999942,131.94999999999942,131.8399999999994,131.91999999999942,183
2026-04-13T19:15:00+00:00,131.91999999999942,132.08999999999946,131.87999999999943,132.08999999999946,172
2026-04-13T19:20:00+00:00,132.08999999999946,132.20999999999947,132.00999999999948,132.18999999999946,146
2026-04-13T19:25:00+00:00,132.18999999999946,132.23999999999947,132.13999999999947,132.18999999999946,104
2026-04-13T19:30:00+00:00,132.18999999999946,132.31999999999948,132.10999999999945,132.27999999999946,189
2026-04-13T19:35:00+00:00,132.27999999999946,132.45999999999947,132.27999999999946,132.33999999999946,179
2026-04-13T19:40:00+00:00,132.33999999999946,132.39999999999947,132.10999999999945,132.22999999999945,231
2026-04-13T19:45:00+00:00,132.22999999999945,132.22999999999945,132.01999999999947,132.01999999999947,321
2026-04-13T19:50:00+00:00,132.01999999999947,132.28999999999945,132.01999999999947,132.14999999999947,524
2026-04-13T19:55:00+00:00,132.14999999999947,132.6799999999995,132.05999999999946,132.59999999999948,945
2026-04-14T13:30:00+00:00,132.59999999999948,136.65999999999948,132.59999999999948,134.70999999999947,446
2026-04-14T13:35:00+00:00,134.70999999999947,135.20999999999947,134.06999999999948,134.9999999999995,528
2026-04-14T13:40:00+00:00,134.9999999999995,135.9699999999995,134.7499999999995,135.06999999999948,419
2026-04-14T13:45:00+00:00,135.06999999999948,135.31999999999948,134.06999999999948,134.57999999999947,325
2026-04-14T13:50:00+00:00,134.57999999999947,134.86999999999946,134.35999999999947,134.72999999999948,296
2026-04-14T13:55:00+00:00,134.72999999999948,134.86999999999946,133.9299999999995,134.31999999999948,251
2026-04-14T14:00:00+00:00,134.31999999999948,134.60999999999947,133.95999999999947,134.07999999999947,237
2026-04-14T14:05:00+00:00,134.07999999999947,134.2499999999995,133.64999999999952,134.0699999999995,277
2026-04-14T14:10:00+00:00,134.0699999999995,134.23999999999953,133.7599999999995,134.1199999999995,213
2026-04-14T14:15:00+00:00,134.1199999999995,134.1499999999995,133.76999999999947,133.95999999999947,368
2026-04-14T14:20:00+00:00,133.95999999999947,133.95999999999947,133.49999999999946,133.52999999999946,278
2026-04-14T14:25:00+00:00,133.52999999999946,133.76999999999947,133.25999999999942,133.26999999999944,323
2026-04-14T14:30:00+00:00,133.26999999999944,133.91999999999945,133.20999999999944,133.52999999999943,329
2026-04-14T14:35:00+00:00,133.52999999999943,133.9599999999994,133.49999999999943,133.7099999999994,256
2026-04-14T14:40:00+00:00,133.7099999999994,134.0799999999994,133.7099999999994,133.8799999999994,216
2026-04-14T14:45:00+00:00,133.8799999999994,134.49999999999937,133.8799999999994,134.4099999999994,219
2026-04-14T14:50:00+00:00,134.4099999999994,135.2199999999994,134.3599999999994,134.9399999999994,315
2026-04-14T14:55:00+00:00,134.9399999999994,135.0699999999994,134.5899999999994,134.7899999999994,198
2026-04-14T15:00:00+00:00,134.7899999999994,134.9499999999994,134.5299999999994,134.7899999999994,235
2026-04-14T15:05:00+00:00,134.7899999999994,134.95999999999938,134.51999999999938,134.5299999999994,215
2026-04-14T15:10:00+00:00,134.5299999999994,134.76999999999938,134.1599999999994,134.1799999999994,173
2026-04-14T15:15:00+00:00,134.1799999999994,134.4599999999994,134.0299999999994,134.43999999999937,206
2026-04-14T15:20:00+00:00,134.43999999999937,134.70999999999935,134.32999999999936,134.65999999999937,202
2026-04-14T15:25:00+00:00,134.65999999999937,134.73999999999936,134.49999999999937,134.70999999999935,153
2026-04-14T15:30:00+00:00,134.70999999999935,136.29999999999936,134.68999999999937,136.09999999999937,354
2026-04-14T15:35:00+00:00,136.09999999999937,136.97999999999936,136.07999999999936,136.48999999999936,422
2026-04-14T15:40:00+00:00,136.48999999999936,136.56999999999937,135.80999999999938,135.88999999999936,210
2026-04-14T15:45:00+00:00,135.88999999999936,136.12999999999937,135.80999999999938,136.01999999999936,255
2026-04-14T15:50:00+00:00,136.01999999999936,136.38999999999936,135.95999999999935,136.32999999999936,261
2026-04-14T15:55:00+00:00,136.32999999999936,136.38999999999936,136.11999999999935,136.21999999999937,281
2026-04-14T16:00:00+00:00,136.21999999999937,136.35999999999936,136.09999999999937,136.10999999999936,245
2026-04-14T16:05:00+00:00,136.10999999999936,136.32999999999936,135.93999999999937,136.08999999999938,228
2026-04-14T16:10:00+00:00,136.08999999999938,136.13999999999936,135.88999999999936,135.90999999999937,191
2026-04-14T16:15:00+00:00,135.90999999999937,136.37999999999937,135.89999999999935,136.19999999999936,227
2026-04-14T16:20:00+00:00,136.19999999999936,136.21999999999937,135.95999999999935,136.10999999999936,127
2026-04-14T16:25:00+00:00,136.10999999999936,136.37999999999937,135.99999999999937,136.14999999999935,230
2026-04-14T16:30:00+00:00,136.14999999999935,136.37999999999937,136.03999999999937,136.33999999999938,211
2026-04-14T16:35:00+00:00,136.33999999999938,136.53999999999937,136.12999999999937,136.46999999999937,230
2026-04-14T16:40:00+00:00,136.46999999999937,136.59999999999937,136.23999999999936,136.38999999999936,184
2026-04-14T16:45:00+00:00,136.38999999999936,136.48999999999936,136.24999999999937,136.33999999999938,149
2026-04-14T16:50:00+00:00,136.33999999999938,136.44999999999936,136.14999999999935,136.27999999999938,211
2026-04-14T16:55:00+00:00,136.27999999999938,136.49999999999937,136.23999999999936,136.32999999999936,155
2026-04-14T17:00:00+00:00,136.32999999999936,136.59999999999937,136.29999999999936,136.43999999999937,173
2026-04-14T17:05:00+00:00,136.43999999999937,136.58999999999938,136.43999999999937,136.56999999999937,119
2026-04-14T17:10:00+00:00,136.56999999999937,136.65999999999937,136.48999999999936,136.51999999999936,139
2026-04-14T17:15:00+00:00,136.51999999999936,136.61999999999935,136.45999999999935,136.56999999999937,136
2026-04-14T17:20:00+00:00,136.56999999999937,136.68999999999937,136.45999999999935,136.66999999999936,148
2026-04-14T17:25:00+00:00,136.66999999999936,136.79999999999936,136.53999999999937,136.79999999999936,226
2026-04-14T17:30:00+00:00,136.79999999999936,137.05999999999938,136.77999999999938,137.05999999999938,117
2026-04-14T17:35:00+00:00,137.05999999999938,137.30999999999938,136.98999999999936,137.26999999999936,265
2026-04-14T17:40:00+00:00,137.26999999999936,137.31999999999937,137.06999999999937,137.09999999999937,206
2026-04-14T17:45:00+00:00,137.09999999999937,137.21999999999937,136.89999999999935,136.94999999999936,179
2026-04-14T17:50:00+00:00,136.94999999999936,137.02999999999938,136.69999999999936,136.87999999999937,220
2026-04-14T17:55:00+00:00,136.87999999999937,136.92999999999935,136.66999999999936,136.70999999999935,195
2026-04-14T18:00:00+00:00,136.70999999999935,137.10999999999936,136.70999999999935,137.01999999999936,156
2026-04-14T18:05:00+00:00,137.01999999999936,137.10999999999936,136.94999999999936,137.10999999999936,130
2026-04-14T18:10:00+00:00,137.10999999999936,137.24999999999937,137.00999999999937,137.22999999999936,151
2026-04-14T18:15:00+00:00,137.22999999999936,137.25999999999937,136.98999999999936,137.01999999999936,195
2026-04-14T18:20:00+00:00,137.01999999999936,137.14999999999935,136.71999999999937,136.89999999999935,256
2026-04-14T18:25:00+00:00,136.89999999999935,136.99999999999937,136.72999999999936,136.82999999999936,184
2026-04-14T18:30:00+00:00,136.82999999999936,136.90999999999937,136.56999999999937,136.68999999999937,201
2026-04-14T18:35:00+00:00,136.68999999999937,136.83999999999938,136.64999999999935,136.68999999999937,123
2026-04-14T18:40:00+00:00,136.68999999999937,136.80999999999938,136.57999999999936,136.58999999999938,187
2026-04-14T18:45:00+00:00,136.58999999999938,136.78999999999937,136.56999999999937,136.71999999999937,206
2026-04-14T18:50:00+00:00,136.71999999999937,136.81999999999937,136.57999999999936,136.78999999999937,193
2026-04-14T18:55:00+00:00,136.78999999999937,136.83999999999938,136.63999999999936,136.81999999999937,136
2026-04-14T19:00:00+00:00,136.81999999999937,136.93999999999937,136.69999999999936,136.84999999999937,199
2026-04-14T19:05:00+00:00,136.84999999999937,136.91999999999936,136.56999999999937,136.67999999999935,180
2026-04-14T19:10:00+00:00,136.67999999999935,136.71999999999937,136.45999999999935,136.52999999999938,189
2026-04-14T19:15:00+00:00,136.52999999999938,136.53999999999937,135.90999999999937,136.02999999999938,236
2026-04-14T19:20:00+00:00,136.02999999999938,136.08999999999938,135.59999999999937,135.93999999999937,233
2026-04-14T19:25:00+00:00,135.93999999999937,136.21999999999937,135.91999999999936,136.02999999999938,303
2026-04-14T19:30:00+00:00,136.02999999999938,136.05999999999938,135.72999999999936,135.76999999999936,297
2026-04-14T19:35:00+00:00,135.76999999999936,136.01999999999936,135.68999999999937,136.01999999999936,278
2026-04-14T19:40:00+00:00,136.01999999999936,136.13999999999936,135.96999999999937,136.05999999999938,260
2026-04-14T19:45:00+00:00,136.05999999999938,136.09999999999937,135.59999999999937,135.72999999999936,307
2026-04-14T19:50:00+00:00,135.72999999999936,135.80999999999938,135.27999999999938,135.27999999999938,419
2026-04-14T19:55:00+00:00,135.27999999999938,136.07999999999936,135.26999999999936,136.07999999999936,798
2026-04-15T13:30:00+00:00,136.07999999999936,139.00999999999937,136.07999999999936,137.96999999999937,332
2026-04-15T13:35:00+00:00,137.96999999999937,138.94999999999936,137.33999999999938,138.55999999999938,430
2026-04-15T13:40:00+00:00,138.55999999999938,138.91999999999936,137.55999999999938,137.57999999999936,408
2026-04-15T13:45:00+00:00,137.57999999999936,138.47999999999936,137.55999999999938,137.96999999999937,364
2026-04-15T13:50:00+00:00,137.96999999999937,138.47999999999936,137.84999999999937,137.94999999999936,449
2026-04-15T13:55:00+00:00,137.94999999999936,138.30999999999938,137.86999999999935,138.01999999999936,324
2026-04-15T14:00:00+00:00,138.01999999999936,138.12999999999937,137.12999999999937,137.23999999999936,325
2026-04-15T14:05:00+00:00,137.23999999999936,137.52999999999938,136.95999999999935,137.38999999999936,202
2026-04-15T14:10:00+00:00,137.38999999999936,137.71999999999937,137.35999999999936,137.40999999999937,405
2026-04-15T14:15:00+00:00,137.40999999999937,137.60999999999936,137.04999999999936,137.06999999999937,275
2026-04-15T14:20:00+00:00,137.06999999999937,137.94999999999936,137.06999999999937,137.87999999999937,336
2026-04-15T14:25:00+00:00,137.87999999999937,138.26999999999936,137.75999999999937,138.24999999999937,302
2026-04-15T14:30:00+00:00,138.24999999999937,138.48999999999936,138.14999999999935,138.18999999999937,437
2026-04-15T14:35:00+00:00,138.18999999999937,138.62999999999937,138.18999999999937,138.43999999999937,438
2026-04-15T14:40:00+00:00,138.43999999999937,138.86999999999935,138.40999999999937,138.48999999999936,311
2026-04-15T14:45:00+00:00,138.48999999999936,138.52999999999938,137.83999999999938,137.91999999999936,255
2026-04-15T14:50:00+00:00,137.91999999999936,137.97999999999936,137.50999999999937,137.58999999999938,291
2026-04-15T14:55:00+00:00,137.58999999999938,137.89999999999938,137.49999999999937,137.89999999999938,345.1676646706587
2026-04-15T15:00:00+00:00,137.89999999999938,138.03999999999937,137.81999999999937,137.96999999999937,357
2026-04-15T15:05:00+00:00,137.96999999999937,138.18999999999937,137.84999999999937,138.12999999999937,353
2026-04-15T15:10:00+00:00,138.12999999999937,138.31999999999937,138.11999999999938,138.27999999999938,309
2026-04-15T15:15:00+00:00,138.27999999999938,138.48999999999938,138.11999999999938,138.3299999999994,363
2026-04-15T15:20:00+00:00,138.3299999999994,138.5499999999994,138.23999999999938,138.31999999999937,315
2026-04-15T15:25:00+00:00,138.31999999999937,138.44999999999936,138.11999999999938,138.12999999999937,300
2026-04-15T15:30:00+00:00,138.12999999999937,138.26999999999938,138.01999999999938,138.0499999999994,269
2026-04-15T15:35:00+00:00,138.0499999999994,138.16999999999936,138.03999999999937,138.09999999999937,235
2026-04-15T15:40:00+00:00,138.09999999999937,138.20999999999938,137.99999999999937,138.17999999999938,259
2026-04-15T15:45:00+00:00,138.17999999999938,138.3599999999994,138.1099999999994,138.28999999999937,356
2026-04-15T15:50:00+00:00,138.28999999999937,138.39999999999938,138.12999999999937,138.24999999999937,263
2026-04-15T15:55:00+00:00,138.24999999999937,138.2999999999994,138.12999999999937,138.15999999999937,393
2026-04-15T16:00:00+00:00,138.15999999999937,138.25999999999937,137.99999999999937,138.01999999999938,252
2026-04-15T16:05:00+00:00,138.01999999999938,138.13999999999936,137.93999999999937,138.03999999999937,213
2026-04-15T16:10:00+00:00,138.03999999999937,138.15999999999937,138.00999999999937,138.15999999999937,198
2026-04-15T16:15:00+00:00,138.15999999999937,138.3299999999994,137.98999999999938,138.16999999999936,185
2026-04-15T16:20:00+00:00,138.16999999999936,138.31999999999937,138.12999999999937,138.30999999999938,280
2026-04-15T16:25:00+00:00,138.30999999999938,138.30999999999938,138.11999999999938,138.17999999999938,247
2026-04-15T16:30:00+00:00,138.17999999999938,138.34999999999937,137.98999999999938,138.21999999999937,293
2026-04-15T16:35:00+00:00,138.21999999999937,138.33999999999938,138.13999999999936,138.16999999999936,318
2026-04-15T16:40:00+00:00,138.16999999999936,138.17999999999938,137.90999999999937,137.90999999999937,270
2026-04-15T16:45:00+00:00,137.90999999999937,137.98999999999938,137.61999999999938,137.7999999999994,276
2026-04-15T16:50:00+00:00,137.7999999999994,137.96999999999937,137.67999999999938,137.70999999999938,196
2026-04-15T16:55:00+00:00,137.70999999999938,137.77999999999938,137.58999999999938,137.70999999999938,192
2026-04-15T17:00:00+00:00,137.70999999999938,137.88999999999936,137.63999999999936,137.8599999999994,184
2026-04-15T17:05:00+00:00,137.8599999999994,137.92999999999938,137.75999999999937,137.77999999999938,139
2026-04-15T17:10:00+00:00,137.77999999999938,137.91999999999936,137.72999999999936,137.88999999999936,132
2026-04-15T17:15:00+00:00,137.88999999999936,137.96999999999937,137.63999999999936,137.63999999999936,150
2026-04-15T17:20:00+00:00,137.63999999999936,137.74999999999937,137.58999999999938,137.66999999999936,192
2026-04-15T17:25:00+00:00,137.66999999999936,137.72999999999936,137.5499999999994,137.66999999999936,216
2026-04-15T17:30:00+00:00,137.66999999999936,137.89999999999938,137.65999999999937,137.83999999999938,215
2026-04-15T17:35:00+00:00,137.83999999999938,138.00999999999937,137.83999999999938,137.93999999999937,206
2026-04-15T17:40:00+00:00,137.93999999999937,138.02999999999938,137.87999999999937,138.00999999999937,177
2026-04-15T17:45:00+00:00,138.00999999999937,138.12999999999937,137.97999999999936,138.00999999999937,186
2026-04-15T17:50:00+00:00,138.00999999999937,138.03999999999937,137.92999999999938,138.00999999999937,167
2026-04-15T17:55:00+00:00,138.00999999999937,138.03999999999937,137.88999999999936,137.92999999999938,133
2026-04-15T18:00:00+00:00,137.92999999999938,138.19999999999936,137.86999999999938,138.05999999999938,266
2026-04-15T18:05:00+00:00,138.05999999999938,138.17999999999938,138.03999999999937,138.12999999999937,189
2026-04-15T18:10:00+00:00,138.12999999999937,138.16999999999936,137.97999999999936,138.06999999999937,175
2026-04-15T18:15:00+00:00,138.06999999999937,138.1099999999994,137.95999999999938,138.02999999999938,220
2026-04-15T18:20:00+00:00,138.02999999999938,138.12999999999937,137.97999999999936,138.08999999999938,149
2026-04-15T18:25:00+00:00,138.08999999999938,138.17999999999938,138.00999999999937,138.06999999999937,176
2026-04-15T18:30:00+00:00,138.06999999999937,138.11999999999938,137.97999999999936,138.05999999999938,224
2026-04-15T18:35:00+00:00,138.05999999999938,138.08999999999938,137.80999999999938,137.91999999999936,193
2026-04-15T18:40:00+00:00,137.91999999999936,137.92999999999938,137.68999999999937,137.83999999999938,200
2026-04-15T18:45:00+00:00,137.83999999999938,138.03999999999937,137.83999999999938,138.02999999999938,178
2026-04-15T18:50:00+00:00,138.02999999999938,138.13999999999936,138.02999999999938,138.1099999999994,142
2026-04-15T18:55:00+00:00,138.1099999999994,138.23999999999938,138.06999999999937,138.21999999999937,190
2026-04-15T19:00:00+00:00,138.21999999999937,138.3299999999994,138.13999999999936,138.24999999999937,205
2026-04-15T19:05:00+00:00,138.24999999999937,138.28999999999937,138.03999999999937,138.08999999999938,169
2026-04-15T19:10:00+00:00,138.08999999999938,138.23999999999938,138.03999999999937,138.0799999999994,168
2026-04-15T19:15:00+00:00,138.0799999999994,138.30999999999938,138.03999999999937,138.24999999999937,222
2026-04-15T19:20:00+00:00,138.24999999999937,138.34999999999937,138.18999999999937,138.26999999999938,251
2026-04-15T19:25:00+00:00,138.26999999999938,138.43999999999937,138.26999999999938,138.38999999999936,245
2026-04-15T19:30:00+00:00,138.38999999999936,138.50999999999937,138.33999999999938,138.43999999999937,267
2026-04-15T19:35:00+00:00,138.43999999999937,138.5499999999994,138.28999999999937,138.30999999999938,209
2026-04-15T19:40:00+00:00,138.30999999999938,138.38999999999936,138.17999999999938,138.24999999999937,234
2026-04-15T19:45:00+00:00,138.24999999999937,138.3299999999994,137.92999999999938,137.93999999999937,287
2026-04-15T19:50:00+00:00,137.93999999999937,138.26999999999938,137.93999999999937,138.20999999999938,400
2026-04-15T19:55:00+00:00,138.20999999999938,138.58999999999938,137.99999999999937,138.0799999999994,708
2026-04-16T13:30:00+00:00,138.0799999999994,138.73999999999938,136.94999999999936,138.2999999999994,238
2026-04-16T13:35:00+00:00,138.2999999999994,138.95999999999938,138.23999999999938,138.91999999999936,389
2026-04-16T13:40:00+00:00,138.91999999999936,139.11999999999938,138.41999999999936,138.68999999999937,399
2026-04-16T13:45:00+00:00,138.68999999999937,138.86999999999938,137.89999999999938,137.99999999999937,453
2026-04-16T13:50:00+00:00,137.99999999999937,138.13999999999936,137.50999999999937,137.53999999999937,269
2026-04-16T13:55:00+00:00,137.53999999999937,137.86999999999938,137.47999999999936,137.80999999999938,352
2026-04-16T14:00:00+00:00,137.80999999999938,137.87999999999937,137.28999999999937,137.39999999999938,416
2026-04-16T14:05:00+00:00,137.39999999999938,137.86999999999938,137.39999999999938,137.81999999999937,267
2026-04-16T14:10:00+00:00,137.81999999999937,138.00999999999937,137.6099999999994,137.62999999999937,318
2026-04-16T14:15:00+00:00,137.62999999999937,137.71999999999937,137.08999999999938,137.13999999999936,312
2026-04-16T14:20:00+00:00,137.13999999999936,137.27999999999938,136.89999999999938,137.27999999999938,323
2026-04-16T14:25:00+00:00,137.27999999999938,137.27999999999938,136.98999999999938,137.20999999999938,268
2026-04-16T14:30:00+00:00,137.20999999999938,137.36999999999938,137.03999999999937,137.09999999999937,309
2026-04-16T14:35:00+00:00,137.09999999999937,137.16999999999936,136.78999999999937,136.8599999999994,342
2026-04-16T14:40:00+00:00,136.8599999999994,136.96999999999937,136.76999999999938,136.8599999999994,307
2026-04-16T14:45:00+00:00,136.8599999999994,136.93999999999937,136.72999999999936,136.76999999999938,565
2026-04-16T14:50:00+00:00,136.76999999999938,136.90999999999937,136.64999999999938,136.65999999999937,261
2026-04-16T14:55:00+00:00,136.65999999999937,136.80999999999938,136.47999999999936,136.59999999999937,318
2026-04-16T15:00:00+00:00,136.59999999999937,136.75999999999937,136.46999999999937,136.49999999999937,273
2026-04-16T15:05:00+00:00,136.49999999999937,136.70999999999938,136.41999999999936,136.58999999999938,326
2026-04-16T15:10:00+00:00,136.58999999999938,136.76999999999938,136.58999999999938,136.73999999999938,296
2026-04-16T15:15:00+00:00,136.73999999999938,136.81999999999937,136.43999999999937,136.43999999999937,299
2026-04-16T15:20:00+00:00,136.43999999999937,136.5499999999994,136.28999999999937,136.36999999999938,271
2026-04-16T15:25:00+00:00,136.36999999999938,136.38999999999936,135.87999999999937,135.89999999999938,346
2026-04-16T15:30:00+00:00,135.89999999999938,136.02999999999938,135.66999999999936,135.87999999999937,381
2026-04-16T15:35:00+00:00,135.87999999999937,136.24999999999937,135.71999999999937,136.17999999999938,515
2026-04-16T15:40:00+00:00,136.17999999999938,136.23999999999938,136.09999999999937,136.13999999999936,303
2026-04-16T15:45:00+00:00,136.13999999999936,136.26999999999938,136.0499999999994,136.23999999999938,269
2026-04-16T15:50:00+00:00,136.23999999999938,136.51999999999938,136.18999999999937,136.48999999999938,177
2026-04-16T15:55:00+00:00,136.48999999999938,136.71999999999937,136.43999999999937,136.59999999999937,229
2026-04-16T16:00:00+00:00,136.59999999999937,136.77999999999938,136.52999999999938,136.6099999999994,319
2026-04-16T16:05:00+00:00,136.6099999999994,136.72999999999936,136.52999999999938,136.58999999999938,197
2026-04-16T16:10:00+00:00,136.58999999999938,136.67999999999938,136.31999999999937,136.31999999999937,178
2026-04-16T16:15:00+00:00,136.31999999999937,136.5799999999994,136.30999999999938,136.49999999999937,208
2026-04-16T16:20:00+00:00,136.49999999999937,136.52999999999938,136.3299999999994,136.39999999999938,188
2026-04-16T16:25:00+00:00,136.39999999999938,136.44999999999936,136.27999999999938,136.34999999999937,179
2026-04-16T16:30:00+00:00,136.34999999999937,136.38999999999936,135.91999999999936,136.1099999999994,358
2026-04-16T16:35:00+00:00,136.1099999999994,136.18999999999937,135.99999999999937,136.15999999999937,279
2026-04-16T16:40:00+00:00,136.15999999999937,136.19999999999936,135.8599999999994,135.96999999999937,217
2026-04-16T16:45:00+00:00,135.96999999999937,136.11999999999938,135.94999999999936,136.06999999999937,236
2026-04-16T16:50:00+00:00,136.06999999999937,136.09999999999937,135.8299999999994,135.91999999999936,218
2026-04-16T16:55:00+00:00,135.91999999999936,136.08999999999938,135.88999999999936,136.00999999999937,213
2026-04-16T17:00:00+00:00,136.00999999999937,136.03999999999937,135.92999999999938,135.96999999999937,167
2026-04-16T17:05:00+00:00,135.96999999999937,135.96999999999937,135.80999999999938,135.90999999999937,249
2026-04-16T17:10:00+00:00,135.90999999999937,136.01999999999938,135.86999999999938,135.90999999999937,272
2026-04-16T17:15:00+00:00,135.90999999999937,136.01999999999938,135.78999999999937,135.84999999999937,363
2026-04-16T17:20:00+00:00,135.84999999999937,135.89999999999938,135.61999999999938,135.76999999999938,271
2026-04-16T17:25:00+00:00,135.76999999999938,135.99999999999937,135.75999999999937,135.90999999999937,237
2026-04-16T17:30:00+00:00,135.90999999999937,136.11999999999938,135.86999999999938,135.98999999999938,154
2026-04-16T17:35:00+00:00,135.98999999999938,136.15999999999937,135.93999999999937,136.15999999999937,228
2026-04-16T17:40:00+00:00,136.15999999999937,136.19999999999936,136.02999999999938,136.09999999999937,248
2026-04-16T17:45:00+00:00,136.09999999999937,136.1099999999994,135.98999999999938,136.00999999999937,224
2026-04-16T17:50:00+00:00,136.00999999999937,136.0799999999994,135.88999999999936,135.89999999999938,135
2026-04-16T17:55:00+00:00,135.89999999999938,135.90999999999937,135.62999999999937,135.78999999999937,265
2026-04-16T18:00:00+00:00,135.78999999999937,135.92999999999938,135.71999999999937,135.76999999999938,316
2026-04-16T18:05:00+00:00,135.76999999999938,135.94999999999936,135.67999999999938,135.89999999999938,224
2026-04-16T18:10:00+00:00,135.89999999999938,136.11999999999938,135.89999999999938,136.0799999999994,196
2026-04-16T18:15:00+00:00,136.0799999999994,136.17999999999938,135.95999999999938,135.95999999999938,253
2026-04-16T18:20:00+00:00,135.95999999999938,136.08999999999938,135.92999999999938,135.96999999999937,160
2026-04-16T18:25:00+00:00,135.96999999999937,136.01999999999938,135.84999999999937,135.90999999999937,213
2026-04-16T18:30:00+00:00,135.90999999999937,136.12999999999937,135.90999999999937,136.0499999999994,213
2026-04-16T18:35:00+00:00,136.0499999999994,136.1099999999994,135.86999999999938,135.92999999999938,176
2026-04-16T18:40:00+00:00,135.92999999999938,136.21999999999937,135.88999999999936,136.15999999999937,197
2026-04-16T18:45:00+00:00,136.15999999999937,136.23999999999938,136.09999999999937,136.18999999999937,202
2026-04-16T18:50:00+00:00,136.18999999999937,136.23999999999938,136.02999999999938,136.03999999999937,206
2026-04-16T18:55:00+00:00,136.03999999999937,136.06999999999937,135.95999999999938,136.01999999999938,166
2026-04-16T19:00:00+00:00,136.01999999999938,136.21999999999937,135.99999999999937,135.99999999999937,168
2026-04-16T19:05:00+00:00,135.99999999999937,136.06999999999937,135.88999999999936,135.97999999999936,217
2026-04-16T19:10:00+00:00,135.97999999999936,136.0499999999994,135.92999999999938,135.97999999999936,137
2026-04-16T19:15:00+00:00,135.97999999999936,136.09999999999937,135.95999999999938,136.03999999999937,126
2026-04-16T19:20:00+00:00,136.03999999999937,136.11999999999938,135.98999999999938,136.0799999999994,146
2026-04-16T19:25:00+00:00,136.0799999999994,136.11999999999938,136.02999999999938,136.03999999999937,145
2026-04-16T19:30:00+00:00,136.03999999999937,136.21999999999937,135.99999999999937,136.18999999999937,223
2026-04-16T19:35:00+00:00,136.18999999999937,136.26999999999938,136.0499999999994,136.1099999999994,233
2026-04-16T19:40:00+00:00,136.1099999999994,136.14999999999938,135.90999999999937,135.94999999999936,179
2026-04-16T19:45:00+00:00,135.94999999999936,135.99999999999937,135.73999999999938,135.87999999999937,333
2026-04-16T19:50:00+00:00,135.87999999999937,135.95999999999938,135.71999999999937,135.72999999999936,354
2026-04-16T19:55:00+00:00,135.72999999999936,135.78999999999937,135.58999999999938,135.78999999999937,688
2026-04-17T13:30:00+00:00,135.78999999999937,138.0799999999994,135.78999999999937,137.55999999999938,173
2026-04-17T13:35:00+00:00,137.55999999999938,138.23999999999938,137.43999999999937,137.5799999999994,547
2026-04-17T13:40:00+00:00,137.5799999999994,138.18999999999937,137.56999999999937,138.12999999999937,530
2026-04-17T13:45:00+00:00,138.12999999999937,138.33999999999938,137.81999999999937,138.21999999999937,567
2026-04-17T13:50:00+00:00,138.21999999999937,138.30999999999938,137.8299999999994,138.14999999999938,442
2026-04-17T13:55:00+00:00,138.14999999999938,138.42999999999938,137.96999999999937,138.11999999999938,491
2026-04-17T14:00:00+00:00,138.11999999999938,138.30999999999938,137.95999999999938,138.01999999999938,473
2026-04-17T14:05:00+00:00,138.01999999999938,138.3299999999994,138.00999999999937,138.22999999999936,238
2026-04-17T14:10:00+00:00,138.22999999999936,138.26999999999938,138.09999999999937,138.11999999999938,295
2026-04-17T14:15:00+00:00,138.11999999999938,138.24999999999937,137.94999999999936,138.18999999999937,244
2026-04-17T14:20:00+00:00,138.18999999999937,138.37999999999937,138.03999999999937,138.2999999999994,303
2026-04-17T14:25:00+00:00,138.2999999999994,138.58999999999938,138.27999999999938,138.49999999999937,299
2026-04-17T14:30:00+00:00,138.49999999999937,139.00999999999937,138.48999999999938,139.00999999999937,293
2026-04-17T14:35:00+00:00,139.00999999999937,139.17999999999938,138.81999999999937,138.84999999999937,348
2026-04-17T14:40:00+00:00,138.84999999999937,139.12999999999937,138.81999999999937,138.98999999999938,340
2026-04-17T14:45:00+00:00,138.98999999999938,139.08999999999938,138.86999999999938,139.01999999999938,298
2026-04-17T14:50:00+00:00,139.01999999999938,139.03999999999937,138.78999999999937,138.8299999999994,306
2026-04-17T14:55:00+00:00,138.8299999999994,138.90999999999937,138.4499999999994,138.49999999999937,384.97319034852546
2026-04-17T15:00:00+00:00,138.49999999999937,138.49999999999937,138.2299999999994,138.3499999999994,508
2026-04-17T15:05:00+00:00,138.3499999999994,138.46999999999937,138.24999999999937,138.39999999999938,250
2026-04-17T15:10:00+00:00,138.39999999999938,138.43999999999937,138.2299999999994,138.30999999999938,271
2026-04-17T15:15:00+00:00,138.30999999999938,138.61999999999938,138.30999999999938,138.5499999999994,284
2026-04-17T15:20:00+00:00,138.5499999999994,138.76999999999938,138.49999999999937,138.62999999999937,285
2026-04-17T15:25:00+00:00,138.62999999999937,138.7299999999994,138.5499999999994,138.6999999999994,227
2026-04-17T15:30:00+00:00,138.6999999999994,138.95999999999938,138.6999999999994,138.95999999999938,241
2026-04-17T15:35:00+00:00,138.95999999999938,138.95999999999938,138.68999999999937,138.92999999999938,336
2026-04-17T15:40:00+00:00,138.92999999999938,139.0999999999994,138.86999999999938,139.01999999999938,229
2026-04-17T15:45:00+00:00,139.01999999999938,139.33999999999938,139.01999999999938,139.18999999999937,284
2026-04-17T15:50:00+00:00,139.18999999999937,139.49999999999937,139.1699999999994,139.40999999999937,346
2026-04-17T15:55:00+00:00,139.40999999999937,139.51999999999938,139.3299999999994,139.37999999999937,265
2026-04-17T16:00:00+00:00,139.37999999999937,139.5999999999994,139.30999999999938,139.42999999999938,318
2026-04-17T16:05:00+00:00,139.42999999999938,139.58999999999938,139.36999999999938,139.40999999999937,271
2026-04-17T16:10:00+00:00,139.40999999999937,139.45999999999938,139.3299999999994,139.33999999999938,268
2026-04-17T16:15:00+00:00,139.33999999999938,139.45999999999938,139.27999999999938,139.42999999999938,231
2026-04-17T16:20:00+00:00,139.42999999999938,139.45999999999938,139.30999999999938,139.3899999999994,272
2026-04-17T16:25:00+00:00,139.3899999999994,139.42999999999938,139.26999999999938,139.37999999999937,165
2026-04-17T16:30:00+00:00,139.37999999999937,139.5399999999994,139.33999999999938,139.4499999999994,166
2026-04-17T16:35:00+00:00,139.4499999999994,139.48999999999938,139.2999999999994,139.3599999999994,184
2026-04-17T16:40:00+00:00,139.3599999999994,139.68999999999937,139.33999999999938,139.65999999999937,178
2026-04-17T16:45:00+00:00,139.65999999999937,139.77999999999938,139.5999999999994,139.67999999999938,185
2026-04-17T16:50:00+00:00,139.67999999999938,139.83999999999938,139.65999999999937,139.70999999999938,180
2026-04-17T16:55:00+00:00,139.70999999999938,139.93999999999937,139.6999999999994,139.7999999999994,220
2026-04-17T17:00:00+00:00,139.7999999999994,139.8599999999994,139.71999999999937,139.83999999999938,212
2026-04-17T17:05:00+00:00,139.83999999999938,139.9199999999994,139.36999999999938,139.6099999999994,391
2026-04-17T17:10:00+00:00,139.6099999999994,139.61999999999938,139.2299999999994,139.33999999999938,403
2026-04-17T17:15:00+00:00,139.33999999999938,139.36999999999938,139.0699999999994,139.18999999999937,338
2026-04-17T17:20:00+00:00,139.18999999999937,139.26999999999938,138.65999999999937,138.9499999999994,526
2026-04-17T17:25:00+00:00,138.9499999999994,139.0499999999994,138.7599999999994,139.01999999999938,456
2026-04-17T17:30:00+00:00,139.01999999999938,139.0399999999994,138.8599999999994,138.92999999999938,270
2026-04-17T17:35:00+00:00,138.92999999999938,138.9799999999994,138.68999999999937,138.73999999999938,280
2026-04-17T17:40:00+00:00,138.73999999999938,138.8199999999994,138.65999999999937,138.73999999999938,258
2026-04-17T17:45:00+00:00,138.73999999999938,138.9499999999994,138.7299999999994,138.90999999999937,273
2026-04-17T17:50:00+00:00,138.90999999999937,139.0499999999994,138.86999999999938,138.96999999999937,225
2026-04-17T17:55:00+00:00,138.96999999999937,139.0499999999994,138.87999999999937,138.93999999999937,175
2026-04-17T18:00:00+00:00,138.93999999999937,139.01999999999938,138.86999999999938,138.98999999999938,311
2026-04-17T18:05:00+00:00,138.98999999999938,139.0099999999994,138.74999999999937,138.7899999999994,269
2026-04-17T18:10:00+00:00,138.7899999999994,138.86999999999938,138.73999999999938,138.8299999999994,203
2026-04-17T18:15:00+00:00,138.8299999999994,139.0399999999994,138.80999999999938,138.9499999999994,342
2026-04-17T18:20:00+00:00,138.9499999999994,138.96999999999937,138.6999999999994,138.87999999999937,519
2026-04-17T18:25:00+00:00,138.87999999999937,139.01999999999938,138.80999999999938,138.89999999999938,258
2026-04-17T18:30:00+00:00,138.89999999999938,138.9799999999994,138.8199999999994,138.90999999999937,223
2026-04-17T18:35:00+00:00,138.90999999999937,138.90999999999937,138.5799999999994,138.6399999999994,200
2026-04-17T18:40:00+00:00,138.6399999999994,138.71999999999937,138.5799999999994,138.6999999999994,171
2026-04-17T18:45:00+00:00,138.6999999999994,138.7599999999994,138.62999999999937,138.7299999999994,159
2026-04-17T18:50:00+00:00,138.7299999999994,138.7299999999994,138.5799999999994,138.6699999999994,219
2026-04-17T18:55:00+00:00,138.6699999999994,138.8199999999994,138.62999999999937,138.65999999999937,183
2026-04-17T19:00:00+00:00,138.65999999999937,138.7299999999994,138.5799999999994,138.6099999999994,138
2026-04-17T19:05:00+00:00,138.6099999999994,138.67999999999938,138.4799999999994,138.5499999999994,196
2026-04-17T19:10:00+00:00,138.5499999999994,138.5799999999994,138.37999999999937,138.39999999999938,188
2026-04-17T19:15:00+00:00,138.39999999999938,138.45999999999938,138.30999999999938,138.3599999999994,189
2026-04-17T19:20:00+00:00,138.3599999999994,138.40999999999937,138.2999999999994,138.33999999999938,158
2026-04-17T19:25:00+00:00,138.33999999999938,138.40999999999937,138.2299999999994,138.24999999999937,173
2026-04-17T19:30:00+00:00,138.24999999999937,138.36999999999938,138.21999999999937,138.30999999999938,217
2026-04-17T19:35:00+00:00,138.30999999999938,138.51999999999938,138.26999999999938,138.36999999999938,236
2026-04-17T19:40:00+00:00,138.36999999999938,138.40999999999937,138.2899999999994,138.3599999999994,285
2026-04-17T19:45:00+00:00,138.3599999999994,138.45999999999938,138.1699999999994,138.30999999999938,286
2026-04-17T19:50:00+00:00,138.30999999999938,138.58999999999938,138.24999999999937,138.4799999999994,376
2026-04-17T19:55:00+00:00,138.4799999999994,138.6099999999994,138.18999999999937,138.58999999999938,565
2026-04-20T13:30:00+00:00,138.58999999999938,138.80999999999938,137.27999999999938,138.77999999999938,201
2026-04-20T13:35:00+00:00,138.77999999999938,139.37999999999937,138.76999999999938,139.20999999999938,344
2026-04-20T13:40:00+00:00,139.20999999999938,139.5099999999994,138.9199999999994,139.4199999999994,418
2026-04-20T13:45:00+00:00,139.4199999999994,139.77999999999938,139.1999999999994,139.23999999999938,538
2026-04-20T13:50:00+00:00,139.23999999999938,139.2999999999994,138.90999999999937,139.21999999999937,458
2026-04-20T13:55:00+00:00,139.21999999999937,139.3199999999994,139.0399999999994,139.2299999999994,497
2026-04-20T14:00:00+00:00,139.2299999999994,139.24999999999937,138.96999999999937,139.21999999999937,472
2026-04-20T14:05:00+00:00,139.21999999999937,139.4199999999994,139.17999999999938,139.2599999999994,324
2026-04-20T14:10:00+00:00,139.2599999999994,139.3199999999994,138.98999999999938,139.12999999999937,324
2026-04-20T14:15:00+00:00,139.12999999999937,139.15999999999937,138.70999999999938,138.7899999999994,390
2026-04-20T14:20:00+00:00,138.7899999999994,138.96999999999937,138.7299999999994,138.9499999999994,318
2026-04-20T14:25:00+00:00,138.9499999999994,138.96999999999937,138.68999999999937,138.7899999999994,367
2026-04-20T14:30:00+00:00,138.7899999999994,138.8199999999994,138.5499999999994,138.6099999999994,399
2026-04-20T14:35:00+00:00,138.6099999999994,138.67999999999938,138.30999999999938,138.58999999999938,401
2026-04-20T14:40:00+00:00,138.58999999999938,138.6399999999994,138.40999999999937,138.49999999999937,379
2026-04-20T14:45:00+00:00,138.49999999999937,138.67999999999938,138.40999999999937,138.61999999999938,362
2026-04-20T14:50:00+00:00,138.61999999999938,138.6699999999994,138.0399999999994,138.4499999999994,776
2026-04-20T14:55:00+00:00,138.4499999999994,138.46999999999937,138.20999999999938,138.42999999999938,512
2026-04-20T15:00:00+00:00,138.42999999999938,138.7299999999994,138.42999999999938,138.6399999999994,489
2026-04-20T15:05:00+00:00,138.6399999999994,138.76999999999938,138.55999999999938,138.6099999999994,485
2026-04-20T15:10:00+00:00,138.6099999999994,138.76999999999938,138.5699999999994,138.68999999999937,413
2026-04-20T15:15:00+00:00,138.68999999999937,138.7599999999994,138.5399999999994,138.74999999999937,333
2026-04-20T15:20:00+00:00,138.74999999999937,139.0699999999994,138.7299999999994,138.9199999999994,525
2026-04-20T15:25:00+00:00,138.9199999999994,139.08999999999938,138.8299999999994,139.01999999999938,442
2026-04-20T15:30:00+00:00,139.01999999999938,139.11999999999938,138.87999999999937,138.9499999999994,493
2026-04-20T15:35:00+00:00,138.9499999999994,139.0099999999994,138.77999999999938,138.7999999999994,350
2026-04-20T15:40:00+00:00,138.7999999999994,139.05999999999938,138.7999999999994,138.9499999999994,387
2026-04-20T15:45:00+00:00,138.9499999999994,139.15999999999937,138.87999999999937,139.11999999999938,425
2026-04-20T15:50:00+00:00,139.11999999999938,139.2299999999994,139.08999999999938,139.1999999999994,364
2026-04-20T15:55:00+00:00,139.1999999999994,139.3299999999994,139.1699999999994,139.18999999999937,295
2026-04-20T16:00:00+00:00,139.18999999999937,139.18999999999937,138.80999999999938,138.89999999999938,317
2026-04-20T16:05:00+00:00,138.89999999999938,138.96999999999937,138.70999999999938,138.8499999999994,301
2026-04-20T16:10:00+00:00,138.8499999999994,138.8899999999994,138.62999999999937,138.73999999999938,237
2026-04-20T16:15:00+00:00,138.73999999999938,138.73999999999938,138.49999999999937,138.67999999999938,322
2026-04-20T16:20:00+00:00,138.67999999999938,138.77999999999938,138.61999999999938,138.64999999999938,218
2026-04-20T16:25:00+00:00,138.64999999999938,138.7599999999994,138.61999999999938,138.74999999999937,245
2026-04-20T16:30:00+00:00,138.74999999999937,138.8299999999994,138.71999999999937,138.76999999999938,230
2026-04-20T16:35:00+00:00,138.76999999999938,138.76999999999938,138.64999999999938,138.71999999999937,201
2026-04-20T16:40:00+00:00,138.71999999999937,138.95999999999938,138.6999999999994,138.8499999999994,309
2026-04-20T16:45:00+00:00,138.8499999999994,138.99999999999937,138.8199999999994,138.8499999999994,236
2026-04-20T16:50:00+00:00,138.8499999999994,138.9799999999994,138.8499999999994,138.93999999999937,159
2026-04-20T16:55:00+00:00,138.93999999999937,139.01999999999938,138.8599999999994,138.98999999999938,138
2026-04-20T17:00:00+00:00,138.98999999999938,139.08999999999938,138.95999999999938,138.95999999999938,207
2026-04-20T17:05:00+00:00,138.95999999999938,139.15999999999937,138.9499999999994,139.15999999999937,180
2026-04-20T17:10:00+00:00,139.15999999999937,139.3199999999994,139.14999999999938,139.2999999999994,147
2026-04-20T17:15:00+00:00,139.2999999999994,139.3199999999994,139.2299999999994,139.23999999999938,221
2026-04-20T17:20:00+00:00,139.23999999999938,139.2599999999994,139.08999999999938,139.1699999999994,203
2026-04-20T17:25:00+00:00,139.1699999999994,139.20999999999938,139.0799999999994,139.08999999999938,223
2026-04-20T17:30:00+00:00,139.08999999999938,139.1099999999994,138.90999999999937,138.93999999999937,256
2026-04-20T17:35:00+00:00,138.93999999999937,139.01999999999938,138.8899999999994,138.9799999999994,241
2026-04-20T17:40:00+00:00,138.9799999999994,139.0399999999994,138.80999999999938,138.90999999999937,258
2026-04-20T17:45:00+00:00,138.90999999999937,138.90999999999937,138.74999999999937,138.8199999999994,258
2026-04-20T17:50:00+00:00,138.8199999999994,138.9199999999994,138.7999999999994,138.89999999999938,131
2026-04-20T17:55:00+00:00,138.89999999999938,138.92999999999938,138.8199999999994,138.8899999999994,175
2026-04-20T18:00:00+00:00,138.8899999999994,138.9799999999994,138.7999999999994,138.96999999999937,217
2026-04-20T18:05:00+00:00,138.96999999999937,139.0699999999994,138.8499999999994,138.95999999999938,330
2026-04-20T18:10:00+00:00,138.95999999999938,138.98999999999938,138.7899999999994,138.92999999999938,261
2026-04-20T18:15:00+00:00,138.92999999999938,139.14999999999938,138.90999999999937,139.11999999999938,191
2026-04-20T18:20:00+00:00,139.11999999999938,139.21999999999937,139.11999999999938,139.1399999999994,239
2026-04-20T18:25:00+00:00,139.1399999999994,139.14999999999938,139.01999999999938,139.0799999999994,192
2026-04-20T18:30:00+00:00,139.0799999999994,139.11999999999938,138.92999999999938,139.0399999999994,258
2026-04-20T18:35:00+00:00,139.0399999999994,139.0699999999994,138.9499999999994,139.0099999999994,293
2026-04-20T18:40:00+00:00,139.0099999999994,139.1699999999994,139.0099999999994,139.0399999999994,192
2026-04-20T18:45:00+00:00,139.0399999999994,139.1399999999994,139.0399999999994,139.08999999999938,180
2026-04-20T18:50:00+00:00,139.08999999999938,139.2299999999994,139.0799999999994,139.18999999999937,177
2026-04-20T18:55:00+00:00,139.18999999999937,139.2299999999994,139.11999999999938,139.20999999999938,186
2026-04-20T19:00:00+00:00,139.20999999999938,139.2299999999994,139.11999999999938,139.17999999999938,361
2026-04-20T19:05:00+00:00,139.17999999999938,139.27999999999938,139.14999999999938,139.26999999999938,372
2026-04-20T19:10:00+00:00,139.26999999999938,139.33999999999938,139.23999999999938,139.27999999999938,530
2026-04-20T19:15:00+00:00,139.27999999999938,139.36999999999938,139.20999999999938,139.26999999999938,369
2026-04-20T19:20:00+00:00,139.26999999999938,139.3299999999994,139.2299999999994,139.23999999999938,377
2026-04-20T19:25:00+00:00,139.23999999999938,139.36999999999938,139.2299999999994,139.30999999999938,433
2026-04-20T19:30:00+00:00,139.30999999999938,139.4799999999994,139.27999999999938,139.43999999999937,403
2026-04-20T19:35:00+00:00,139.43999999999937,139.55999999999938,139.39999999999938,139.51999999999938,503
2026-04-20T19:40:00+00:00,139.51999999999938,139.52999999999938,139.3199999999994,139.33999999999938,526
2026-04-20T19:45:00+00:00,139.33999999999938,139.4499999999994,139.26999999999938,139.37999999999937,651
2026-04-20T19:50:00+00:00,139.37999999999937,139.4799999999994,139.3499999999994,139.3499999999994,760
2026-04-20T19:55:00+00:00,139.3499999999994,139.49999999999937,139.2599999999994,139.40999999999937,1102
2026-04-21T13:30:00+00:00,139.40999999999937,141.3499999999994,139.40999999999937,140.80999999999938,300
2026-04-21T13:35:00+00:00,140.80999999999938,141.24999999999937,140.4499999999994,140.62999999999937,300
2026-04-21T13:40:00+00:00,140.62999999999937,141.2599999999994,140.46999999999937,141.18999999999937,290
2026-04-21T13:45:00+00:00,141.18999999999937,141.52999999999938,141.14999999999938,141.24999999999937,607
2026-04-21T13:50:00+00:00,141.24999999999937,141.64999999999938,141.15999999999937,141.40999999999937,517
2026-04-21T13:55:00+00:00,141.40999999999937,141.4199999999994,140.8299999999994,140.8499999999994,314
2026-04-21T14:00:00+00:00,140.8499999999994,141.27999999999938,140.74999999999937,141.0699999999994,359
2026-04-21T14:05:00+00:00,141.0699999999994,141.24999999999937,140.96999999999937,141.20999999999938,328
2026-04-21T14:10:00+00:00,141.20999999999938,141.4799999999994,141.11999999999938,141.3599999999994,327
2026-04-21T14:15:00+00:00,141.3599999999994,141.3899999999994,141.1399999999994,141.1699999999994,343
2026-04-21T14:20:00+00:00,141.1699999999994,141.18999999999937,141.0399999999994,141.17999999999938,339
2026-04-21T14:25:00+00:00,141.17999999999938,141.20999999999938,141.0399999999994,141.1099999999994,337
2026-04-21T14:30:00+00:00,141.1099999999994,141.17999999999938,140.67999999999938,140.7599999999994,351
2026-04-21T14:35:00+00:00,140.7599999999994,140.83999999999938,140.68999999999937,140.77999999999938,273
2026-04-21T14:40:00+00:00,140.77999999999938,140.86999999999938,140.5099999999994,140.5499999999994,419
2026-04-21T14:45:00+00:00,140.5499999999994,140.5799999999994,140.20999999999938,140.2599999999994,487
2026-04-21T14:50:00+00:00,140.2599999999994,140.3299999999994,140.1099999999994,140.1999999999994,338
2026-04-21T14:55:00+00:00,140.1999999999994,140.1999999999994,139.5499999999994,139.62999999999937,348
2026-04-21T15:00:00+00:00,139.62999999999937,139.6999999999994,138.9799999999994,139.01999999999938,647
2026-04-21T15:05:00+00:00,139.01999999999938,139.62999999999937,138.9199999999994,139.5699999999994,530
2026-04-21T15:10:00+00:00,139.5699999999994,139.80999999999938,139.5699999999994,139.6699999999994,380
2026-04-21T15:15:00+00:00,139.6699999999994,139.7299999999994,139.30999999999938,139.4199999999994,331
2026-04-21T15:20:00+00:00,139.4199999999994,139.49999999999937,139.21999999999937,139.2599999999994,354
2026-04-21T15:25:00+00:00,139.2599999999994,139.26999999999938,138.98999999999938,139.0799999999994,372
2026-04-21T15:30:00+00:00,139.0799999999994,139.45999999999938,139.0699999999994,139.21999999999937,364
2026-04-21T15:35:00+00:00,139.21999999999937,139.21999999999937,138.95999999999938,139.12999999999937,356
2026-04-21T15:40:00+00:00,139.12999999999937,139.17999999999938,138.96999999999937,139.0499999999994,269
2026-04-21T15:45:00+00:00,139.0499999999994,139.3299999999994,139.02999999999938,139.23999999999938,271
2026-04-21T15:50:00+00:00,139.23999999999938,139.23999999999938,138.92999999999938,138.96999999999937,262
2026-04-21T15:55:00+00:00,138.96999999999937,139.0399999999994,138.86999999999938,138.95999999999938,231
2026-04-21T16:00:00+00:00,138.95999999999938,139.3499999999994,138.95999999999938,139.20999999999938,465
2026-04-21T16:05:00+00:00,139.20999999999938,139.42999999999938,139.17999999999938,139.36999999999938,226
2026-04-21T16:10:00+00:00,139.36999999999938,139.40999999999937,139.18999999999937,139.21999999999937,217
2026-04-21T16:15:00+00:00,139.21999999999937,139.27999999999938,139.1699999999994,139.26999999999938,164
2026-04-21T16:20:00+00:00,139.26999999999938,139.26999999999938,139.08999999999938,139.1699999999994,122
2026-04-21T16:25:00+00:00,139.1699999999994,139.37999999999937,139.11999999999938,139.2299999999994,199
2026-04-21T16:30:00+00:00,139.2299999999994,139.49999999999937,139.2299999999994,139.3599999999994,230
2026-04-21T16:35:00+00:00,139.3599999999994,139.4199999999994,139.1399999999994,139.2299999999994,255
2026-04-21T16:40:00+00:00,139.2299999999994,139.27999999999938,139.0099999999994,139.12999999999937,341
2026-04-21T16:45:00+00:00,139.12999999999937,139.39999999999938,139.12999999999937,139.3599999999994,237
2026-04-21T16:50:00+00:00,139.3599999999994,139.39999999999938,139.11999999999938,139.1699999999994,252
2026-04-21T16:55:00+00:00,139.1699999999994,139.20999999999938,139.0099999999994,139.02999999999938,332
2026-04-21T17:00:00+00:00,139.02999999999938,139.12999999999937,139.02999999999938,139.0699999999994,225
2026-04-21T17:05:00+00:00,139.0699999999994,139.0699999999994,138.70999999999938,138.93999999999937,587
2026-04-21T17:10:00+00:00,138.93999999999937,138.95999999999938,138.5399999999994,138.76999999999938,605
2026-04-21T17:15:00+00:00,138.76999999999938,138.83999999999938,138.42999999999938,138.42999999999938,442
2026-04-21T17:20:00+00:00,138.42999999999938,138.51999999999938,138.23999999999938,138.4499999999994,488
2026-04-21T17:25:00+00:00,138.4499999999994,138.64999999999938,138.4499999999994,138.5099999999994,402
2026-04-21T17:30:00+00:00,138.5099999999994,138.6699999999994,138.39999999999938,138.5799999999994,432
2026-04-21T17:35:00+00:00,138.5799999999994,138.98999999999938,138.49999999999937,138.9199999999994,529
2026-04-21T17:40:00+00:00,138.9199999999994,139.2899999999994,138.83999999999938,139.0699999999994,769
2026-04-21T17:45:00+00:00,139.0699999999994,139.3199999999994,138.99999999999937,139.26999999999938,396
2026-04-21T17:50:00+00:00,139.26999999999938,139.2899999999994,139.0499999999994,139.0999999999994,298
2026-04-21T17:55:00+00:00,139.0999999999994,139.18999999999937,138.96999999999937,139.18999999999937,255
2026-04-21T18:00:00+00:00,139.18999999999937,139.2599999999994,138.9799999999994,139.0499999999994,311
2026-04-21T18:05:00+00:00,139.0499999999994,139.15999999999937,138.9799999999994,139.02999999999938,318
2026-04-21T18:10:00+00:00,139.02999999999938,139.17999999999938,138.95999999999938,139.08999999999938,342
2026-04-21T18:15:00+00:00,139.08999999999938,139.15999999999937,138.68999999999937,138.6999999999994,410
2026-04-21T18:20:00+00:00,138.6999999999994,138.6999999999994,138.49999999999937,138.61999999999938,339
2026-04-21T18:25:00+00:00,138.61999999999938,138.77999999999938,138.5799999999994,138.62999999999937,284
2026-04-21T18:30:00+00:00,138.62999999999937,138.86999999999938,138.62999999999937,138.8199999999994,266
2026-04-21T18:35:00+00:00,138.8199999999994,138.92999999999938,138.70999999999938,138.71999999999937,252
2026-04-21T18:40:00+00:00,138.71999999999937,138.74999999999937,138.5499999999994,138.62999999999937,311
2026-04-21T18:45:00+00:00,138.62999999999937,138.7899999999994,138.58999999999938,138.65999999999937,274
2026-04-21T18:50:00+00:00,138.65999999999937,139.08999999999938,138.5999999999994,139.0099999999994,348
2026-04-21T18:55:00+00:00,139.0099999999994,139.18999999999937,138.8499999999994,138.95999999999938,708
2026-04-21T19:00:00+00:00,138.95999999999938,139.05999999999938,138.8299999999994,138.90999999999937,837
2026-04-21T19:05:00+00:00,138.90999999999937,138.95999999999938,138.7599999999994,138.8899999999994,488
2026-04-21T19:10:00+00:00,138.8899999999994,139.02999999999938,138.77999999999938,138.90999999999937,683
2026-04-21T19:15:00+00:00,138.90999999999937,139.01999999999938,138.7999999999994,138.9499999999994,679
2026-04-21T19:20:00+00:00,138.9499999999994,139.2899999999994,138.9499999999994,139.2599999999994,725
2026-04-21T19:25:00+00:00,139.2599999999994,139.30999999999938,139.11999999999938,139.1999999999994,621
2026-04-21T19:30:00+00:00,139.1999999999994,139.2299999999994,138.9499999999994,138.9799999999994,576
2026-04-21T19:35:00+00:00,138.9799999999994,138.99999999999937,138.5999999999994,138.7599999999994,993
2026-04-21T19:40:00+00:00,138.7599999999994,138.8299999999994,137.61999999999938,137.8499999999994,1641
2026-04-21T19:45:00+00:00,137.8499999999994,138.1099999999994,137.77999999999938,138.02999999999938,1419
2026-04-21T19:50:00+00:00,138.02999999999938,138.1999999999994,137.71999999999937,137.76999999999938,1274
2026-04-21T19:55:00+00:00,137.76999999999938,138.08999999999938,137.6999999999994,138.0499999999994,1299
2026-04-22T13:30:00+00:00,138.0499999999994,138.65999999999937,137.37999999999937,137.42999999999938,136
2026-04-22T13:35:00+00:00,137.42999999999938,138.0799999999994,137.37999999999937,137.9499999999994,180
2026-04-22T13:40:00+00:00,137.9499999999994,138.1399999999994,137.46999999999937,137.76999999999938,155
2026-04-22T13:45:00+00:00,137.76999999999938,138.0699999999994,137.46999999999937,137.95999999999938,257
2026-04-22T13:50:00+00:00,137.95999999999938,138.0499999999994,137.8599999999994,137.95999999999938,332
2026-04-22T13:55:00+00:00,137.95999999999938,138.3499999999994,137.8199999999994,138.2899999999994,362
2026-04-22T14:00:00+00:00,138.2899999999994,138.40999999999937,138.14999999999938,138.18999999999937,478
2026-04-22T14:05:00+00:00,138.18999999999937,138.42999999999938,138.0999999999994,138.36999999999938,361
2026-04-22T14:10:00+00:00,138.36999999999938,138.40999999999937,138.1699999999994,138.26999999999938,263
2026-04-22T14:15:00+00:00,138.26999999999938,138.2999999999994,138.0399999999994,138.05999999999938,323
2026-04-22T14:20:00+00:00,138.05999999999938,138.05999999999938,137.7999999999994,137.83999999999938,366
2026-04-22T14:25:00+00:00,137.83999999999938,137.90999999999937,137.5999999999994,137.5999999999994,323
2026-04-22T14:30:00+00:00,137.5999999999994,137.5999999999994,136.99999999999937,136.99999999999937,557
2026-04-22T14:35:00+00:00,136.99999999999937,137.4199999999994,136.90999999999937,137.2899999999994,499
2026-04-22T14:40:00+00:00,137.2899999999994,137.40999999999937,136.86999999999938,136.93999999999937,444
2026-04-22T14:45:00+00:00,136.93999999999937,137.39999999999938,136.93999999999937,137.33999999999938,439
2026-04-22T14:50:00+00:00,137.33999999999938,137.4799999999994,137.0699999999994,137.12999999999937,373
2026-04-22T14:55:00+00:00,137.12999999999937,137.1599999999994,136.90999999999937,137.14999999999938,431.3140697932874
2026-04-22T15:00:00+00:00,137.14999999999938,137.25999999999937,136.94999999999936,136.98999999999938,431
2026-04-22T15:05:00+00:00,136.98999999999938,137.37999999999937,136.96999999999937,137.19999999999936,398
2026-04-22T15:10:00+00:00,137.19999999999936,137.34999999999937,137.17999999999938,137.25999999999937,295
2026-04-22T15:15:00+00:00,137.25999999999937,137.28999999999937,137.05999999999938,137.12999999999937,230
2026-04-22T15:20:00+00:00,137.12999999999937,137.2999999999994,137.01999999999938,137.18999999999937,269
2026-04-22T15:25:00+00:00,137.18999999999937,137.27999999999938,136.99999999999937,137.21999999999937,357
2026-04-22T15:30:00+00:00,137.21999999999937,137.23999999999938,137.0799999999994,137.13999999999936,212
2026-04-22T15:35:00+00:00,137.13999999999936,137.16999999999936,136.98999999999938,137.05999999999938,380
2026-04-22T15:40:00+00:00,137.05999999999938,137.06999999999937,136.72999999999936,136.74999999999937,371
2026-04-22T15:45:00+00:00,136.74999999999937,137.00999999999937,136.70999999999938,136.91999999999936,382
2026-04-22T15:50:00+00:00,136.91999999999936,136.95999999999938,136.70999999999938,136.74999999999937,310
2026-04-22T15:55:00+00:00,136.74999999999937,136.95999999999938,136.73999999999938,136.92999999999938,300
2026-04-22T16:00:00+00:00,136.92999999999938,137.03999999999937,136.88999999999936,136.93999999999937,326
2026-04-22T16:05:00+00:00,136.93999999999937,137.03999999999937,136.89999999999938,136.96999999999937,245
2026-04-22T16:10:00+00:00,136.96999999999937,136.98999999999938,136.77999999999938,136.7999999999994,243
2026-04-22T16:15:00+00:00,136.7999999999994,136.86999999999938,136.69999999999936,136.71999999999937,200
2026-04-22T16:20:00+00:00,136.71999999999937,136.86999999999938,136.67999999999938,136.67999999999938,237
2026-04-22T16:25:00+00:00,136.67999999999938,136.80999999999938,136.62999999999937,136.62999999999937,191
2026-04-22T16:30:00+00:00,136.62999999999937,136.78999999999937,136.59999999999937,136.75999999999937,301
2026-04-22T16:35:00+00:00,136.75999999999937,136.83999999999938,136.66999999999936,136.76999999999938,260
2026-04-22T16:40:00+00:00,136.76999999999938,136.76999999999938,136.45999999999938,136.52999999999938,316
2026-04-22T16:45:00+00:00,136.52999999999938,136.63999999999936,136.46999999999937,136.5799999999994,248
2026-04-22T16:50:00+00:00,136.5799999999994,136.65999999999937,136.51999999999938,136.5799999999994,172
2026-04-22T16:55:00+00:00,136.5799999999994,136.5799999999994,136.30999999999938,136.36999999999938,223
2026-04-22T17:00:00+00:00,136.36999999999938,136.75999999999937,136.33999999999938,136.63999999999936,363
2026-04-22T17:05:00+00:00,136.63999999999936,136.74999999999937,136.59999999999937,136.74999999999937,194
2026-04-22T17:10:00+00:00,136.74999999999937,136.92999999999938,136.62999999999937,136.63999999999936,253
2026-04-22T17:15:00+00:00,136.63999999999936,136.77999999999938,136.42999999999938,136.55999999999938,223
2026-04-22T17:20:00+00:00,136.55999999999938,136.86999999999938,136.51999999999938,136.76999999999938,224
2026-04-22T17:25:00+00:00,136.76999999999938,136.77999999999938,136.68999999999937,136.72999999999936,226
2026-04-22T17:30:00+00:00,136.72999999999936,136.83999999999938,136.62999999999937,136.66999999999936,223
2026-04-22T17:35:00+00:00,136.66999999999936,136.71999999999937,136.59999999999937,136.62999999999937,197
2026-04-22T17:40:00+00:00,136.62999999999937,136.72999999999936,136.6099999999994,136.61999999999938,149
2026-04-22T17:45:00+00:00,136.61999999999938,136.66999999999936,136.44999999999936,136.58999999999938,289
2026-04-22T17:50:00+00:00,136.58999999999938,136.62999999999937,136.44999999999936,136.45999999999938,177
2026-04-22T17:55:00+00:00,136.45999999999938,136.46999999999937,136.3599999999994,136.39999999999938,171
2026-04-22T18:00:00+00:00,136.39999999999938,136.45999999999938,136.33999999999938,136.43999999999937,247
2026-04-22T18:05:00+00:00,136.43999999999937,136.47999999999936,136.27999999999938,136.31999999999937,215
2026-04-22T18:10:00+00:00,136.31999999999937,136.3299999999994,136.17999999999938,136.19999999999936,157
2026-04-22T18:15:00+00:00,136.19999999999936,136.19999999999936,136.01999999999938,136.03999999999937,237
2026-04-22T18:20:00+00:00,136.03999999999937,136.05999999999938,135.94999999999936,136.03999999999937,284
2026-04-22T18:25:00+00:00,136.03999999999937,136.14999999999938,135.96999999999937,136.13999999999936,240
2026-04-22T18:30:00+00:00,136.13999999999936,136.28999999999937,136.09999999999937,136.1099999999994,254
2026-04-22T18:35:00+00:00,136.1099999999994,136.20999999999938,136.0799999999994,136.12999999999937,199
2026-04-22T18:40:00+00:00,136.12999999999937,136.21999999999937,136.11999999999938,136.13999999999936,174
2026-04-22T18:45:00+00:00,136.13999999999936,136.18999999999937,136.05999999999938,136.12999999999937,215
2026-04-22T18:50:00+00:00,136.12999999999937,136.12999999999937,135.95999999999938,135.96999999999937,211
2026-04-22T18:55:00+00:00,135.96999999999937,136.06999999999937,135.90999999999937,136.02999999999938,226
2026-04-22T19:00:00+00:00,136.02999999999938,136.03999999999937,135.83999999999938,135.93999999999937,662
2026-04-22T19:05:00+00:00,135.93999999999937,136.0799999999994,135.89999999999938,136.05999999999938,429
2026-04-22T19:10:00+00:00,136.05999999999938,136.0799999999994,135.91999999999936,135.92999999999938,390
2026-04-22T19:15:00+00:00,135.92999999999938,136.00999999999937,135.84999999999937,136.00999999999937,389
2026-04-22T19:20:00+00:00,136.00999999999937,136.01999999999938,135.86999999999938,135.96999999999937,384
2026-04-22T19:25:00+00:00,135.96999999999937,136.23999999999938,135.92999999999938,136.22999999999936,395
2026-04-22T19:30:00+00:00,136.22999999999936,136.23999999999938,135.99999999999937,136.01999999999938,531
2026-04-22T19:35:00+00:00,136.01999999999938,136.16999999999936,135.91999999999936,136.16999999999936,458
2026-04-22T19:40:00+00:00,136.16999999999936,136.17999999999938,135.87999999999937,135.88999999999936,540
2026-04-22T19:45:00+00:00,135.88999999999936,136.00999999999937,135.8299999999994,135.92999999999938,490
2026-04-22T19:50:00+00:00,135.92999999999938,136.06999999999937,135.78999999999937,135.81999999999937,848
2026-04-22T19:55:00+00:00,135.81999999999937,136.12999999999937,135.76999999999938,136.08999999999938,994
2026-04-23T13:30:00+00:00,136.08999999999938,136.08999999999938,135.08999999999938,135.13999999999936,103
2026-04-23T13:35:00+00:00,135.13999999999936,135.89999999999938,135.13999999999936,135.58999999999938,133
2026-04-23T13:40:00+00:00,135.58999999999938,135.6099999999994,135.16999999999936,135.55999999999938,175
2026-04-23T13:45:00+00:00,135.55999999999938,135.62999999999937,135.25999999999937,135.56999999999937,245
2026-04-23T13:50:00+00:00,135.56999999999937,135.73999999999938,135.39999999999938,135.48999999999938,214
2026-04-23T13:55:00+00:00,135.48999999999938,135.65999999999937,135.38999999999936,135.50999999999937,259
2026-04-23T14:00:00+00:00,135.50999999999937,135.5499999999994,135.2999999999994,135.49999999999937,417
2026-04-23T14:05:00+00:00,135.49999999999937,135.63999999999936,135.16999999999936,135.5499999999994,252
2026-04-23T14:10:00+00:00,135.5499999999994,135.80999999999938,135.5499999999994,135.69999999999936,270
2026-04-23T14:15:00+00:00,135.69999999999936,135.80999999999938,135.52999999999938,135.6099999999994,375
2026-04-23T14:20:00+00:00,135.6099999999994,135.98999999999938,135.5499999999994,135.94999999999936,457
2026-04-23T14:25:00+00:00,135.94999999999936,136.31999999999937,135.94999999999936,136.01999999999938,336
2026-04-23T14:30:00+00:00,136.01999999999938,136.18999999999937,136.01999999999938,136.09999999999937,331
2026-04-23T14:35:00+00:00,136.09999999999937,136.09999999999937,135.93999999999937,135.98999999999938,249
2026-04-23T14:40:00+00:00,135.98999999999938,136.34999999999937,135.92999999999938,136.30999999999938,278
2026-04-23T14:45:00+00:00,136.30999999999938,136.33999999999938,136.02999999999938,136.03999999999937,278
2026-04-23T14:50:00+00:00,136.03999999999937,136.24999999999937,135.95999999999938,136.13999999999936,288
2026-04-23T14:55:00+00:00,136.13999999999936,136.27999999999938,136.0799999999994,136.09999999999937,341
2026-04-23T15:00:00+00:00,136.09999999999937,136.21999999999937,136.00999999999937,136.02999999999938,312
2026-04-23T15:05:00+00:00,136.02999999999938,136.09999999999937,135.87999999999937,136.0499999999994,325
2026-04-23T15:10:00+00:00,136.0499999999994,136.15999999999937,135.93999999999937,135.99999999999937,286
2026-04-23T15:15:00+00:00,135.99999999999937,136.13999999999936,135.99999999999937,136.08999999999938,258
2026-04-23T15:20:00+00:00,136.08999999999938,136.15999999999937,136.01999999999938,136.1099999999994,280
2026-04-23T15:25:00+00:00,136.1099999999994,136.16999999999936,136.0499999999994,136.05999999999938,289
2026-04-23T15:30:00+00:00,136.05999999999938,136.09999999999937,135.96999999999937,135.97999999999936,295
2026-04-23T15:35:00+00:00,135.97999999999936,136.01999999999938,135.81999999999937,135.8599999999994,271
2026-04-23T15:40:00+00:00,135.8599999999994,135.92999999999938,135.77999999999938,135.80999999999938,243
2026-04-23T15:45:00+00:00,135.80999999999938,135.90999999999937,135.67999999999938,135.8599999999994,330
2026-04-23T15:50:00+00:00,135.8599999999994,135.8599999999994,135.69999999999936,135.72999999999936,235
2026-04-23T15:55:00+00:00,135.72999999999936,135.94999999999936,135.72999999999936,135.8299999999994,296
2026-04-23T16:00:00+00:00,135.8299999999994,135.8599999999994,135.63999999999936,135.63999999999936,244
2026-04-23T16:05:00+00:00,135.63999999999936,135.7999999999994,135.62999999999937,135.78999999999937,273
2026-04-23T16:10:00+00:00,135.78999999999937,135.83999999999938,135.71999999999937,135.75999999999937,211
2026-04-23T16:15:00+00:00,135.75999999999937,135.78999999999937,135.67999999999938,135.68999999999937,174
2026-04-23T16:20:00+00:00,135.68999999999937,135.70999999999938,135.5799999999994,135.61999999999938,209
2026-04-23T16:25:00+00:00,135.61999999999938,135.70999999999938,135.58999999999938,135.61999999999938,235
2026-04-23T16:30:00+00:00,135.61999999999938,135.61999999999938,135.48999999999938,135.5799999999994,212
2026-04-23T16:35:00+00:00,135.5799999999994,135.68999999999937,135.48999999999938,135.51999999999938,205
2026-04-23T16:40:00+00:00,135.51999999999938,135.68999999999937,135.51999999999938,135.62999999999937,206
2026-04-23T16:45:00+00:00,135.62999999999937,135.77999999999938,135.62999999999937,135.66999999999936,176
2026-04-23T16:50:00+00:00,135.66999999999936,135.66999999999936,135.5499999999994,135.59999999999937,165
2026-04-23T16:55:00+00:00,135.59999999999937,135.61999999999938,135.44999999999936,135.52999999999938,310
2026-04-23T17:00:00+00:00,135.52999999999938,135.56999999999937,134.99999999999937,135.08999999999938,778
2026-04-23T17:05:00+00:00,135.08999999999938,135.12999999999937,134.58999999999938,134.61999999999938,609
2026-04-23T17:10:00+00:00,134.61999999999938,134.70999999999938,134.4199999999994,134.43999999999937,737
2026-04-23T17:15:00+00:00,134.43999999999937,134.5499999999994,134.09999999999937,134.15999999999937,687
2026-04-23T17:20:00+00:00,134.15999999999937,134.24999999999937,133.96999999999937,133.9699999999994,568
2026-04-23T17:25:00+00:00,133.9699999999994,134.25999999999942,133.87999999999937,133.98999999999938,607
2026-04-23T17:30:00+00:00,133.98999999999938,134.30999999999938,133.93999999999937,134.27999999999938,557
2026-04-23T17:35:00+00:00,134.27999999999938,134.34999999999937,134.0399999999994,134.1099999999994,517
2026-04-23T17:40:00+00:00,134.1099999999994,134.1499999999994,133.28999999999942,133.4599999999994,768
2026-04-23T17:45:00+00:00,133.4599999999994,133.5999999999994,133.17999999999944,133.38999999999942,962
2026-04-23T17:50:00+00:00,133.38999999999942,134.23999999999944,133.2399999999994,133.9899999999994,1073
2026-04-23T17:55:00+00:00,133.9899999999994,134.48999999999944,133.94999999999942,134.25999999999942,682
2026-04-23T18:00:00+00:00,134.25999999999942,134.55999999999943,134.18999999999943,134.2799999999994,520
2026-04-23T18:05:00+00:00,134.2799999999994,134.38999999999942,134.1499999999994,134.23999999999938,365
2026-04-23T18:10:00+00:00,134.23999999999938,134.44999999999936,134.1399999999994,134.36999999999938,454
2026-04-23T18:15:00+00:00,134.36999999999938,134.56999999999934,134.36999999999938,134.54999999999933,320
2026-04-23T18:20:00+00:00,134.54999999999933,134.55999999999932,134.3199999999993,134.50999999999937,426
2026-04-23T18:25:00+00:00,134.50999999999937,134.5499999999994,134.36999999999935,134.48999999999933,300
2026-04-23T18:30:00+00:00,134.48999999999933,134.5699999999993,134.41999999999933,134.51999999999936,355
2026-04-23T18:35:00+00:00,134.51999999999936,134.5699999999993,134.3799999999993,134.39999999999932,398
2026-04-23T18:40:00+00:00,134.39999999999932,134.51999999999933,134.28999999999934,134.4599999999993,466
2026-04-23T18:45:00+00:00,134.4599999999993,134.4899999999993,134.20999999999924,134.26999999999924,374
2026-04-23T18:50:00+00:00,134.26999999999924,134.36999999999924,134.19999999999925,134.2399999999992,396
2026-04-23T18:55:00+00:00,134.2399999999992,134.26999999999921,133.9299999999992,134.0699999999992,441
2026-04-23T19:00:00+00:00,134.0699999999992,134.10999999999922,133.8899999999992,134.04999999999922,918
2026-04-23T19:05:00+00:00,134.04999999999922,134.3599999999992,134.02999999999923,134.2599999999992,692
2026-04-23T19:10:00+00:00,134.2599999999992,134.36999999999918,134.12999999999917,134.33999999999918,549
2026-04-23T19:15:00+00:00,134.33999999999918,134.3899999999992,134.23999999999916,134.28999999999917,610
2026-04-23T19:20:00+00:00,134.28999999999917,134.33999999999915,134.17999999999915,134.24999999999915,573
2026-04-23T19:25:00+00:00,134.24999999999915,134.40999999999912,134.23999999999916,134.3499999999991,549
2026-04-23T19:30:00+00:00,134.3499999999991,134.51999999999913,134.2299999999991,134.31999999999908,838
2026-04-23T19:35:00+00:00,134.31999999999908,134.3399999999991,134.0999999999991,134.2999999999991,948
2026-04-23T19:40:00+00:00,134.2999999999991,134.39999999999912,134.15999999999912,134.19999999999914,815
2026-04-23T19:45:00+00:00,134.19999999999914,134.31999999999914,134.16999999999913,134.27999999999912,804
2026-04-23T19:50:00+00:00,134.27999999999912,134.5399999999991,133.88999999999913,134.4899999999991,1094
2026-04-23T19:55:00+00:00,134.4899999999991,134.9299999999991,134.4799999999991,134.81999999999908,1137
2026-04-24T13:30:00+00:00,134.81999999999908,134.81999999999908,133.59999999999908,134.1099999999991,117
2026-04-24T13:35:00+00:00,134.1099999999991,135.32999999999913,134.08999999999912,134.99999999999912,224
2026-04-24T13:40:00+00:00,134.99999999999912,135.24999999999912,134.60999999999913,135.1999999999991,144
2026-04-24T13:45:00+00:00,135.1999999999991,135.24999999999912,134.39999999999912,134.6399999999991,127
2026-04-24T13:50:00+00:00,134.6399999999991,134.86999999999912,134.43999999999912,134.4799999999991,188
2026-04-24T13:55:00+00:00,134.4799999999991,134.6499999999991,134.38999999999908,134.56999999999908,248
2026-04-24T14:00:00+00:00,134.56999999999908,134.70999999999913,134.27999999999912,134.42999999999915,370
2026-04-24T14:05:00+00:00,134.42999999999915,134.53999999999914,134.17999999999915,134.20999999999918,331
2026-04-24T14:10:00+00:00,134.20999999999918,134.4299999999992,134.15999999999917,134.2899999999992,388
2026-04-24T14:15:00+00:00,134.2899999999992,134.54999999999922,134.23999999999918,134.41999999999922,331
2026-04-24T14:20:00+00:00,134.41999999999922,134.47999999999922,134.15999999999923,134.16999999999925,334
2026-04-24T14:25:00+00:00,134.16999999999925,134.19999999999925,133.92999999999927,134.04999999999927,468
2026-04-24T14:30:00+00:00,134.04999999999927,134.29999999999924,133.86999999999927,134.23999999999924,504
2026-04-24T14:35:00+00:00,134.23999999999924,134.40999999999926,134.19999999999925,134.28999999999928,348
2026-04-24T14:40:00+00:00,134.28999999999928,134.4399999999993,134.2399999999993,134.35999999999927,284
2026-04-24T14:45:00+00:00,134.35999999999927,134.36999999999927,134.11999999999927,134.1499999999993,308
2026-04-24T14:50:00+00:00,134.1499999999993,134.47999999999934,134.1399999999993,134.39999999999932,240
2026-04-24T14:55:00+00:00,134.39999999999932,134.5099999999993,134.2799999999993,134.32999999999927,317.39729119638827
2026-04-24T15:00:00+00:00,134.32999999999927,134.55999999999926,134.23999999999927,134.33999999999924,247
2026-04-24T15:05:00+00:00,134.33999999999924,134.39999999999924,134.01999999999924,134.12999999999926,347
2026-04-24T15:10:00+00:00,134.12999999999926,134.31999999999925,134.11999999999927,134.14999999999927,240
2026-04-24T15:15:00+00:00,134.14999999999927,134.21999999999926,134.13999999999925,134.13999999999925,176
2026-04-24T15:20:00+00:00,134.13999999999925,134.30999999999926,134.10999999999925,134.30999999999926,247
2026-04-24T15:25:00+00:00,134.30999999999926,134.34999999999923,134.17999999999927,134.31999999999923,273
2026-04-24T15:30:00+00:00,134.31999999999923,134.31999999999923,134.17999999999924,134.21999999999923,216
2026-04-24T15:35:00+00:00,134.21999999999923,134.26999999999924,134.13999999999925,134.24999999999923,295
2026-04-24T15:40:00+00:00,134.24999999999923,134.7199999999992,134.16999999999922,134.51999999999921,371
2026-04-24T15:45:00+00:00,134.51999999999921,134.85999999999922,134.51999999999921,134.6799999999992,786
2026-04-24T15:50:00+00:00,134.6799999999992,134.9199999999992,134.57999999999922,134.9199999999992,378
2026-04-24T15:55:00+00:00,134.9199999999992,135.10999999999922,134.8899999999992,135.04999999999922,446
2026-04-24T16:00:00+00:00,135.04999999999922,135.1299999999992,134.8499999999992,134.9599999999992,287
2026-04-24T16:05:00+00:00,134.9599999999992,135.0399999999992,134.79999999999922,134.8399999999992,297
2026-04-24T16:10:00+00:00,134.8399999999992,134.9499999999992,134.7099999999992,134.7499999999992,275
2026-04-24T16:15:00+00:00,134.7499999999992,134.7799999999992,134.5899999999992,134.5899999999992,255
2026-04-24T16:20:00+00:00,134.5899999999992,134.6499999999992,134.51999999999921,134.54999999999922,216
2026-04-24T16:25:00+00:00,134.54999999999922,134.6299999999992,134.38999999999922,134.38999999999922,192
2026-04-24T16:30:00+00:00,134.38999999999922,134.64999999999924,134.38999999999922,134.47999999999922,274
2026-04-24T16:35:00+00:00,134.47999999999922,134.47999999999922,134.26999999999924,134.30999999999923,177
2026-04-24T16:40:00+00:00,134.30999999999923,134.41999999999916,134.2699999999992,134.3899999999992,163
2026-04-24T16:45:00+00:00,134.3899999999992,134.4399999999992,134.29999999999916,134.4299999999992,165
2026-04-24T16:50:00+00:00,134.4299999999992,134.51999999999924,134.40999999999923,134.46999999999923,179
2026-04-24T16:55:00+00:00,134.46999999999923,134.61999999999924,134.46999999999923,134.59999999999923,245
2026-04-24T17:00:00+00:00,134.59999999999923,134.69999999999922,134.53999999999922,134.57999999999925,221
2026-04-24T17:05:00+00:00,134.57999999999925,134.59999999999923,134.43999999999923,134.52999999999923,182
2026-04-24T17:10:00+00:00,134.52999999999923,134.59999999999923,134.4299999999992,134.53999999999922,164
2026-04-24T17:15:00+00:00,134.53999999999922,134.69999999999922,134.43999999999923,134.67999999999924,233
2026-04-24T17:20:00+00:00,134.67999999999924,134.79999999999924,134.60999999999925,134.70999999999924,218
2026-04-24T17:25:00+00:00,134.70999999999924,134.86999999999924,134.69999999999922,134.72999999999922,274
2026-04-24T17:30:00+00:00,134.72999999999922,134.82999999999925,134.63999999999922,134.68999999999923,330
2026-04-24T17:35:00+00:00,134.68999999999923,134.74999999999923,134.62999999999923,134.71999999999923,262
2026-04-24T17:40:00+00:00,134.71999999999923,134.73999999999924,134.62999999999923,134.66999999999922,149
2026-04-24T17:45:00+00:00,134.66999999999922,134.70999999999924,134.56999999999923,134.58999999999924,171
2026-04-24T17:50:00+00:00,134.58999999999924,134.87999999999923,134.55999999999923,134.76999999999924,255
2026-04-24T17:55:00+00:00,134.76999999999924,134.77999999999923,134.56999999999923,134.61999999999924,263
2026-04-24T18:00:00+00:00,134.61999999999924,134.86999999999924,134.56999999999923,134.78999999999922,257
2026-04-24T18:05:00+00:00,134.78999999999922,134.93999999999923,134.77999999999923,134.86999999999924,257
2026-04-24T18:10:00+00:00,134.86999999999924,134.99999999999923,134.85999999999925,134.94999999999922,189
2026-04-24T18:15:00+00:00,134.94999999999922,135.00999999999922,134.71999999999923,134.79999999999924,196
2026-04-24T18:20:00+00:00,134.79999999999924,134.79999999999924,134.69999999999922,134.70999999999924,231
2026-04-24T18:25:00+00:00,134.70999999999924,134.78999999999922,134.63999999999922,134.66999999999922,163
2026-04-24T18:30:00+00:00,134.66999999999922,134.74999999999923,134.58999999999924,134.70999999999924,206
2026-04-24T18:35:00+00:00,134.70999999999924,134.80999999999923,134.63999999999922,134.78999999999922,173
2026-04-24T18:40:00+00:00,134.78999999999922,134.81999999999923,134.56999999999923,134.62999999999923,209
2026-04-24T18:45:00+00:00,134.62999999999923,134.64999999999924,134.50999999999922,134.54999999999924,224
2026-04-24T18:50:00+00:00,134.54999999999924,134.57999999999925,134.4399999999992,134.4399999999992,201
2026-04-24T18:55:00+00:00,134.4399999999992,134.5199999999992,134.3899999999992,134.50999999999917,169
2026-04-24T19:00:00+00:00,134.50999999999917,134.6099999999992,134.43999999999915,134.45999999999916,399
2026-04-24T19:05:00+00:00,134.45999999999916,134.5799999999992,134.41999999999916,134.5499999999992,328
2026-04-24T19:10:00+00:00,134.5499999999992,134.5799999999992,134.29999999999916,134.3299999999992,471
2026-04-24T19:15:00+00:00,134.3299999999992,134.45999999999918,134.2899999999992,134.3099999999992,433
2026-04-24T19:20:00+00:00,134.3099999999992,134.33999999999924,134.1799999999992,134.2199999999992,459
2026-04-24T19:25:00+00:00,134.2199999999992,134.37999999999923,134.2199999999992,134.33999999999924,538
2026-04-24T19:30:00+00:00,134.33999999999924,134.51999999999924,134.30999999999923,134.3499999999992,537
2026-04-24T19:35:00+00:00,134.3499999999992,134.41999999999922,134.2599999999992,134.3699999999992,493
2026-04-24T19:40:00+00:00,134.3699999999992,134.4899999999992,134.3499999999992,134.45999999999918,492
2026-04-24T19:45:00+00:00,134.45999999999918,134.45999999999918,134.3099999999992,134.4199999999992,587
2026-04-24T19:50:00+00:00,134.4199999999992,134.4799999999992,134.12999999999917,134.18999999999917,756
2026-04-24T19:55:00+00:00,134.18999999999917,134.43999999999915,134.17999999999918,134.34999999999917,762
2026-04-27T13:30:00+00:00,134.34999999999917,135.50999999999917,133.37999999999917,135.17999999999918,277
2026-04-27T13:35:00+00:00,135.17999999999918,135.52999999999918,134.5799999999992,135.37999999999917,311
2026-04-27T13:40:00+00:00,135.37999999999917,135.37999999999917,134.39999999999918,134.64999999999918,226
2026-04-27T13:45:00+00:00,134.64999999999918,134.66999999999916,133.8899999999992,134.10999999999916,357
2026-04-27T13:50:00+00:00,134.10999999999916,134.94999999999916,134.08999999999918,134.3899999999992,382
2026-04-27T13:55:00+00:00,134.3899999999992,134.46999999999917,134.08999999999918,134.29999999999916,398
2026-04-27T14:00:00+00:00,134.29999999999916,134.60999999999916,134.20999999999916,134.44999999999914,657
2026-04-27T14:05:00+00:00,134.44999999999914,134.72999999999914,134.41999999999913,134.65999999999914,440
2026-04-27T14:10:00+00:00,134.65999999999914,135.01999999999916,134.63999999999913,134.71999999999915,420
2026-04-27T14:15:00+00:00,134.71999999999915,135.01999999999916,134.65999999999914,134.88999999999913,467
2026-04-27T14:20:00+00:00,134.88999999999913,134.97999999999914,134.80999999999915,134.94999999999914,372
2026-04-27T14:25:00+00:00,134.94999999999914,134.97999999999914,134.72999999999914,134.72999999999914,387
2026-04-27T14:30:00+00:00,134.72999999999914,134.95999999999916,134.65999999999914,134.91999999999913,359
2026-04-27T14:35:00+00:00,134.91999999999913,135.23999999999916,134.82999999999916,135.14999999999915,425
2026-04-27T14:40:00+00:00,135.14999999999915,135.24999999999915,134.91999999999913,135.17999999999915,333
2026-04-27T14:45:00+00:00,135.17999999999915,135.19999999999914,135.05999999999915,135.16999999999913,314
2026-04-27T14:50:00+00:00,135.16999999999913,135.21999999999915,134.99999999999915,135.07999999999916,193
2026-04-27T14:55:00+00:00,135.07999999999916,135.08999999999915,134.79999999999916,134.80999999999915,244
2026-04-27T15:00:00+00:00,134.80999999999915,134.83999999999915,134.54999999999916,134.54999999999916,315
2026-04-27T15:05:00+00:00,134.54999999999916,134.70999999999916,134.54999999999916,134.55999999999915,307
2026-04-27T15:10:00+00:00,134.55999999999915,134.76999999999916,134.55999999999915,134.70999999999916,222
2026-04-27T15:15:00+00:00,134.70999999999916,134.86999999999915,134.67999999999915,134.69999999999914,270
2026-04-27T15:20:00+00:00,134.69999999999914,134.75999999999914,134.42999999999915,134.58999999999912,269
2026-04-27T15:25:00+00:00,134.58999999999912,134.6999999999991,134.57999999999913,134.61999999999912,228
2026-04-27T15:30:00+00:00,134.61999999999912,134.65999999999912,134.51999999999913,134.52999999999912,194
2026-04-27T15:35:00+00:00,134.52999999999912,134.57999999999913,134.45999999999913,134.54999999999913,232
2026-04-27T15:40:00+00:00,134.54999999999913,134.70999999999913,134.52999999999912,134.68999999999912,172
2026-04-27T15:45:00+00:00,134.68999999999912,134.80999999999912,134.68999999999912,134.73999999999913,174
2026-04-27T15:50:00+00:00,134.73999999999913,134.7899999999991,134.70999999999913,134.76999999999913,132
2026-04-27T15:55:00+00:00,134.76999999999913,134.80999999999912,134.70999999999913,134.76999999999913,101
2026-04-27T16:00:00+00:00,134.76999999999913,134.8899999999991,134.7599999999991,134.85999999999913,165
2026-04-27T16:05:00+00:00,134.85999999999913,134.93999999999912,134.79999999999913,134.83999999999912,119
2026-04-27T16:10:00+00:00,134.83999999999912,134.89999999999912,134.76999999999913,134.85999999999913,144
2026-04-27T16:15:00+00:00,134.85999999999913,134.90999999999912,134.77999999999912,134.80999999999912,112
2026-04-27T16:20:00+00:00,134.80999999999912,134.8899999999991,134.77999999999912,134.8499999999991,129
2026-04-27T16:25:00+00:00,134.8499999999991,134.85999999999913,134.79999999999913,134.79999999999913,106
2026-04-27T16:30:00+00:00,134.79999999999913,134.8899999999991,134.79999999999913,134.8199999999991,134
2026-04-27T16:35:00+00:00,134.8199999999991,134.83999999999912,134.7899999999991,134.82999999999913,77
2026-04-27T16:40:00+00:00,134.82999999999913,134.83999999999912,134.65999999999912,134.73999999999913,125
2026-04-27T16:45:00+00:00,134.73999999999913,134.8199999999991,134.70999999999913,134.76999999999913,64
2026-04-27T16:50:00+00:00,134.76999999999913,134.76999999999913,134.70999999999913,134.71999999999912,71
2026-04-27T16:55:00+00:00,134.71999999999912,134.7899999999991,134.6999999999991,134.7599999999991,123
2026-04-27T17:00:00+00:00,134.7599999999991,134.77999999999912,134.68999999999912,134.70999999999913,165
2026-04-27T17:05:00+00:00,134.70999999999913,134.70999999999913,134.60999999999913,134.64999999999912,142
2026-04-27T17:10:00+00:00,134.64999999999912,134.71999999999912,134.5399999999991,134.6699999999991,121
2026-04-27T17:15:00+00:00,134.6699999999991,134.70999999999913,134.5699999999991,134.6999999999991,112
2026-04-27T17:20:00+00:00,134.6999999999991,134.7899999999991,134.64999999999912,134.71999999999912,146
2026-04-27T17:25:00+00:00,134.71999999999912,134.85999999999913,134.6999999999991,134.8199999999991,165
2026-04-27T17:30:00+00:00,134.8199999999991,135.07999999999913,134.80999999999912,135.07999999999913,185
2026-04-27T17:35:00+00:00,135.07999999999913,135.08999999999912,134.9499999999991,134.9799999999991,112
2026-04-27T17:40:00+00:00,134.9799999999991,135.04999999999913,134.9499999999991,135.0099999999991,160
2026-04-27T17:45:00+00:00,135.0099999999991,135.04999999999913,134.90999999999912,134.9199999999991,120
2026-04-27T17:50:00+00:00,134.9199999999991,134.92999999999913,134.80999999999912,134.85999999999913,97
2026-04-27T17:55:00+00:00,134.85999999999913,134.92999999999913,134.80999999999912,134.83999999999912,97
2026-04-27T18:00:00+00:00,134.83999999999912,134.8899999999991,134.71999999999912,134.73999999999913,143
2026-04-27T18:05:00+00:00,134.73999999999913,134.74999999999912,134.58999999999912,134.61999999999912,148
2026-04-27T18:10:00+00:00,134.61999999999912,134.68999999999912,134.57999999999913,134.68999999999912,73
2026-04-27T18:15:00+00:00,134.68999999999912,134.71999999999912,134.61999999999912,134.6999999999991,125
2026-04-27T18:20:00+00:00,134.6999999999991,134.74999999999912,134.68999999999912,134.74999999999912,81
2026-04-27T18:25:00+00:00,134.74999999999912,134.79999999999913,134.71999999999912,134.74999999999912,90
2026-04-27T18:30:00+00:00,134.74999999999912,134.8499999999991,134.74999999999912,134.83999999999912,64
2026-04-27T18:35:00+00:00,134.83999999999912,134.9199999999991,134.77999999999912,134.9199999999991,69
2026-04-27T18:40:00+00:00,134.9199999999991,134.95999999999913,134.8199999999991,134.89999999999912,141
2026-04-27T18:45:00+00:00,134.89999999999912,135.07999999999913,134.87999999999911,135.07999999999913,125
2026-04-27T18:50:00+00:00,135.07999999999913,135.1699999999991,135.05999999999912,135.1399999999991,124
2026-04-27T18:55:00+00:00,135.1399999999991,135.18999999999912,135.11999999999912,135.15999999999912,108
2026-04-27T19:00:00+00:00,135.15999999999912,135.30999999999912,135.1399999999991,135.2899999999991,283
2026-04-27T19:05:00+00:00,135.2899999999991,135.35999999999913,135.20999999999913,135.3499999999991,334
2026-04-27T19:10:00+00:00,135.3499999999991,135.5999999999991,135.33999999999912,135.5699999999991,264
2026-04-27T19:15:00+00:00,135.5699999999991,135.71999999999912,135.55999999999912,135.67999999999913,333
2026-04-27T19:20:00+00:00,135.67999999999913,135.76999999999913,135.65999999999912,135.70999999999913,346
2026-04-27T19:25:00+00:00,135.70999999999913,135.74999999999912,135.5099999999991,135.6699999999991,349
2026-04-27T19:30:00+00:00,135.6699999999991,135.7899999999991,135.62999999999911,135.6399999999991,367
2026-04-27T19:35:00+00:00,135.6399999999991,135.68999999999912,135.57999999999913,135.57999999999913,280
2026-04-27T19:40:00+00:00,135.57999999999913,135.60999999999913,135.35999999999913,135.40999999999912,307
2026-04-27T19:45:00+00:00,135.40999999999912,135.45999999999913,135.32999999999913,135.43999999999912,333
2026-04-27T19:50:00+00:00,135.43999999999912,135.7599999999991,135.40999999999912,135.57999999999913,550
2026-04-27T19:55:00+00:00,135.57999999999913,135.64999999999912,135.42999999999913,135.52999999999912,559
2026-04-28T13:30:00+00:00,135.52999999999912,137.08999999999912,135.52999999999912,136.67999999999913,250
2026-04-28T13:35:00+00:00,136.67999999999913,137.48999999999913,136.37999999999911,137.2899999999991,246
2026-04-28T13:40:00+00:00,137.2899999999991,137.6699999999991,136.9199999999991,137.15999999999912,370
2026-04-28T13:45:00+00:00,137.15999999999912,137.1999999999991,136.7299999999991,136.76999999999913,316
2026-04-28T13:50:00+00:00,136.76999999999913,136.96999999999912,136.48999999999913,136.79999999999913,453
2026-04-28T13:55:00+00:00,136.79999999999913,136.80999999999912,135.98999999999913,135.98999999999913,424
2026-04-28T14:00:00+00:00,135.98999999999913,136.12999999999911,135.62999999999911,135.96999999999912,646
2026-04-28T14:05:00+00:00,135.96999999999912,135.98999999999913,135.70999999999913,135.82999999999913,593
2026-04-28T14:10:00+00:00,135.82999999999913,135.8499999999991,135.21999999999912,135.23999999999913,439
2026-04-28T14:15:00+00:00,135.23999999999913,135.3199999999991,135.02999999999912,135.1699999999991,434
2026-04-28T14:20:00+00:00,135.1699999999991,135.3899999999991,135.12999999999911,135.3199999999991,455
2026-04-28T14:25:00+00:00,135.3199999999991,135.49999999999912,134.9199999999991,134.96999999999912,488
2026-04-28T14:30:00+00:00,134.96999999999912,135.1699999999991,134.76999999999913,134.77999999999912,492
2026-04-28T14:35:00+00:00,134.77999999999912,135.0099999999991,134.58999999999912,134.62999999999911,768
2026-04-28T14:40:00+00:00,134.62999999999911,134.8499999999991,134.4799999999991,134.5099999999991,608
2026-04-28T14:45:00+00:00,134.5099999999991,134.68999999999912,134.3899999999991,134.54999999999913,527
2026-04-28T14:50:00+00:00,134.54999999999913,134.7299999999991,134.45999999999913,134.64999999999912,406
2026-04-28T14:55:00+00:00,134.64999999999912,134.85999999999913,134.49999999999912,134.6399999999991,611
2026-04-28T15:00:00+00:00,134.6399999999991,134.8199999999991,134.4799999999991,134.68999999999912,424
2026-04-28T15:05:00+00:00,134.68999999999912,134.77999999999912,134.49999999999912,134.60999999999913,347
2026-04-28T15:10:00+00:00,134.60999999999913,134.7299999999991,134.49999999999912,134.62999999999911,294
2026-04-28T15:15:00+00:00,134.62999999999911,134.83999999999912,134.54999999999913,134.64999999999912,278
2026-04-28T15:20:00+00:00,134.64999999999912,134.82999999999913,134.57999999999913,134.82999999999913,239
2026-04-28T15:25:00+00:00,134.82999999999913,134.85999999999913,134.67999999999913,134.7899999999991,306
2026-04-28T15:30:00+00:00,134.7899999999991,134.9799999999991,134.62999999999911,134.9199999999991,283
2026-04-28T15:35:00+00:00,134.9199999999991,134.93999999999912,134.64999999999912,134.70999999999913,330
2026-04-28T15:40:00+00:00,134.70999999999913,134.77999999999912,134.54999999999913,134.6999999999991,225
2026-04-28T15:45:00+00:00,134.6999999999991,134.79999999999913,134.61999999999912,134.6699999999991,364
2026-04-28T15:50:00+00:00,134.6699999999991,134.73999999999913,134.62999999999911,134.71999999999912,290
2026-04-28T15:55:00+00:00,134.71999999999912,134.7899999999991,134.61999999999912,134.7599999999991,293
2026-04-28T16:00:00+00:00,134.7599999999991,134.89999999999912,134.70999999999913,134.86999999999912,335
2026-04-28T16:05:00+00:00,134.86999999999912,134.9499999999991,134.8199999999991,134.92999999999913,310
2026-04-28T16:10:00+00:00,134.92999999999913,134.95999999999913,134.79999999999913,134.92999999999913,248
2026-04-28T16:15:00+00:00,134.92999999999913,134.9799999999991,134.80999999999912,134.8899999999991,230
2026-04-28T16:20:00+00:00,134.8899999999991,135.11999999999912,134.8899999999991,135.08999999999912,229
2026-04-28T16:25:00+00:00,135.08999999999912,135.14999999999912,134.92999999999913,135.0099999999991,235
2026-04-28T16:30:00+00:00,135.0099999999991,135.02999999999912,134.90999999999912,135.01999999999913,246
2026-04-28T16:35:00+00:00,135.01999999999913,135.11999999999912,134.92999999999913,134.93999999999912,316
2026-04-28T16:40:00+00:00,134.93999999999912,135.12999999999911,134.9199999999991,135.07999999999913,270
2026-04-28T16:45:00+00:00,135.07999999999913,135.2299999999991,134.9199999999991,134.93999999999912,300
2026-04-28T16:50:00+00:00,134.93999999999912,135.1399999999991,134.9199999999991,135.07999999999913,330
2026-04-28T16:55:00+00:00,135.07999999999913,135.1999999999991,134.93999999999912,135.05999999999912,242
2026-04-28T17:00:00+00:00,135.05999999999912,135.0999999999991,134.93999999999912,135.0099999999991,272
2026-04-28T17:05:00+00:00,135.0099999999991,135.0399999999991,134.8899999999991,135.0099999999991,302
2026-04-28T17:10:00+00:00,135.0099999999991,135.07999999999913,134.9499999999991,135.07999999999913,200
2026-04-28T17:15:00+00:00,135.07999999999913,135.1999999999991,134.82999999999913,134.95999999999913,292
2026-04-28T17:20:00+00:00,134.95999999999913,135.20999999999913,134.93999999999912,135.20999999999913,179
2026-04-28T17:25:00+00:00,135.20999999999913,135.24999999999912,135.0999999999991,135.18999999999912,278
2026-04-28T17:30:00+00:00,135.18999999999912,135.2599999999991,135.0699999999991,135.1699999999991,283
2026-04-28T17:35:00+00:00,135.1699999999991,135.70999999999913,135.15999999999912,135.65999999999912,309
2026-04-28T17:40:00+00:00,135.65999999999912,135.83999999999912,135.51999999999913,135.80999999999912,266
2026-04-28T17:45:00+00:00,135.80999999999912,135.86999999999912,135.60999999999913,135.68999999999912,318
2026-04-28T17:50:00+00:00,135.68999999999912,135.80999999999912,135.6699999999991,135.7299999999991,249
2026-04-28T17:55:00+00:00,135.7299999999991,135.83999999999912,135.64999999999912,135.65999999999912,154
2026-04-28T18:00:00+00:00,135.65999999999912,135.71999999999912,135.5699999999991,135.58999999999912,147
2026-04-28T18:05:00+00:00,135.58999999999912,135.65999999999912,135.5399999999991,135.5399999999991,154
2026-04-28T18:10:00+00:00,135.5399999999991,135.55999999999912,135.37999999999911,135.3899999999991,200
2026-04-28T18:15:00+00:00,135.3899999999991,135.52999999999912,135.35999999999913,135.5099999999991,199
2026-04-28T18:20:00+00:00,135.5099999999991,135.58999999999912,135.43999999999912,135.4799999999991,271
2026-04-28T18:25:00+00:00,135.4799999999991,135.51999999999913,135.29999999999913,135.3199999999991,151
2026-04-28T18:30:00+00:00,135.3199999999991,135.3199999999991,135.1999999999991,135.21999999999912,194
2026-04-28T18:35:00+00:00,135.21999999999912,135.33999999999912,135.17999999999913,135.3199999999991,220
2026-04-28T18:40:00+00:00,135.3199999999991,135.35999999999913,135.2599999999991,135.3199999999991,134
2026-04-28T18:45:00+00:00,135.3199999999991,135.4199999999991,135.26999999999913,135.30999999999912,189
2026-04-28T18:50:00+00:00,135.30999999999912,135.40999999999912,135.27999999999912,135.30999999999912,159
2026-04-28T18:55:00+00:00,135.30999999999912,135.3499999999991,135.14999999999912,135.14999999999912,138
2026-04-28T19:00:00+00:00,135.14999999999912,135.1699999999991,134.8899999999991,134.9199999999991,344
2026-04-28T19:05:00+00:00,134.9199999999991,135.01999999999913,134.8899999999991,134.9799999999991,252
2026-04-28T19:10:00+00:00,134.9799999999991,134.99999999999912,134.85999999999913,134.8899999999991,299
2026-04-28T19:15:00+00:00,134.8899999999991,134.95999999999913,134.82999999999913,134.87999999999911,349
2026-04-28T19:20:00+00:00,134.87999999999911,134.92999999999913,134.6999999999991,134.74999999999912,365
2026-04-28T19:25:00+00:00,134.74999999999912,134.83999999999912,134.6699999999991,134.67999999999913,311
2026-04-28T19:30:00+00:00,134.67999999999913,134.68999999999912,134.4899999999991,134.49999999999912,375
2026-04-28T19:35:00+00:00,134.49999999999912,134.65999999999912,134.49999999999912,134.62999999999911,358
2026-04-28T19:40:00+00:00,134.62999999999911,134.77999999999912,134.55999999999912,134.73999999999913,388
2026-04-28T19:45:00+00:00,134.73999999999913,134.7899999999991,134.65999999999912,134.7299999999991,444
2026-04-28T19:50:00+00:00,134.7299999999991,134.86999999999912,134.6399999999991,134.83999999999912,768
2026-04-28T19:55:00+00:00,134.83999999999912,134.96999999999912,134.45999999999913,134.96999999999912,927
2026-04-29T13:30:00+00:00,134.96999999999912,135.0399999999991,133.87999999999911,133.89999999999912,153
2026-04-29T13:35:00+00:00,133.89999999999912,134.02999999999912,133.47999999999914,133.48999999999916,192
2026-04-29T13:40:00+00:00,133.48999999999916,133.83999999999918,133.38999999999916,133.43999999999917,242
2026-04-29T13:45:00+00:00,133.43999999999917,133.65999999999917,133.12999999999917,133.46999999999915,657
2026-04-29T13:50:00+00:00,133.46999999999915,133.7699999999992,133.27999999999915,133.4499999999992,664
2026-04-29T13:55:00+00:00,133.4499999999992,134.48999999999918,133.4499999999992,134.40999999999917,689
2026-04-29T14:00:00+00:00,134.40999999999917,134.45999999999918,134.17999999999918,134.28999999999917,757
2026-04-29T14:05:00+00:00,134.28999999999917,134.43999999999915,134.16999999999916,134.31999999999914,503
2026-04-29T14:10:00+00:00,134.31999999999914,134.63999999999916,134.27999999999915,134.55999999999918,627
2026-04-29T14:15:00+00:00,134.55999999999918,134.64999999999918,134.39999999999918,134.39999999999918,484
2026-04-29T14:20:00+00:00,134.39999999999918,134.7999999999992,134.3899999999992,134.58999999999918,369
2026-04-29T14:25:00+00:00,134.58999999999918,134.7699999999992,134.50999999999917,134.64999999999918,408
2026-04-29T14:30:00+00:00,134.64999999999918,134.70999999999918,134.50999999999917,134.66999999999916,420
2026-04-29T14:35:00+00:00,134.66999999999916,134.73999999999918,134.55999999999918,134.55999999999918,367
2026-04-29T14:40:00+00:00,134.55999999999918,134.66999999999916,134.41999999999916,134.42999999999915,267
2026-04-29T14:45:00+00:00,134.42999999999915,134.46999999999915,134.28999999999917,134.41999999999916,286
2026-04-29T14:50:00+00:00,134.41999999999916,134.50999999999914,134.40999999999917,134.46999999999915,241
2026-04-29T14:55:00+00:00,134.46999999999915,134.48999999999916,134.2499999999992,134.2499999999992,230.57097215883158
2026-04-29T15:00:00+00:00,134.2499999999992,134.3799999999992,134.16999999999916,134.19999999999916,239
2026-04-29T15:05:00+00:00,134.19999999999916,134.29999999999916,133.95999999999913,134.07999999999913,252
2026-04-29T15:10:00+00:00,134.07999999999913,134.12999999999914,133.99999999999915,134.10999999999913,243
2026-04-29T15:15:00+00:00,134.10999999999913,134.1899999999991,134.04999999999913,134.1299999999991,228
2026-04-29T15:20:00+00:00,134.1299999999991,134.1599999999991,134.03999999999905,134.07999999999905,234
2026-04-29T15:25:00+00:00,134.07999999999905,134.15999999999906,133.92999999999904,133.97999999999905,248
2026-04-29T15:30:00+00:00,133.97999999999905,134.00999999999905,133.62999999999906,133.68999999999906,305
2026-04-29T15:35:00+00:00,133.68999999999906,133.74999999999906,133.50999999999902,133.61999999999904,273
2026-04-29T15:40:00+00:00,133.61999999999904,133.70999999999907,133.55999999999904,133.6299999999991,227
2026-04-29T15:45:00+00:00,133.6299999999991,133.78999999999908,133.6299999999991,133.7399999999991,161
2026-04-29T15:50:00+00:00,133.7399999999991,133.75999999999908,133.0999999999991,133.15999999999912,663
2026-04-29T15:55:00+00:00,133.15999999999912,133.2599999999991,132.9899999999991,133.1699999999991,583
2026-04-29T16:00:00+00:00,133.1699999999991,133.4299999999991,133.0799999999991,133.3899999999991,371
2026-04-29T16:05:00+00:00,133.3899999999991,133.40999999999912,133.0999999999991,133.18999999999912,311
2026-04-29T16:10:00+00:00,133.18999999999912,133.2599999999991,133.06999999999914,133.08999999999912,218
2026-04-29T16:15:00+00:00,133.08999999999912,133.27999999999915,133.07999999999913,133.20999999999913,221
2026-04-29T16:20:00+00:00,133.20999999999913,133.25999999999908,133.16999999999908,133.20999999999907,201
2026-04-29T16:25:00+00:00,133.20999999999907,133.29999999999907,133.14999999999907,133.16999999999908,213
2026-04-29T16:30:00+00:00,133.16999999999908,133.31999999999908,133.06999999999908,133.1199999999991,300
2026-04-29T16:35:00+00:00,133.1199999999991,133.1699999999991,132.9999999999991,133.0499999999991,271
2026-04-29T16:40:00+00:00,133.0499999999991,133.21999999999912,133.0399999999991,133.06999999999908,249
2026-04-29T16:45:00+00:00,133.06999999999908,133.1399999999991,132.9999999999991,133.13999999999908,205
2026-04-29T16:50:00+00:00,133.13999999999908,133.13999999999908,132.95999999999907,133.06999999999906,311
2026-04-29T16:55:00+00:00,133.06999999999906,133.08999999999907,132.94999999999905,133.04999999999905,308
2026-04-29T17:00:00+00:00,133.04999999999905,133.19999999999902,132.96999999999903,133.17999999999904,217
2026-04-29T17:05:00+00:00,133.17999999999904,133.31999999999903,133.15999999999906,133.249999999999,185
2026-04-29T17:10:00+00:00,133.249999999999,133.32999999999902,133.199999999999,133.289999999999,157
2026-04-29T17:15:00+00:00,133.289999999999,133.389999999999,133.249999999999,133.37999999999897,225
2026-04-29T17:20:00+00:00,133.37999999999897,133.46999999999898,133.36999999999898,133.389999999999,300
2026-04-29T17:25:00+00:00,133.389999999999,133.519999999999,133.33999999999895,133.489999999999,183
2026-04-29T17:30:00+00:00,133.489999999999,133.67999999999898,133.469999999999,133.57999999999896,272
2026-04-29T17:35:00+00:00,133.57999999999896,133.59999999999894,133.45999999999896,133.49999999999895,154
2026-04-29T17:40:00+00:00,133.49999999999895,133.51999999999896,133.37999999999894,133.41999999999896,112
2026-04-29T17:45:00+00:00,133.41999999999896,133.58999999999895,133.40999999999894,133.52999999999895,229
2026-04-29T17:50:00+00:00,133.52999999999895,133.62999999999897,133.50999999999894,133.59999999999894,142
2026-04-29T17:55:00+00:00,133.59999999999894,133.68999999999897,133.56999999999894,133.64999999999895,160
2026-04-29T18:00:00+00:00,133.64999999999895,133.68999999999897,133.17999999999898,133.19999999999897,493
2026-04-29T18:05:00+00:00,133.19999999999897,133.30999999999898,133.06999999999897,133.11999999999895,296
2026-04-29T18:10:00+00:00,133.11999999999895,133.14999999999898,133.01999999999896,133.06999999999897,279
2026-04-29T18:15:00+00:00,133.06999999999897,133.14999999999895,133.00999999999897,133.11999999999895,407
2026-04-29T18:20:00+00:00,133.11999999999895,133.37999999999892,133.10999999999896,133.34999999999894,236
2026-04-29T18:25:00+00:00,133.34999999999894,133.36999999999892,133.22999999999894,133.24999999999895,137
2026-04-29T18:30:00+00:00,133.24999999999895,133.26999999999896,133.07999999999896,133.13999999999896,274
2026-04-29T18:35:00+00:00,133.13999999999896,133.41999999999894,133.12999999999897,133.25999999999897,765
2026-04-29T18:40:00+00:00,133.25999999999897,133.329999999999,133.049999999999,133.05999999999898,325
2026-04-29T18:45:00+00:00,133.05999999999898,133.259999999999,132.969999999999,133.199999999999,388
2026-04-29T18:50:00+00:00,133.199999999999,133.359999999999,133.14999999999895,133.169999999999,349
2026-04-29T18:55:00+00:00,133.169999999999,133.49999999999898,133.14999999999898,133.489999999999,328
2026-04-29T19:00:00+00:00,133.489999999999,133.849999999999,133.469999999999,133.719999999999,346
2026-04-29T19:05:00+00:00,133.719999999999,133.859999999999,133.659999999999,133.839999999999,280
2026-04-29T19:10:00+00:00,133.839999999999,133.99999999999903,133.779999999999,133.979999999999,267
2026-04-29T19:15:00+00:00,133.979999999999,134.029999999999,133.889999999999,133.93999999999897,208
2026-04-29T19:20:00+00:00,133.93999999999897,134.02999999999895,133.889999999999,133.99999999999898,215
2026-04-29T19:25:00+00:00,133.99999999999898,134.02999999999898,133.87999999999897,133.95999999999896,211
2026-04-29T19:30:00+00:00,133.95999999999896,133.95999999999896,133.58999999999895,133.81999999999897,372
2026-04-29T19:35:00+00:00,133.81999999999897,133.919999999999,133.63999999999896,133.88999999999896,397
2026-04-29T19:40:00+00:00,133.88999999999896,133.98999999999893,133.84999999999894,133.90999999999894,388
2026-04-29T19:45:00+00:00,133.90999999999894,133.92999999999896,133.76999999999896,133.77999999999895,273
2026-04-29T19:50:00+00:00,133.77999999999895,133.86999999999892,133.5699999999989,133.70999999999893,586
2026-04-29T19:55:00+00:00,133.70999999999893,134.03999999999894,133.67999999999893,133.89999999999895,677
2026-04-30T13:30:00+00:00,133.89999999999895,134.539999999999,132.76999999999896,134.33999999999895,144
2026-04-30T13:35:00+00:00,134.33999999999895,134.46999999999895,133.98999999999896,134.18999999999897,150
2026-04-30T13:40:00+00:00,134.18999999999897,134.83999999999898,133.989999999999,134.549999999999,155
2026-04-30T13:45:00+00:00,134.549999999999,134.80999999999898,134.17999999999898,134.469999999999,204
2026-04-30T13:50:00+00:00,134.469999999999,134.78999999999903,134.209999999999,134.709999999999,588
2026-04-30T13:55:00+00:00,134.709999999999,134.839999999999,134.50999999999902,134.50999999999902,679
2026-04-30T14:00:00+00:00,134.50999999999902,134.60999999999902,133.979999999999,134.01999999999902,817
2026-04-30T14:05:00+00:00,134.01999999999902,134.539999999999,133.869999999999,134.469999999999,652
2026-04-30T14:10:00+00:00,134.469999999999,134.529999999999,134.099999999999,134.289999999999,916
2026-04-30T14:15:00+00:00,134.289999999999,134.76999999999902,134.26999999999902,134.76999999999902,693
2026-04-30T14:20:00+00:00,134.76999999999902,134.88999999999902,134.559999999999,134.60999999999902,683
2026-04-30T14:25:00+00:00,134.60999999999902,134.809999999999,134.57999999999902,134.809999999999,513
2026-04-30T14:30:00+00:00,134.809999999999,135.01999999999902,134.73999999999901,134.97999999999902,423
2026-04-30T14:35:00+00:00,134.97999999999902,135.13999999999902,134.879999999999,134.999999999999,522
2026-04-30T14:40:00+00:00,134.999999999999,135.09999999999903,134.69999999999902,134.76999999999902,621
2026-04-30T14:45:00+00:00,134.76999999999902,134.959999999999,134.749999999999,134.85999999999902,506
2026-04-30T14:50:00+00:00,134.85999999999902,135.07999999999902,134.82999999999902,134.97999999999902,389
2026-04-30T14:55:00+00:00,134.97999999999902,135.059999999999,134.899999999999,134.959999999999,429
2026-04-30T15:00:00+00:00,134.959999999999,134.999999999999,134.84999999999903,134.879999999999,345
2026-04-30T15:05:00+00:00,134.879999999999,134.959999999999,134.719999999999,134.91999999999902,376
2026-04-30T15:10:00+00:00,134.91999999999902,135.129999999999,134.899999999999,135.01999999999902,493
2026-04-30T15:15:00+00:00,135.01999999999902,135.159999999999,134.98999999999901,135.10999999999902,420
2026-04-30T15:20:00+00:00,135.10999999999902,135.249999999999,134.999999999999,135.149999999999,404
2026-04-30T15:25:00+00:00,135.149999999999,135.29999999999902,135.07999999999902,135.16999999999902,435
2026-04-30T15:30:00+00:00,135.16999999999902,135.16999999999902,134.999999999999,135.059999999999,399
2026-04-30T15:35:00+00:00,135.059999999999,135.06999999999903,134.78999999999903,134.81999999999903,330
2026-04-30T15:40:00+00:00,134.81999999999903,134.879999999999,134.749999999999,134.839999999999,289
2026-04-30T15:45:00+00:00,134.839999999999,134.879999999999,134.749999999999,134.79999999999902,273
2026-04-30T15:50:00+00:00,134.79999999999902,134.939999999999,134.709999999999,134.91999999999902,285
2026-04-30T15:55:00+00:00,134.91999999999902,134.98999999999901,134.85999999999902,134.88999999999902,246
2026-04-30T16:00:00+00:00,134.88999999999902,134.939999999999,134.82999999999902,134.88999999999902,184
2026-04-30T16:05:00+00:00,134.88999999999902,135.00999999999902,134.84999999999903,134.929999999999,206
2026-04-30T16:10:00+00:00,134.929999999999,134.97999999999902,134.84999999999903,134.939999999999,162
2026-04-30T16:15:00+00:00,134.939999999999,134.939999999999,134.689999999999,134.69999999999902,206
2026-04-30T16:20:00+00:00,134.69999999999902,134.78999999999903,134.649999999999,134.76999999999902,160
2026-04-30T16:25:00+00:00,134.76999999999902,135.029999999999,134.749999999999,135.01999999999902,196
2026-04-30T16:30:00+00:00,135.01999999999902,135.04999999999902,134.939999999999,135.00999999999902,167
2026-04-30T16:35:00+00:00,135.00999999999902,135.03999999999903,134.81999999999903,134.85999999999902,192
2026-04-30T16:40:00+00:00,134.85999999999902,134.909999999999,134.79999999999902,134.839999999999,202
2026-04-30T16:45:00+00:00,134.839999999999,134.88999999999902,134.69999999999902,134.75999999999902,247
2026-04-30T16:50:00+00:00,134.75999999999902,134.809999999999,134.63999999999902,134.72999999999902,213
2026-04-30T16:55:00+00:00,134.72999999999902,134.76999999999902,134.649999999999,134.709999999999,291
2026-04-30T17:00:00+00:00,134.709999999999,134.79999999999902,134.619999999999,134.69999999999902,238
2026-04-30T17:05:00+00:00,134.69999999999902,134.719999999999,134.59999999999903,134.63999999999902,205
2026-04-30T17:10:00+00:00,134.63999999999902,134.69999999999902,134.619999999999,134.679999999999,150
2026-04-30T17:15:00+00:00,134.679999999999,134.709999999999,134.559999999999,134.649999999999,106
2026-04-30T17:20:00+00:00,134.649999999999,134.82999999999902,134.649999999999,134.809999999999,149
2026-04-30T17:25:00+00:00,134.809999999999,134.81999999999903,134.63999999999902,134.649999999999,174
2026-04-30T17:30:00+00:00,134.649999999999,134.869999999999,134.63999999999902,134.79999999999902,370
2026-04-30T17:35:00+00:00,134.79999999999902,134.88999999999902,134.629999999999,134.649999999999,268
2026-04-30T17:40:00+00:00,134.649999999999,134.66999999999902,134.54999999999902,134.54999999999902,237
2026-04-30T17:45:00+00:00,134.54999999999902,134.679999999999,134.54999999999902,134.63999999999902,198
2026-04-30T17:50:00+00:00,134.63999999999902,134.66999999999902,134.529999999999,134.63999999999902,195
2026-04-30T17:55:00+00:00,134.63999999999902,134.809999999999,134.56999999999903,134.57999999999902,220
2026-04-30T18:00:00+00:00,134.57999999999902,134.76999999999902,134.56999999999903,134.63999999999902,297
2026-04-30T18:05:00+00:00,134.63999999999902,134.78999999999903,134.619999999999,134.679999999999,218
2026-04-30T18:10:00+00:00,134.679999999999,134.73999999999901,134.589999999999,134.589999999999,224
2026-04-30T18:15:00+00:00,134.589999999999,134.66999999999902,134.57999999999902,134.59999999999903,135
2026-04-30T18:20:00+00:00,134.59999999999903,134.779999999999,134.59999999999903,134.76999999999902,210
2026-04-30T18:25:00+00:00,134.76999999999902,134.809999999999,134.619999999999,134.72999999999902,195
2026-04-30T18:30:00+00:00,134.72999999999902,134.779999999999,134.57999999999902,134.66999999999902,243
2026-04-30T18:35:00+00:00,134.66999999999902,134.75999999999902,134.59999999999903,134.72999999999902,233
2026-04-30T18:40:00+00:00,134.72999999999902,134.78999999999903,134.66999999999902,134.719999999999,155
2026-04-30T18:45:00+00:00,134.719999999999,134.88999999999902,134.629999999999,134.82999999999902,187
2026-04-30T18:50:00+00:00,134.82999999999902,134.84999999999903,134.689999999999,134.73999999999901,226
2026-04-30T18:55:00+00:00,134.73999999999901,134.779999999999,134.56999999999903,134.59999999999903,252
2026-04-30T19:00:00+00:00,134.59999999999903,134.719999999999,134.54999999999902,134.57999999999902,270
2026-04-30T19:05:00+00:00,134.57999999999902,134.60999999999902,134.379999999999,134.449999999999,202
2026-04-30T19:10:00+00:00,134.449999999999,134.62999999999897,134.449999999999,134.55999999999898,250
2026-04-30T19:15:00+00:00,134.55999999999898,134.639999999999,134.479999999999,134.549999999999,312
2026-04-30T19:20:00+00:00,134.549999999999,134.60999999999896,134.44999999999897,134.60999999999896,289
2026-04-30T19:25:00+00:00,134.60999999999896,134.60999999999896,134.49999999999895,134.56999999999897,272
2026-04-30T19:30:00+00:00,134.56999999999897,134.57999999999896,134.24999999999892,134.24999999999892,371
2026-04-30T19:35:00+00:00,134.24999999999892,134.34999999999891,134.19999999999894,134.30999999999892,279
2026-04-30T19:40:00+00:00,134.30999999999892,134.31999999999894,134.17999999999893,134.26999999999896,274
2026-04-30T19:45:00+00:00,134.26999999999896,134.53999999999897,134.24999999999898,134.49999999999895,375
2026-04-30T19:50:00+00:00,134.49999999999895,134.54999999999896,134.21999999999898,134.30999999999898,463
2026-04-30T19:55:00+00:00,134.30999999999898,134.469999999999,134.18999999999897,134.289999999999,627
2026-05-01T13:30:00+00:00,134.289999999999,135.26999999999902,133.80999999999898,135.159999999999,226
2026-05-01T13:35:00+00:00,135.159999999999,135.879999999999,134.59999999999903,135.339999999999,314
2026-05-01T13:40:00+00:00,135.339999999999,135.57999999999902,134.94999999999902,135.51999999999902,211
2026-05-01T13:45:00+00:00,135.51999999999902,135.679999999999,135.03999999999903,135.339999999999,258
2026-05-01T13:50:00+00:00,135.339999999999,135.959999999999,135.31999999999903,135.939999999999,495
2026-05-01T13:55:00+00:00,135.939999999999,136.66999999999902,135.909999999999,136.559999999999,749
2026-05-01T14:00:00+00:00,136.559999999999,136.84999999999903,136.129999999999,136.249999999999,827
2026-05-01T14:05:00+00:00,136.249999999999,136.31999999999903,135.72999999999902,135.749999999999,639
2026-05-01T14:10:00+00:00,135.749999999999,136.13999999999902,135.589999999999,136.00999999999902,694
2026-05-01T14:15:00+00:00,136.00999999999902,136.28999999999903,135.749999999999,135.75999999999902,673
2026-05-01T14:20:00+00:00,135.75999999999902,136.16999999999902,135.719999999999,136.07999999999902,517
2026-05-01T14:25:00+00:00,136.07999999999902,136.149999999999,135.909999999999,135.969999999999,456
2026-05-01T14:30:00+00:00,135.969999999999,136.219999999999,135.94999999999902,136.179999999999,565
2026-05-01T14:35:00+00:00,136.179999999999,136.249999999999,135.98999999999901,136.10999999999902,498
2026-05-01T14:40:00+00:00,136.10999999999902,136.10999999999902,135.75999999999902,135.81999999999903,664
2026-05-01T14:45:00+00:00,135.81999999999903,135.909999999999,135.66999999999902,135.709999999999,462
2026-05-01T14:50:00+00:00,135.709999999999,135.75999999999902,135.369999999999,135.409999999999,492
2026-05-01T14:55:00+00:00,135.409999999999,135.659999999999,135.369999999999,135.459999999999,432.8678471172533
2026-05-01T15:00:00+00:00,135.459999999999,135.589999999999,135.089999999999,135.209999999999,533
2026-05-01T15:05:00+00:00,135.209999999999,135.32999999999902,135.09999999999903,135.25999999999902,448
2026-05-01T15:10:00+00:00,135.25999999999902,135.439999999999,135.10999999999902,135.129999999999,449
2026-05-01T15:15:00+00:00,135.129999999999,135.219999999999,134.929999999999,134.999999999999,483
2026-05-01T15:20:00+00:00,134.999999999999,135.09999999999903,134.939999999999,135.09999999999903,321
2026-05-01T15:25:00+00:00,135.09999999999903,135.149999999999,135.029999999999,135.119999999999,213
2026-05-01T15:30:00+00:00,135.119999999999,135.149999999999,135.029999999999,135.07999999999902,285
2026-05-01T15:35:00+00:00,135.07999999999902,135.189999999999,135.00999999999902,135.04999999999902,268
2026-05-01T15:40:00+00:00,135.04999999999902,135.06999999999903,134.879999999999,134.899999999999,262
2026-05-01T15:45:00+00:00,134.899999999999,134.97999999999902,134.779999999999,134.809999999999,203
2026-05-01T15:50:00+00:00,134.809999999999,134.84999999999903,134.369999999999,134.37999999999903,663
2026-05-01T15:55:00+00:00,134.37999999999903,134.46999999999903,134.339999999999,134.38999999999905,296
2026-05-01T16:00:00+00:00,134.38999999999905,134.57999999999907,134.30999999999904,134.48999999999904,288
2026-05-01T16:05:00+00:00,134.48999999999904,134.63999999999905,134.23999999999904,134.27999999999906,287
2026-05-01T16:10:00+00:00,134.27999999999906,134.28999999999905,134.11999999999904,134.16999999999905,312
2026-05-01T16:15:00+00:00,134.16999999999905,134.22999999999905,133.91999999999905,133.92999999999904,238
2026-05-01T16:20:00+00:00,133.92999999999904,133.94999999999902,133.52999999999906,133.57999999999905,469
2026-05-01T16:25:00+00:00,133.57999999999905,133.60999999999905,133.279999999999,133.29999999999902,611
2026-05-01T16:30:00+00:00,133.29999999999902,133.399999999999,133.179999999999,133.32999999999902,505
2026-05-01T16:35:00+00:00,133.32999999999902,133.56999999999903,133.279999999999,133.53999999999903,335
2026-05-01T16:40:00+00:00,133.53999999999903,133.67999999999904,133.52999999999906,133.54999999999905,284
2026-05-01T16:45:00+00:00,133.54999999999905,133.73999999999904,133.50999999999902,133.59999999999903,263
2026-05-01T16:50:00+00:00,133.59999999999903,133.63999999999905,133.39999999999907,133.4999999999991,312
2026-05-01T16:55:00+00:00,133.4999999999991,133.55999999999912,133.3799999999991,133.50999999999914,295
2026-05-01T17:00:00+00:00,133.50999999999914,133.80999999999915,133.49999999999915,133.75999999999914,235
2026-05-01T17:05:00+00:00,133.75999999999914,133.88999999999916,133.65999999999917,133.84999999999917,256
2026-05-01T17:10:00+00:00,133.84999999999917,133.9299999999992,133.8299999999992,133.8999999999992,163
2026-05-01T17:15:00+00:00,133.8999999999992,133.9599999999992,133.7499999999992,133.79999999999922,240
2026-05-01T17:20:00+00:00,133.79999999999922,133.8899999999992,133.6799999999992,133.85999999999922,276
2026-05-01T17:25:00+00:00,133.85999999999922,134.01999999999924,133.8399999999992,133.94999999999922,203
2026-05-01T17:30:00+00:00,133.94999999999922,134.14999999999924,133.9299999999992,134.14999999999924,171
2026-05-01T17:35:00+00:00,134.14999999999924,134.28999999999925,134.09999999999923,134.25999999999925,208
2026-05-01T17:40:00+00:00,134.25999999999925,134.29999999999927,134.08999999999924,134.16999999999928,175
2026-05-01T17:45:00+00:00,134.16999999999928,134.19999999999925,134.01999999999927,134.0799999999993,165
2026-05-01T17:50:00+00:00,134.0799999999993,134.24999999999932,134.0799999999993,134.21999999999932,219
2026-05-01T17:55:00+00:00,134.21999999999932,134.30999999999932,134.0599999999993,134.0599999999993,290
2026-05-01T18:00:00+00:00,134.0599999999993,134.1599999999993,133.98999999999933,134.08999999999932,273
2026-05-01T18:05:00+00:00,134.08999999999932,134.10999999999933,133.93999999999932,133.93999999999932,218
2026-05-01T18:10:00+00:00,133.93999999999932,134.01999999999933,133.8799999999993,133.89999999999932,136
2026-05-01T18:15:00+00:00,133.89999999999932,133.92999999999935,133.74999999999932,133.78999999999934,222
2026-05-01T18:20:00+00:00,133.78999999999934,133.83999999999932,133.73999999999933,133.7699999999993,174
2026-05-01T18:25:00+00:00,133.7699999999993,133.8799999999993,133.7099999999993,133.8799999999993,170
2026-05-01T18:30:00+00:00,133.8799999999993,133.92999999999932,133.73999999999933,133.79999999999933,262
2026-05-01T18:35:00+00:00,133.79999999999933,133.79999999999933,133.58999999999932,133.66999999999933,225
2026-05-01T18:40:00+00:00,133.66999999999933,133.84999999999934,133.65999999999934,133.72999999999934,208
2026-05-01T18:45:00+00:00,133.72999999999934,133.89999999999935,133.69999999999933,133.76999999999936,206
2026-05-01T18:50:00+00:00,133.76999999999936,133.85999999999936,133.75999999999937,133.78999999999934,147
2026-05-01T18:55:00+00:00,133.78999999999934,133.81999999999934,133.71999999999935,133.7599999999993,184
2026-05-01T19:00:00+00:00,133.7599999999993,133.93999999999932,133.6999999999993,133.90999999999934,242
2026-05-01T19:05:00+00:00,133.90999999999934,134.05999999999932,133.84999999999934,134.0199999999993,220
2026-05-01T19:10:00+00:00,134.0199999999993,134.0399999999993,133.91999999999933,133.99999999999932,171
2026-05-01T19:15:00+00:00,133.99999999999932,134.20999999999933,133.99999999999932,134.20999999999933,228
2026-05-01T19:20:00+00:00,134.20999999999933,134.20999999999933,134.07999999999933,134.11999999999932,141
2026-05-01T19:25:00+00:00,134.11999999999932,134.16999999999933,134.01999999999936,134.03999999999934,177
2026-05-01T19:30:00+00:00,134.03999999999934,134.09999999999934,133.90999999999934,134.05999999999932,289
2026-05-01T19:35:00+00:00,134.05999999999932,134.09999999999934,133.98999999999933,134.01999999999936,166
2026-05-01T19:40:00+00:00,134.01999999999936,134.06999999999937,133.94999999999933,134.01999999999936,186
2026-05-01T19:45:00+00:00,134.01999999999936,134.10999999999933,133.94999999999933,134.07999999999936,225
2026-05-01T19:50:00+00:00,134.07999999999936,134.10999999999936,133.89999999999935,133.93999999999937,386
2026-05-01T19:55:00+00:00,133.93999999999937,134.01999999999936,133.67999999999938,133.80999999999938,483
2026-05-04T13:30:00+00:00,133.80999999999938,133.80999999999938,132.4199999999994,132.51999999999936,194
2026-05-04T13:35:00+00:00,132.51999999999936,132.65999999999934,132.1699999999994,132.25999999999937,190
2026-05-04T13:40:00+00:00,132.25999999999937,132.26999999999936,131.69999999999936,131.74999999999937,285
2026-05-04T13:45:00+00:00,131.74999999999937,132.26999999999936,131.62999999999937,131.99999999999937,387
2026-05-04T13:50:00+00:00,131.99999999999937,132.39999999999938,131.8599999999994,132.23999999999938,336
2026-05-04T13:55:00+00:00,132.23999999999938,132.4099999999994,132.17999999999938,132.36999999999938,422
2026-05-04T14:00:00+00:00,132.36999999999938,132.36999999999938,131.86999999999938,131.8999999999994,532
2026-05-04T14:05:00+00:00,131.8999999999994,132.12999999999943,131.81999999999942,131.88999999999945,462
2026-05-04T14:10:00+00:00,131.88999999999945,132.09999999999945,131.74999999999943,132.05999999999943,453
2026-05-04T14:15:00+00:00,132.05999999999943,132.26999999999947,131.99999999999943,132.19999999999945,392
2026-05-04T14:20:00+00:00,132.19999999999945,132.53999999999945,132.17999999999944,132.33999999999946,372
2026-05-04T14:25:00+00:00,132.33999999999946,132.46999999999946,132.27999999999946,132.30999999999943,381
2026-05-04T14:30:00+00:00,132.30999999999943,132.57999999999947,132.29999999999944,132.41999999999945,351
2026-05-04T14:35:00+00:00,132.41999999999945,132.61999999999944,132.34999999999945,132.35999999999945,272
2026-05-04T14:40:00+00:00,132.35999999999945,132.40999999999946,131.96999999999943,131.98999999999944,207
2026-05-04T14:45:00+00:00,131.98999999999944,132.06999999999942,131.89999999999944,131.91999999999945,290
2026-05-04T14:50:00+00:00,131.91999999999945,132.1599999999994,131.89999999999944,132.06999999999942,279
2026-05-04T14:55:00+00:00,132.06999999999942,132.18999999999943,131.88999999999942,131.91999999999942,400
2026-05-04T15:00:00+00:00,131.91999999999942,132.0399999999994,131.68999999999943,131.81999999999942,402
2026-05-04T15:05:00+00:00,131.81999999999942,131.94999999999942,131.7699999999994,131.81999999999937,287
2026-05-04T15:10:00+00:00,131.81999999999937,132.0299999999994,131.80999999999938,131.88999999999942,301
2026-05-04T15:15:00+00:00,131.88999999999942,132.0499999999994,131.62999999999937,131.63999999999936,353
2026-05-04T15:20:00+00:00,131.63999999999936,131.65999999999934,131.08999999999935,131.10999999999933,675
2026-05-04T15:25:00+00:00,131.10999999999933,131.42999999999932,131.04999999999933,131.35999999999933,434
2026-05-04T15:30:00+00:00,131.35999999999933,131.5099999999993,131.26999999999933,131.4499999999993,482
2026-05-04T15:35:00+00:00,131.4499999999993,131.46999999999932,131.04999999999933,131.05999999999932,530
2026-05-04T15:40:00+00:00,131.05999999999932,131.32999999999936,130.95999999999933,131.22999999999934,514
2026-05-04T15:45:00+00:00,131.22999999999934,131.30999999999932,131.0699999999993,131.23999999999933,386
2026-05-04T15:50:00+00:00,131.23999999999933,131.5399999999993,131.08999999999932,131.4799999999993,446
2026-05-04T15:55:00+00:00,131.4799999999993,131.5699999999993,131.3799999999993,131.42999999999932,340
2026-05-04T16:00:00+00:00,131.42999999999932,131.59999999999934,131.30999999999932,131.5699999999993,369
2026-05-04T16:05:00+00:00,131.5699999999993,131.7399999999993,131.0199999999993,131.2499999999993,714
2026-05-04T16:10:00+00:00,131.2499999999993,131.3999999999993,131.11999999999927,131.1499999999993,382
2026-05-04T16:15:00+00:00,131.1499999999993,131.6399999999993,131.03999999999928,131.5599999999993,537
2026-05-04T16:20:00+00:00,131.5599999999993,131.96999999999932,131.5199999999993,131.73999999999933,384
2026-05-04T16:25:00+00:00,131.73999999999933,131.79999999999933,131.61999999999932,131.6399999999993,361
2026-05-04T16:30:00+00:00,131.6399999999993,131.7899999999993,131.5699999999993,131.7099999999993,333
2026-05-04T16:35:00+00:00,131.7099999999993,131.7399999999993,131.4599999999993,131.5099999999993,331
2026-05-04T16:40:00+00:00,131.5099999999993,131.61999999999932,131.43999999999932,131.43999999999932,275
2026-05-04T16:45:00+00:00,131.43999999999932,131.5199999999993,131.36999999999932,131.38999999999933,293
2026-05-04T16:50:00+00:00,131.38999999999933,131.39999999999932,131.19999999999933,131.25999999999937,269
2026-05-04T16:55:00+00:00,131.25999999999937,131.43999999999937,131.22999999999936,131.42999999999935,270
2026-05-04T17:00:00+00:00,131.42999999999935,131.88999999999936,131.35999999999936,131.88999999999936,425
2026-05-04T17:05:00+00:00,131.88999999999936,131.90999999999934,131.58999999999938,131.67999999999938,318
2026-05-04T17:10:00+00:00,131.67999999999938,131.75999999999937,131.6099999999994,131.70999999999935,275
2026-05-04T17:15:00+00:00,131.70999999999935,132.0299999999994,131.55999999999935,131.9799999999994,533
2026-05-04T17:20:00+00:00,131.9799999999994,132.0299999999994,131.8399999999994,131.8599999999994,345
2026-05-04T17:25:00+00:00,131.8599999999994,132.01999999999938,131.83999999999938,131.8899999999994,231
2026-05-04T17:30:00+00:00,131.8899999999994,132.2399999999994,131.8599999999994,132.13999999999942,321
2026-05-04T17:35:00+00:00,132.13999999999942,132.4099999999994,132.05999999999938,132.38999999999942,394
2026-05-04T17:40:00+00:00,132.38999999999942,132.44999999999942,132.1899999999994,132.23999999999938,287
2026-05-04T17:45:00+00:00,132.23999999999938,132.3599999999994,132.2099999999994,132.3299999999994,171
2026-05-04T17:50:00+00:00,132.3299999999994,132.40999999999937,132.27999999999935,132.30999999999932,188
2026-05-04T17:55:00+00:00,132.30999999999932,132.40999999999934,132.21999999999935,132.26999999999936,271
2026-05-04T18:00:00+00:00,132.26999999999936,132.53999999999934,132.21999999999935,132.5099999999993,318
2026-05-04T18:05:00+00:00,132.5099999999993,132.5099999999993,132.3199999999993,132.4599999999993,315
2026-05-04T18:10:00+00:00,132.4599999999993,132.4699999999993,132.3299999999993,132.39999999999927,168
2026-05-04T18:15:00+00:00,132.39999999999927,132.39999999999927,132.09999999999926,132.12999999999926,252
2026-05-04T18:20:00+00:00,132.12999999999926,132.21999999999926,131.9899999999992,132.00999999999922,226
2026-05-04T18:25:00+00:00,132.00999999999922,132.10999999999922,131.9299999999992,132.03999999999922,281
2026-05-04T18:30:00+00:00,132.03999999999922,132.08999999999924,131.84999999999923,131.8999999999992,284
2026-05-04T18:35:00+00:00,131.8999999999992,131.98999999999918,131.84999999999923,131.96999999999917,156
2026-05-04T18:40:00+00:00,131.96999999999917,131.96999999999917,131.65999999999914,131.70999999999913,174
2026-05-04T18:45:00+00:00,131.70999999999913,131.70999999999913,131.49999999999912,131.52999999999912,212
2026-05-04T18:50:00+00:00,131.52999999999912,131.5399999999991,131.3699999999991,131.5099999999991,262
2026-05-04T18:55:00+00:00,131.5099999999991,131.74999999999912,131.4799999999991,131.65999999999912,198
2026-05-04T19:00:00+00:00,131.65999999999912,131.6799999999991,131.45999999999913,131.6199999999991,292
2026-05-04T19:05:00+00:00,131.6199999999991,131.86999999999907,131.4399999999991,131.81999999999908,282
2026-05-04T19:10:00+00:00,131.81999999999908,132.09999999999908,131.7799999999991,132.06999999999908,172
2026-05-04T19:15:00+00:00,132.06999999999908,132.08999999999907,131.88999999999913,131.88999999999913,227
2026-05-04T19:20:00+00:00,131.88999999999913,131.96999999999915,131.66999999999913,131.75999999999914,367
2026-05-04T19:25:00+00:00,131.75999999999914,131.77999999999915,131.5099999999991,131.52999999999912,293
2026-05-04T19:30:00+00:00,131.52999999999912,131.6099999999991,131.3099999999991,131.4999999999991,278
2026-05-04T19:35:00+00:00,131.4999999999991,131.6299999999991,131.41999999999913,131.42999999999913,256
2026-05-04T19:40:00+00:00,131.42999999999913,131.6199999999991,131.40999999999912,131.5599999999991,228
2026-05-04T19:45:00+00:00,131.5599999999991,131.67999999999913,131.5499999999991,131.54999999999913,193
2026-05-04T19:50:00+00:00,131.54999999999913,131.64999999999912,131.4799999999991,131.53999999999914,372
2026-05-04T19:55:00+00:00,131.53999999999914,132.0799999999992,131.51999999999913,132.02999999999918,504
2026-05-05T13:30:00+00:00,132.02999999999918,134.41999999999916,132.0199999999992,133.88999999999916,264
2026-05-05T13:35:00+00:00,133.88999999999916,134.23999999999916,133.64999999999915,133.89999999999918,197
2026-05-05T13:40:00+00:00,133.89999999999918,133.96999999999917,133.3699999999992,133.3699999999992,150
2026-05-05T13:45:00+00:00,133.3699999999992,133.90999999999917,133.36999999999918,133.40999999999917,224
2026-05-05T13:50:00+00:00,133.40999999999917,133.87999999999917,133.37999999999917,133.75999999999917,209
2026-05-05T13:55:00+00:00,133.75999999999917,133.96999999999917,133.51999999999913,133.75999999999914,307
2026-05-05T14:00:00+00:00,133.75999999999914,134.00999999999914,133.37999999999914,133.38999999999913,434
2026-05-05T14:05:00+00:00,133.38999999999913,133.5599999999991,133.12999999999914,133.5399999999991,436
2026-05-05T14:10:00+00:00,133.5399999999991,133.71999999999912,133.32999999999913,133.38999999999913,408
2026-05-05T14:15:00+00:00,133.38999999999913,133.61999999999915,133.33999999999912,133.53999999999914,559
2026-05-05T14:20:00+00:00,133.53999999999914,133.81999999999914,133.46999999999915,133.73999999999916,469
2026-05-05T14:25:00+00:00,133.73999999999916,133.90999999999917,133.66999999999916,133.82999999999916,347
2026-05-05T14:30:00+00:00,133.82999999999916,133.91999999999916,133.69999999999914,133.83999999999918,430
2026-05-05T14:35:00+00:00,133.83999999999918,133.95999999999918,133.55999999999918,133.65999999999917,312
2026-05-05T14:40:00+00:00,133.65999999999917,133.90999999999917,133.56999999999917,133.87999999999917,316
2026-05-05T14:45:00+00:00,133.87999999999917,133.94999999999914,133.7999999999992,133.80999999999918,270
2026-05-05T14:50:00+00:00,133.80999999999918,134.04999999999922,133.7699999999992,134.0299999999992,243
2026-05-05T14:55:00+00:00,134.0299999999992,134.3799999999992,133.9799999999992,134.3699999999992,261
2026-05-05T15:00:00+00:00,134.3699999999992,134.7799999999992,134.3199999999992,134.7799999999992,337
2026-05-05T15:05:00+00:00,134.7799999999992,134.9299999999992,134.4899999999992,134.75999999999922,269
2026-05-05T15:10:00+00:00,134.75999999999922,134.9299999999992,134.6799999999992,134.6799999999992,227
2026-05-05T15:15:00+00:00,134.6799999999992,134.85999999999922,134.59999999999923,134.6199999999992,262
2026-05-05T15:20:00+00:00,134.6199999999992,134.63999999999922,134.4999999999992,134.5299999999992,161
2026-05-05T15:25:00+00:00,134.5299999999992,134.55999999999918,134.2699999999992,134.55999999999918,327
2026-05-05T15:30:00+00:00,134.55999999999918,134.61999999999918,134.46999999999917,134.52999999999918,278
2026-05-05T15:35:00+00:00,134.52999999999918,134.61999999999918,134.2899999999992,134.34999999999923,216
2026-05-05T15:40:00+00:00,134.34999999999923,134.3999999999992,134.26999999999921,134.3699999999992,186
2026-05-05T15:45:00+00:00,134.3699999999992,134.5599999999992,134.3399999999992,134.5599999999992,178
2026-05-05T15:50:00+00:00,134.5599999999992,134.57999999999922,134.24999999999923,134.26999999999924,192
2026-05-05T15:55:00+00:00,134.26999999999924,134.38999999999928,134.11999999999927,134.25999999999925,235
2026-05-05T16:00:00+00:00,134.25999999999925,134.25999999999925,134.14999999999924,134.22999999999925,123
2026-05-05T16:05:00+00:00,134.22999999999925,134.40999999999923,134.18999999999926,134.33999999999924,152
2026-05-05T16:10:00+00:00,134.33999999999924,134.45999999999924,134.22999999999922,134.25999999999925,167
2026-05-05T16:15:00+00:00,134.25999999999925,134.33999999999924,134.21999999999926,134.30999999999926,128
2026-05-05T16:20:00+00:00,134.30999999999926,134.33999999999924,134.20999999999927,134.30999999999926,138
2026-05-05T16:25:00+00:00,134.30999999999926,134.42999999999927,134.22999999999928,134.39999999999927,172
2026-05-05T16:30:00+00:00,134.39999999999927,134.44999999999925,134.30999999999926,134.3899999999993,166
2026-05-05T16:35:00+00:00,134.3899999999993,134.42999999999927,134.35999999999927,134.37999999999926,121
2026-05-05T16:40:00+00:00,134.37999999999926,134.4099999999993,134.25999999999928,134.29999999999927,149
2026-05-05T16:45:00+00:00,134.29999999999927,134.41999999999928,134.29999999999927,134.36999999999927,83
2026-05-05T16:50:00+00:00,134.36999999999927,134.42999999999927,134.30999999999926,134.37999999999926,96
2026-05-05T16:55:00+00:00,134.37999999999926,134.37999999999928,134.22999999999928,134.32999999999927,116
2026-05-05T17:00:00+00:00,134.32999999999927,134.34999999999928,134.13999999999928,134.18999999999926,158
2026-05-05T17:05:00+00:00,134.18999999999926,134.30999999999923,134.15999999999926,134.2399999999992,130
2026-05-05T17:10:00+00:00,134.2399999999992,134.2399999999992,134.0599999999992,134.0599999999992,119
2026-05-05T17:15:00+00:00,134.0599999999992,134.2899999999992,134.02999999999923,134.2899999999992,154
2026-05-05T17:20:00+00:00,134.2899999999992,134.3199999999992,134.1899999999992,134.28999999999922,88
2026-05-05T17:25:00+00:00,134.28999999999922,134.37999999999926,134.26999999999924,134.31999999999925,92
2026-05-05T17:30:00+00:00,134.31999999999925,134.48999999999927,134.30999999999926,134.47999999999922,170
2026-05-05T17:35:00+00:00,134.47999999999922,134.54999999999924,134.39999999999924,134.45999999999924,162
2026-05-05T17:40:00+00:00,134.45999999999924,134.4699999999993,134.36999999999927,134.3999999999993,164
2026-05-05T17:45:00+00:00,134.3999999999993,134.4099999999993,134.26999999999924,134.28999999999925,128
2026-05-05T17:50:00+00:00,134.28999999999925,134.28999999999925,134.13999999999928,134.1899999999993,139
2026-05-05T17:55:00+00:00,134.1899999999993,134.25999999999925,134.10999999999927,134.2199999999993,132
2026-05-05T18:00:00+00:00,134.2199999999993,134.31999999999925,134.09999999999928,134.12999999999928,104
2026-05-05T18:05:00+00:00,134.12999999999928,134.2199999999993,134.06999999999928,134.1599999999993,163
2026-05-05T18:10:00+00:00,134.1599999999993,134.20999999999927,134.06999999999928,134.17999999999927,139
2026-05-05T18:15:00+00:00,134.17999999999927,134.29999999999927,134.16999999999928,134.22999999999925,135
2026-05-05T18:20:00+00:00,134.22999999999925,134.31999999999925,134.20999999999924,134.29999999999927,95
2026-05-05T18:25:00+00:00,134.29999999999927,134.36999999999927,134.2199999999993,134.22999999999928,79
2026-05-05T18:30:00+00:00,134.22999999999928,134.35999999999927,134.22999999999928,134.28999999999928,142
2026-05-05T18:35:00+00:00,134.28999999999928,134.29999999999927,134.15999999999926,134.1899999999993,80
2026-05-05T18:40:00+00:00,134.1899999999993,134.3399999999993,134.1599999999993,134.29999999999927,147
2026-05-05T18:45:00+00:00,134.29999999999927,134.3699999999993,134.2799999999993,134.3399999999993,120
2026-05-05T18:50:00+00:00,134.3399999999993,134.3799999999993,134.2999999999993,134.3599999999993,109
2026-05-05T18:55:00+00:00,134.3599999999993,134.3799999999993,134.2799999999993,134.3199999999993,142
2026-05-05T19:00:00+00:00,134.3199999999993,134.56999999999928,134.29999999999933,134.4699999999993,221
2026-05-05T19:05:00+00:00,134.4699999999993,134.48999999999927,134.34999999999928,134.4099999999993,149
2026-05-05T19:10:00+00:00,134.4099999999993,134.55999999999926,134.35999999999927,134.55999999999926,152
2026-05-05T19:15:00+00:00,134.55999999999926,134.59999999999928,134.44999999999925,134.52999999999926,213
2026-05-05T19:20:00+00:00,134.52999999999926,134.56999999999928,134.34999999999928,134.36999999999927,149
2026-05-05T19:25:00+00:00,134.36999999999927,134.47999999999928,134.35999999999927,134.35999999999927,195
2026-05-05T19:30:00+00:00,134.35999999999927,134.48999999999927,134.33999999999924,134.42999999999924,213
2026-05-05T19:35:00+00:00,134.42999999999924,134.46999999999923,134.32999999999925,134.46999999999923,191
2026-05-05T19:40:00+00:00,134.46999999999923,134.50999999999925,134.40999999999923,134.44999999999925,148
2026-05-05T19:45:00+00:00,134.44999999999925,134.70999999999927,134.38999999999925,134.67999999999927,231
2026-05-05T19:50:00+00:00,134.67999999999927,134.78999999999928,134.53999999999928,134.64999999999927,564
2026-05-05T19:55:00+00:00,134.64999999999927,134.68999999999926,134.27999999999926,134.46999999999926,656
2026-05-06T13:30:00+00:00,134.46999999999926,137.84999999999928,134.46999999999926,136.67999999999927,280
2026-05-06T13:35:00+00:00,136.67999999999927,136.93999999999926,136.16999999999928,136.59999999999928,457
2026-05-06T13:40:00+00:00,136.59999999999928,136.76999999999927,136.11999999999927,136.28999999999928,357
2026-05-06T13:45:00+00:00,136.28999999999928,136.28999999999928,135.79999999999927,135.81999999999928,395
2026-05-06T13:50:00+00:00,135.81999999999928,135.92999999999927,135.44999999999928,135.84999999999928,417
2026-05-06T13:55:00+00:00,135.84999999999928,136.17999999999927,135.73999999999927,136.11999999999927,483
2026-05-06T14:00:00+00:00,136.11999999999927,136.26999999999927,135.88999999999928,135.90999999999926,419
2026-05-06T14:05:00+00:00,135.90999999999926,136.02999999999926,135.61999999999927,135.66999999999928,517
2026-05-06T14:10:00+00:00,135.66999999999928,135.68999999999926,135.07999999999927,135.22999999999928,349
2026-05-06T14:15:00+00:00,135.22999999999928,135.50999999999928,135.05999999999926,135.35999999999927,453
2026-05-06T14:20:00+00:00,135.35999999999927,135.37999999999926,134.90999999999926,134.91999999999928,437
2026-05-06T14:25:00+00:00,134.91999999999928,135.35999999999927,134.86999999999927,134.98999999999927,413
2026-05-06T14:30:00+00:00,134.98999999999927,135.26999999999927,134.97999999999928,135.07999999999927,503
2026-05-06T14:35:00+00:00,135.07999999999927,135.46999999999926,134.98999999999927,135.26999999999927,441
2026-05-06T14:40:00+00:00,135.26999999999927,135.76999999999927,135.26999999999927,135.69999999999928,591
2026-05-06T14:45:00+00:00,135.69999999999928,135.82999999999927,135.53999999999928,135.54999999999927,595
2026-05-06T14:50:00+00:00,135.54999999999927,135.76999999999927,135.41999999999928,135.70999999999927,364
2026-05-06T14:55:00+00:00,135.70999999999927,136.13999999999925,135.69999999999928,136.09999999999926,328.8950177935943
2026-05-06T15:00:00+00:00,136.09999999999926,136.19999999999925,135.95999999999924,136.12999999999926,339
2026-05-06T15:05:00+00:00,136.12999999999926,136.15999999999923,135.92999999999924,135.97999999999925,375
2026-05-06T15:10:00+00:00,135.97999999999925,136.13999999999925,135.82999999999925,136.05999999999923,420
2026-05-06T15:15:00+00:00,136.05999999999923,136.07999999999925,135.86999999999924,136.02999999999923,305
2026-05-06T15:20:00+00:00,136.02999999999923,136.09999999999926,135.91999999999925,135.92999999999924,312
2026-05-06T15:25:00+00:00,135.92999999999924,135.92999999999924,135.69999999999925,135.72999999999925,262
2026-05-06T15:30:00+00:00,135.72999999999925,135.84999999999926,135.71999999999923,135.74999999999923,270
2026-05-06T15:35:00+00:00,135.74999999999923,135.76999999999924,135.58999999999924,135.58999999999924,224
2026-05-06T15:40:00+00:00,135.58999999999924,135.66999999999925,135.34999999999926,135.43999999999923,306
2026-05-06T15:45:00+00:00,135.43999999999923,135.69999999999925,135.35999999999925,135.62999999999926,332
2026-05-06T15:50:00+00:00,135.62999999999926,135.97999999999925,135.62999999999926,135.96999999999923,326
2026-05-06T15:55:00+00:00,135.96999999999923,136.02999999999923,135.80999999999923,135.82999999999925,311
2026-05-06T16:00:00+00:00,135.82999999999925,135.89999999999924,135.71999999999923,135.80999999999923,253
2026-05-06T16:05:00+00:00,135.80999999999923,135.82999999999925,135.65999999999923,135.65999999999923,158
2026-05-06T16:10:00+00:00,135.65999999999923,135.71999999999923,135.59999999999926,135.67999999999924,215
2026-05-06T16:15:00+00:00,135.67999999999924,135.87999999999926,135.63999999999925,135.80999999999923,236
2026-05-06T16:20:00+00:00,135.80999999999923,135.86999999999924,135.67999999999924,135.69999999999925,164
2026-05-06T16:25:00+00:00,135.69999999999925,135.74999999999923,135.59999999999926,135.68999999999923,149
2026-05-06T16:30:00+00:00,135.68999999999923,135.79999999999924,135.67999999999924,135.78999999999925,142
2026-05-06T16:35:00+00:00,135.78999999999925,136.02999999999923,135.70999999999924,135.78999999999925,253
2026-05-06T16:40:00+00:00,135.78999999999925,135.82999999999925,135.62999999999926,135.64999999999924,151
2026-05-06T16:45:00+00:00,135.64999999999924,135.68999999999923,135.60999999999925,135.61999999999924,210
2026-05-06T16:50:00+00:00,135.61999999999924,135.65999999999923,135.42999999999924,135.45999999999924,155
2026-05-06T16:55:00+00:00,135.45999999999924,135.54999999999924,135.37999999999926,135.50999999999925,346
2026-05-06T17:00:00+00:00,135.50999999999925,135.52999999999923,135.37999999999926,135.48999999999924,208
2026-05-06T17:05:00+00:00,135.48999999999924,135.51999999999924,135.40999999999923,135.43999999999923,226
2026-05-06T17:10:00+00:00,135.43999999999923,135.53999999999925,135.21999999999923,135.23999999999924,247
2026-05-06T17:15:00+00:00,135.23999999999924,135.26999999999924,135.10999999999925,135.12999999999926,185
2026-05-06T17:20:00+00:00,135.12999999999926,135.15999999999923,135.04999999999924,135.15999999999923,220
2026-05-06T17:25:00+00:00,135.15999999999923,135.15999999999923,134.86999999999924,135.09999999999926,217
2026-05-06T17:30:00+00:00,135.09999999999926,135.16999999999925,134.87999999999926,134.94999999999925,243
2026-05-06T17:35:00+00:00,134.94999999999925,134.96999999999923,134.86999999999924,134.91999999999925,165
2026-05-06T17:40:00+00:00,134.91999999999925,134.91999999999925,134.78999999999925,134.86999999999924,148
2026-05-06T17:45:00+00:00,134.86999999999924,134.90999999999923,134.70999999999924,134.74999999999923,177
2026-05-06T17:50:00+00:00,134.74999999999923,134.79999999999924,134.54999999999924,134.58999999999924,189
2026-05-06T17:55:00+00:00,134.58999999999924,134.60999999999925,134.39999999999924,134.45999999999924,200
2026-05-06T18:00:00+00:00,134.45999999999924,134.63999999999925,134.41999999999925,134.54999999999924,366
2026-05-06T18:05:00+00:00,134.54999999999924,134.57999999999925,134.36999999999927,134.39999999999924,173
2026-05-06T18:10:00+00:00,134.39999999999924,134.50999999999925,134.30999999999926,134.31999999999925,195
2026-05-06T18:15:00+00:00,134.31999999999925,134.59999999999928,134.30999999999926,134.51999999999927,263
2026-05-06T18:20:00+00:00,134.51999999999927,134.59999999999928,134.43999999999926,134.51999999999927,135
2026-05-06T18:25:00+00:00,134.51999999999927,134.68999999999926,134.4299999999993,134.47999999999928,179
2026-05-06T18:30:00+00:00,134.47999999999928,134.63999999999928,134.4699999999993,134.62999999999928,208
2026-05-06T18:35:00+00:00,134.62999999999928,134.78999999999928,134.55999999999926,134.77999999999926,189
2026-05-06T18:40:00+00:00,134.77999999999926,134.91999999999928,134.72999999999928,134.84999999999928,214
2026-05-06T18:45:00+00:00,134.84999999999928,134.91999999999928,134.69999999999928,134.75999999999928,225
2026-05-06T18:50:00+00:00,134.75999999999928,134.77999999999926,134.52999999999926,134.59999999999928,217
2026-05-06T18:55:00+00:00,134.59999999999928,134.67999999999927,134.52999999999926,134.61999999999927,209
2026-05-06T19:00:00+00:00,134.61999999999927,134.73999999999927,134.54999999999927,134.70999999999927,283
2026-05-06T19:05:00+00:00,134.70999999999927,134.71999999999926,134.47999999999925,134.50999999999925,296
2026-05-06T19:10:00+00:00,134.50999999999925,134.63999999999925,134.38999999999925,134.56999999999928,322
2026-05-06T19:15:00+00:00,134.56999999999928,134.71999999999926,134.34999999999926,134.69999999999928,308
2026-05-06T19:20:00+00:00,134.69999999999928,134.72999999999928,134.33999999999924,134.40999999999923,242
2026-05-06T19:25:00+00:00,134.40999999999923,134.4299999999992,134.21999999999923,134.30999999999926,256
2026-05-06T19:30:00+00:00,134.30999999999926,134.5299999999992,134.27999999999926,134.4599999999992,285
2026-05-06T19:35:00+00:00,134.4599999999992,134.4899999999992,134.35999999999922,134.3899999999992,196
2026-05-06T19:40:00+00:00,134.3899999999992,134.3899999999992,134.2599999999992,134.31999999999917,231
2026-05-06T19:45:00+00:00,134.31999999999917,134.4399999999992,134.20999999999918,134.2199999999992,329
2026-05-06T19:50:00+00:00,134.2199999999992,134.3699999999992,133.97999999999922,134.03999999999922,632
2026-05-06T19:55:00+00:00,134.03999999999922,134.19999999999925,133.85999999999922,133.9699999999992,660
2026-05-07T13:30:00+00:00,133.9699999999992,135.7799999999992,133.39999999999918,135.37999999999923,283
2026-05-07T13:35:00+00:00,135.37999999999923,135.6599999999992,133.64999999999924,134.43999999999926,545
2026-05-07T13:40:00+00:00,134.43999999999926,134.44999999999925,133.72999999999925,134.21999999999926,406
2026-05-07T13:45:00+00:00,134.21999999999926,134.45999999999924,133.5599999999993,133.5799999999993,405
2026-05-07T13:50:00+00:00,133.5799999999993,133.92999999999932,133.40999999999931,133.41999999999933,417
2026-05-07T13:55:00+00:00,133.41999999999933,133.91999999999933,133.39999999999932,133.60999999999933,526
2026-05-07T14:00:00+00:00,133.60999999999933,133.9099999999993,133.44999999999933,133.84999999999928,691
2026-05-07T14:05:00+00:00,133.84999999999928,134.8799999999993,133.75999999999928,134.61999999999932,714
2026-05-07T14:10:00+00:00,134.61999999999932,134.71999999999932,134.0099999999993,134.28999999999934,563
2026-05-07T14:15:00+00:00,134.28999999999934,134.70999999999935,134.23999999999936,134.65999999999934,488
2026-05-07T14:20:00+00:00,134.65999999999934,135.02999999999935,134.45999999999935,134.45999999999935,668
2026-05-07T14:25:00+00:00,134.45999999999935,134.67999999999935,134.18999999999937,134.37999999999937,608
2026-05-07T14:30:00+00:00,134.37999999999937,135.52999999999938,134.32999999999936,135.27999999999938,604
2026-05-07T14:35:00+00:00,135.27999999999938,135.5099999999994,135.18999999999937,135.26999999999938,557
2026-05-07T14:40:00+00:00,135.26999999999938,135.3899999999994,134.92999999999938,134.93999999999937,565
2026-05-07T14:45:00+00:00,134.93999999999937,135.36999999999938,134.86999999999938,135.3199999999994,596
2026-05-07T14:50:00+00:00,135.3199999999994,135.46999999999937,135.26999999999938,135.3499999999994,398
2026-05-07T14:55:00+00:00,135.3499999999994,135.83999999999938,135.30999999999938,135.5099999999994,364
2026-05-07T15:00:00+00:00,135.5099999999994,135.92999999999938,135.4799999999994,135.77999999999938,401
2026-05-07T15:05:00+00:00,135.77999999999938,136.15999999999937,135.77999999999938,136.0699999999994,508
2026-05-07T15:10:00+00:00,136.0699999999994,136.4499999999994,135.95999999999938,136.39999999999938,490
2026-05-07T15:15:00+00:00,136.39999999999938,137.0699999999994,136.39999999999938,137.0499999999994,611
2026-05-07T15:20:00+00:00,137.0499999999994,137.0999999999994,136.71999999999937,136.8799999999994,534
2026-05-07T15:25:00+00:00,136.8799999999994,137.05999999999938,136.64999999999938,137.05999999999938,594
2026-05-07T15:30:00+00:00,137.05999999999938,137.6299999999994,136.89999999999938,137.5399999999994,566
2026-05-07T15:35:00+00:00,137.5399999999994,137.5999999999994,136.96999999999937,136.9799999999994,534
2026-05-07T15:40:00+00:00,136.9799999999994,137.1099999999994,136.8599999999994,136.99999999999937,570
2026-05-07T15:45:00+00:00,136.99999999999937,137.0799999999994,136.71999999999937,136.7999999999994,571
2026-05-07T15:50:00+00:00,136.7999999999994,136.95999999999938,136.49999999999937,136.8299999999994,466
2026-05-07T15:55:00+00:00,136.8299999999994,136.83999999999938,136.39999999999938,136.48999999999938,402
2026-05-07T16:00:00+00:00,136.48999999999938,136.6299999999994,136.1999999999994,136.52999999999938,524
2026-05-07T16:05:00+00:00,136.52999999999938,136.5499999999994,136.20999999999938,136.30999999999938,408
2026-05-07T16:10:00+00:00,136.30999999999938,136.48999999999938,136.17999999999938,136.43999999999937,471
2026-05-07T16:15:00+00:00,136.43999999999937,136.43999999999937,135.89999999999938,135.99999999999937,637
2026-05-07T16:20:00+00:00,135.99999999999937,136.15999999999937,135.9499999999994,136.1399999999994,355
2026-05-07T16:25:00+00:00,136.1399999999994,136.3599999999994,136.0699999999994,136.3299999999994,416
2026-05-07T16:30:00+00:00,136.3299999999994,136.6699999999994,136.0799999999994,136.6299999999994,487
2026-05-07T16:35:00+00:00,136.6299999999994,136.99999999999937,136.3299999999994,136.5699999999994,460
2026-05-07T16:40:00+00:00,136.5699999999994,136.67999999999938,136.3299999999994,136.6099999999994,407
2026-05-07T16:45:00+00:00,136.6099999999994,136.8299999999994,136.5999999999994,136.68999999999937,415
2026-05-07T16:50:00+00:00,136.68999999999937,136.68999999999937,136.3599999999994,136.58999999999938,480
2026-05-07T16:55:00+00:00,136.58999999999938,136.6999999999994,136.3499999999994,136.5099999999994,421
2026-05-07T17:00:00+00:00,136.5099999999994,136.5099999999994,136.20999999999938,136.27999999999938,392
2026-05-07T17:05:00+00:00,136.27999999999938,136.36999999999938,136.1699999999994,136.1999999999994,483
2026-05-07T17:10:00+00:00,136.1999999999994,136.2599999999994,135.9499999999994,136.08999999999938,462
2026-05-07T17:15:00+00:00,136.08999999999938,136.27999999999938,136.0399999999994,136.23999999999938,285
2026-05-07T17:20:00+00:00,136.23999999999938,136.3799999999994,136.14999999999938,136.36999999999938,486
2026-05-07T17:25:00+00:00,136.36999999999938,136.3899999999994,135.70999999999938,135.8199999999994,1052
2026-05-07T17:30:00+00:00,135.8199999999994,136.1099999999994,135.5499999999994,135.98999999999938,543
2026-05-07T17:35:00+00:00,135.98999999999938,136.20999999999938,135.80999999999938,136.0099999999994,384
2026-05-07T17:40:00+00:00,136.0099999999994,136.3199999999994,135.9799999999994,136.0099999999994,404
2026-05-07T17:45:00+00:00,136.0099999999994,136.0999999999994,135.92999999999938,135.95999999999938,318
2026-05-07T17:50:00+00:00,135.95999999999938,135.96999999999937,135.46999999999937,135.7299999999994,325
2026-05-07T17:55:00+00:00,135.7299999999994,136.0699999999994,135.70999999999938,136.0699999999994,689
2026-05-07T18:00:00+00:00,136.0699999999994,136.1299999999994,135.80999999999938,135.86999999999938,437
2026-05-07T18:05:00+00:00,135.86999999999938,136.01999999999938,135.86999999999938,135.89999999999938,330
2026-05-07T18:10:00+00:00,135.89999999999938,135.9799999999994,135.74999999999937,135.8899999999994,224
2026-05-07T18:15:00+00:00,135.8899999999994,136.0999999999994,135.8799999999994,136.01999999999938,205
2026-05-07T18:20:00+00:00,136.01999999999938,136.0799999999994,135.86999999999938,135.89999999999938,250
2026-05-07T18:25:00+00:00,135.89999999999938,135.90999999999937,135.65999999999937,135.67999999999938,298
2026-05-07T18:30:00+00:00,135.67999999999938,135.8799999999994,135.67999999999938,135.76999999999938,264
2026-05-07T18:35:00+00:00,135.76999999999938,135.76999999999938,135.39999999999938,135.40999999999937,290
2026-05-07T18:40:00+00:00,135.40999999999937,135.51999999999938,135.14999999999938,135.20999999999938,394
2026-05-07T18:45:00+00:00,135.20999999999938,135.40999999999937,135.0799999999994,135.3599999999994,473
2026-05-07T18:50:00+00:00,135.3599999999994,135.74999999999937,135.30999999999938,135.64999999999938,444
2026-05-07T18:55:00+00:00,135.64999999999938,135.77999999999938,135.5499999999994,135.64999999999938,496
2026-05-07T19:00:00+00:00,135.64999999999938,136.01999999999938,135.5999999999994,135.9799999999994,337
2026-05-07T19:05:00+00:00,135.9799999999994,136.1099999999994,135.8299999999994,136.1099999999994,279
2026-05-07T19:10:00+00:00,136.1099999999994,136.26999999999938,136.0499999999994,136.20999999999938,234
2026-05-07T19:15:00+00:00,136.20999999999938,136.21999999999937,135.8899999999994,136.01999999999938,385
2026-05-07T19:20:00+00:00,136.01999999999938,136.0399999999994,135.8199999999994,135.8199999999994,320
2026-05-07T19:25:00+00:00,135.8199999999994,135.95999999999938,135.74999999999937,135.8899999999994,401
2026-05-07T19:30:00+00:00,135.8899999999994,135.9199999999994,135.7899999999994,135.89999999999938,332
2026-05-07T19:35:00+00:00,135.89999999999938,135.98999999999938,135.8299999999994,135.95999999999938,237
2026-05-07T19:40:00+00:00,135.95999999999938,136.2299999999994,135.93999999999937,136.01999999999938,323
2026-05-07T19:45:00+00:00,136.01999999999938,136.20999999999938,135.93999999999937,136.0999999999994,389
2026-05-07T19:50:00+00:00,136.0999999999994,136.1099999999994,135.45999999999938,135.65999999999937,813
2026-05-07T19:55:00+00:00,135.65999999999937,135.8799999999994,135.21999999999937,135.3899999999994,804
2026-05-08T13:30:00+00:00,135.3899999999994,136.86999999999938,135.3899999999994,136.8299999999994,194
2026-05-08T13:35:00+00:00,136.8299999999994,137.80999999999938,136.39999999999938,137.70999999999938,266
2026-05-08T13:40:00+00:00,137.70999999999938,137.86999999999938,137.1699999999994,137.42999999999938,307
2026-05-08T13:45:00+00:00,137.42999999999938,138.0099999999994,137.14999999999938,137.6099999999994,356
2026-05-08T13:50:00+00:00,137.6099999999994,137.9799999999994,137.39999999999938,137.80999999999938,261
2026-05-08T13:55:00+00:00,137.80999999999938,138.3299999999994,137.51999999999938,137.7999999999994,278
2026-05-08T14:00:00+00:00,137.7999999999994,137.9499999999994,137.64999999999938,137.8199999999994,209
2026-05-08T14:05:00+00:00,137.8199999999994,137.8499999999994,136.89999999999938,136.90999999999937,362
2026-05-08T14:10:00+00:00,136.90999999999937,136.93999999999937,136.2999999999994,136.40999999999937,348
2026-05-08T14:15:00+00:00,136.40999999999937,137.05999999999938,136.33999999999938,136.92999999999938,329
2026-05-08T14:20:00+00:00,136.92999999999938,137.0399999999994,136.7299999999994,136.74999999999937,469
2026-05-08T14:25:00+00:00,136.74999999999937,136.9199999999994,136.70999999999938,136.76999999999938,464
2026-05-08T14:30:00+00:00,136.76999999999938,137.15999999999937,136.68999999999937,136.74999999999937,447
2026-05-08T14:35:00+00:00,136.74999999999937,136.8199999999994,136.52999999999938,136.6399999999994,494
2026-05-08T14:40:00+00:00,136.6399999999994,136.86999999999938,136.5999999999994,136.67999999999938,397
2026-05-08T14:45:00+00:00,136.67999999999938,136.7299999999994,136.39999999999938,136.4199999999994,358
2026-05-08T14:50:00+00:00,136.4199999999994,136.46999999999937,136.3199999999994,136.3599999999994,292
2026-05-08T14:55:00+00:00,136.3599999999994,136.39999999999938,136.1999999999994,136.2599999999994,385.3018029788346
2026-05-08T15:00:00+00:00,136.2599999999994,136.3399999999994,135.9599999999994,136.0999999999994,296
2026-05-08T15:05:00+00:00,136.0999999999994,136.1799999999994,136.0199999999994,136.1499999999994,322
2026-05-08T15:10:00+00:00,136.1499999999994,136.2299999999994,135.9799999999994,136.0599999999994,319
2026-05-08T15:15:00+00:00,136.0599999999994,136.2499999999994,135.8799999999994,135.9199999999994,313
2026-05-08T15:20:00+00:00,135.9199999999994,136.0099999999994,135.6699999999994,135.6799999999994,297
2026-05-08T15:25:00+00:00,135.6799999999994,135.6999999999994,135.32999999999942,135.35999999999942,276
2026-05-08T15:30:00+00:00,135.35999999999942,135.5099999999994,135.1299999999994,135.4999999999994,460
2026-05-08T15:35:00+00:00,135.4999999999994,135.54999999999941,135.2899999999994,135.4399999999994,341
2026-05-08T15:40:00+00:00,135.4399999999994,135.4699999999994,135.1599999999994,135.1599999999994,387
2026-05-08T15:45:00+00:00,135.1599999999994,135.29999999999941,135.07999999999942,135.1899999999994,289
2026-05-08T15:50:00+00:00,135.1899999999994,135.1899999999994,135.0099999999994,135.0299999999994,310
2026-05-08T15:55:00+00:00,135.0299999999994,135.3499999999994,135.0099999999994,135.3099999999994,337
2026-05-08T16:00:00+00:00,135.3099999999994,135.7599999999994,135.2499999999994,135.7099999999994,251
2026-05-08T16:05:00+00:00,135.7099999999994,135.8499999999994,135.5599999999994,135.5699999999994,212
2026-05-08T16:10:00+00:00,135.5699999999994,135.60999999999942,135.2599999999994,135.3799999999994,243
2026-05-08T16:15:00+00:00,135.3799999999994,135.4199999999994,135.2699999999994,135.3499999999994,253
2026-05-08T16:20:00+00:00,135.3499999999994,135.4399999999994,135.2699999999994,135.3199999999994,225
2026-05-08T16:25:00+00:00,135.3199999999994,135.4699999999994,135.2199999999994,135.2399999999994,235
2026-05-08T16:30:00+00:00,135.2399999999994,135.35999999999942,135.1699999999994,135.35999999999942,222
2026-05-08T16:35:00+00:00,135.35999999999942,135.6899999999994,135.29999999999941,135.32999999999942,282
2026-05-08T16:40:00+00:00,135.32999999999942,135.3699999999994,134.6899999999994,134.6999999999994,424
2026-05-08T16:45:00+00:00,134.6999999999994,134.7099999999994,134.4099999999994,134.4099999999994,308
2026-05-08T16:50:00+00:00,134.4099999999994,134.6499999999994,134.38999999999942,134.4399999999994,262
2026-05-08T16:55:00+00:00,134.4399999999994,134.5399999999994,134.14999999999938,134.1599999999994,314
2026-05-08T17:00:00+00:00,134.1599999999994,134.2499999999994,133.65999999999937,133.6699999999994,395
2026-05-08T17:05:00+00:00,133.6699999999994,133.98999999999938,133.5899999999994,133.6699999999994,311
2026-05-08T17:10:00+00:00,133.6699999999994,133.6999999999994,133.2799999999994,133.2999999999994,356
2026-05-08T17:15:00+00:00,133.2999999999994,133.62999999999937,133.2299999999994,133.3799999999994,328
2026-05-08T17:20:00+00:00,133.3799999999994,133.56999999999942,133.1999999999994,133.26999999999938,334
2026-05-08T17:25:00+00:00,133.26999999999938,133.60999999999936,133.2599999999994,133.60999999999936,368
2026-05-08T17:30:00+00:00,133.60999999999936,133.63999999999936,133.20999999999935,133.22999999999936,351
2026-05-08T17:35:00+00:00,133.22999999999936,133.23999999999936,133.06999999999937,133.06999999999937,324
2026-05-08T17:40:00+00:00,133.06999999999937,133.31999999999937,132.86999999999938,133.1399999999994,294
2026-05-08T17:45:00+00:00,133.1399999999994,133.30999999999938,132.80999999999932,132.80999999999932,287
2026-05-08T17:50:00+00:00,132.80999999999932,132.97999999999934,132.74999999999932,132.8199999999993,302
2026-05-08T17:55:00+00:00,132.8199999999993,132.89999999999932,132.4199999999993,132.4599999999993,354
2026-05-08T18:00:00+00:00,132.4599999999993,132.84999999999928,132.4599999999993,132.79999999999927,492
2026-05-08T18:05:00+00:00,132.79999999999927,132.92999999999927,132.75999999999928,132.8399999999993,218
2026-05-08T18:10:00+00:00,132.8399999999993,132.97999999999934,132.8299999999993,132.93999999999932,187
2026-05-08T18:15:00+00:00,132.93999999999932,133.25999999999934,132.93999999999932,133.21999999999935,252
2026-05-08T18:20:00+00:00,133.21999999999935,133.26999999999936,132.95999999999935,132.98999999999933,287
2026-05-08T18:25:00+00:00,132.98999999999933,133.09999999999934,132.92999999999932,133.03999999999934,215
2026-05-08T18:30:00+00:00,133.03999999999934,133.10999999999933,132.7799999999993,132.84999999999928,277
2026-05-08T18:35:00+00:00,132.84999999999928,133.0599999999993,132.79999999999927,132.9399999999993,278
2026-05-08T18:40:00+00:00,132.9399999999993,133.0099999999993,132.9099999999993,132.91999999999933,254
2026-05-08T18:45:00+00:00,132.91999999999933,132.94999999999936,132.72999999999934,132.78999999999934,270
2026-05-08T18:50:00+00:00,132.78999999999934,132.80999999999932,132.49999999999932,132.51999999999933,198
2026-05-08T18:55:00+00:00,132.51999999999933,132.53999999999934,132.27999999999935,132.38999999999936,362
2026-05-08T19:00:00+00:00,132.38999999999936,132.57999999999933,132.37999999999937,132.49999999999932,397
2026-05-08T19:05:00+00:00,132.49999999999932,132.53999999999934,132.2599999999993,132.2599999999993,226
2026-05-08T19:10:00+00:00,132.2599999999993,132.4499999999993,132.06999999999928,132.13999999999928,221
2026-05-08T19:15:00+00:00,132.13999999999928,132.24999999999926,132.11999999999927,132.18999999999923,218
2026-05-08T19:20:00+00:00,132.18999999999923,132.35999999999922,132.15999999999923,132.29999999999924,310
2026-05-08T19:25:00+00:00,132.29999999999924,132.29999999999924,132.01999999999924,132.04999999999924,375
2026-05-08T19:30:00+00:00,132.04999999999924,132.17999999999927,131.90999999999923,132.05999999999926,440
2026-05-08T19:35:00+00:00,132.05999999999926,132.34999999999926,131.93999999999926,132.15999999999926,342
2026-05-08T19:40:00+00:00,132.15999999999926,132.68999999999926,132.15999999999926,132.49999999999926,411
2026-05-08T19:45:00+00:00,132.49999999999926,132.50999999999925,131.93999999999923,131.94999999999925,547
2026-05-08T19:50:00+00:00,131.94999999999925,132.11999999999927,131.90999999999926,131.93999999999926,617
2026-05-08T19:55:00+00:00,131.93999999999926,132.05999999999926,131.60999999999927,132.03999999999928,870
2026-05-11T13:30:00+00:00,132.03999999999928,132.2199999999993,131.40999999999926,131.52999999999923,159
2026-05-11T13:35:00+00:00,131.52999999999923,131.95999999999924,131.16999999999928,131.16999999999928,263
2026-05-11T13:40:00+00:00,131.16999999999928,132.16999999999928,131.13999999999928,132.0899999999993,201
2026-05-11T13:45:00+00:00,132.0899999999993,133.2699999999993,132.0799999999993,133.2599999999993,335
2026-05-11T13:50:00+00:00,133.2599999999993,133.67999999999932,133.11999999999932,133.39999999999932,405
2026-05-11T13:55:00+00:00,133.39999999999932,133.8899999999993,133.28999999999928,133.80999999999932,313
2026-05-11T14:00:00+00:00,133.80999999999932,134.18999999999932,133.73999999999933,134.01999999999933,484
2026-05-11T14:05:00+00:00,134.01999999999933,134.03999999999934,133.63999999999936,133.70999999999935,267
2026-05-11T14:10:00+00:00,133.70999999999935,133.73999999999933,133.30999999999938,133.45999999999935,240
2026-05-11T14:15:00+00:00,133.45999999999935,133.88999999999936,133.45999999999935,133.85999999999936,292
2026-05-11T14:20:00+00:00,133.85999999999936,134.02999999999935,133.61999999999938,133.89999999999938,220
2026-05-11T14:25:00+00:00,133.89999999999938,134.50999999999942,133.83999999999938,134.2199999999994,351
2026-05-11T14:30:00+00:00,134.2199999999994,134.42999999999944,133.7699999999994,133.8099999999994,456
2026-05-11T14:35:00+00:00,133.8099999999994,134.12999999999943,133.65999999999943,133.70999999999944,422
2026-05-11T14:40:00+00:00,133.70999999999944,133.99999999999943,133.60999999999945,133.62999999999943,415
2026-05-11T14:45:00+00:00,133.62999999999943,133.70999999999944,133.03999999999942,133.06999999999942,408
2026-05-11T14:50:00+00:00,133.06999999999942,133.4199999999994,133.0399999999994,133.32999999999942,455
2026-05-11T14:55:00+00:00,133.32999999999942,133.6499999999994,133.24999999999943,133.5099999999994,436
2026-05-11T15:00:00+00:00,133.5099999999994,133.61999999999938,133.40999999999937,133.48999999999938,294
2026-05-11T15:05:00+00:00,133.48999999999938,133.48999999999938,133.1099999999994,133.12999999999937,351
2026-05-11T15:10:00+00:00,133.12999999999937,133.17999999999938,132.90999999999934,132.94999999999936,358
2026-05-11T15:15:00+00:00,132.94999999999936,133.05999999999938,132.62999999999937,132.72999999999936,376
2026-05-11T15:20:00+00:00,132.72999999999936,132.89999999999935,132.51999999999936,132.56999999999937,369
2026-05-11T15:25:00+00:00,132.56999999999937,132.88999999999936,132.54999999999936,132.7299999999994,292
2026-05-11T15:30:00+00:00,132.7299999999994,133.08999999999938,132.6399999999994,133.00999999999937,435
2026-05-11T15:35:00+00:00,133.00999999999937,133.23999999999933,132.99999999999935,133.10999999999933,232
2026-05-11T15:40:00+00:00,133.10999999999933,133.1299999999993,132.88999999999936,133.02999999999935,353
2026-05-11T15:45:00+00:00,133.02999999999935,133.11999999999935,132.71999999999935,132.83999999999935,402
2026-05-11T15:50:00+00:00,132.83999999999935,132.85999999999933,132.59999999999934,132.6399999999993,277
2026-05-11T15:55:00+00:00,132.6399999999993,132.7099999999993,132.5199999999993,132.61999999999932,247
2026-05-11T16:00:00+00:00,132.61999999999932,132.68999999999932,132.3199999999993,132.33999999999932,247
2026-05-11T16:05:00+00:00,132.33999999999932,132.41999999999933,132.2399999999993,132.3799999999993,145
2026-05-11T16:10:00+00:00,132.3799999999993,132.3799999999993,132.10999999999933,132.26999999999933,184
2026-05-11T16:15:00+00:00,132.26999999999933,132.45999999999935,132.26999999999933,132.42999999999938,205
2026-05-11T16:20:00+00:00,132.42999999999938,132.75999999999942,132.3599999999994,132.7499999999994,163
2026-05-11T16:25:00+00:00,132.7499999999994,132.88999999999942,132.73999999999938,132.7799999999994,142
2026-05-11T16:30:00+00:00,132.7799999999994,132.8899999999994,132.7099999999994,132.8599999999994,211
2026-05-11T16:35:00+00:00,132.8599999999994,132.98999999999938,132.8299999999994,132.9699999999994,171
2026-05-11T16:40:00+00:00,132.9699999999994,133.05999999999943,132.67999999999944,132.90999999999943,477
2026-05-11T16:45:00+00:00,132.90999999999943,132.97999999999945,132.83999999999943,132.88999999999942,160
2026-05-11T16:50:00+00:00,132.88999999999942,132.92999999999944,132.72999999999945,132.72999999999945,164
2026-05-11T16:55:00+00:00,132.72999999999945,132.81999999999942,132.65999999999946,132.67999999999944,192
2026-05-11T17:00:00+00:00,132.67999999999944,132.86999999999944,132.67999999999944,132.8099999999994,135
2026-05-11T17:05:00+00:00,132.8099999999994,132.9799999999994,132.7999999999994,132.90999999999937,177
2026-05-11T17:10:00+00:00,132.90999999999937,133.04999999999936,132.89999999999935,132.96999999999935,152
2026-05-11T17:15:00+00:00,132.96999999999935,132.98999999999933,132.77999999999932,132.77999999999932,136
2026-05-11T17:20:00+00:00,132.77999999999932,132.98999999999933,132.73999999999933,132.98999999999933,132
2026-05-11T17:25:00+00:00,132.98999999999933,133.18999999999932,132.97999999999934,133.17999999999932,178
2026-05-11T17:30:00+00:00,133.17999999999932,133.36999999999932,133.17999999999932,133.2199999999993,163
2026-05-11T17:35:00+00:00,133.2199999999993,133.3099999999993,133.1399999999993,133.1799999999993,177
2026-05-11T17:40:00+00:00,133.1799999999993,133.2799999999993,133.1399999999993,133.20999999999933,165
2026-05-11T17:45:00+00:00,133.20999999999933,133.24999999999932,133.00999999999928,133.05999999999926,145
2026-05-11T17:50:00+00:00,133.05999999999926,133.06999999999925,132.84999999999928,132.8999999999993,122
2026-05-11T17:55:00+00:00,132.8999999999993,133.1499999999993,132.85999999999927,133.13999999999928,141
2026-05-11T18:00:00+00:00,133.13999999999928,133.2599999999993,133.09999999999928,133.1399999999993,193
2026-05-11T18:05:00+00:00,133.1399999999993,133.34999999999928,133.12999999999928,133.1399999999993,137
2026-05-11T18:10:00+00:00,133.1399999999993,133.1599999999993,133.0299999999993,133.1499999999993,137
2026-05-11T18:15:00+00:00,133.1499999999993,133.22999999999928,133.03999999999928,133.22999999999928,138
2026-05-11T18:20:00+00:00,133.22999999999928,133.30999999999932,133.1199999999993,133.1399999999993,173
2026-05-11T18:25:00+00:00,133.1399999999993,133.17999999999932,133.0399999999993,133.11999999999932,184
2026-05-11T18:30:00+00:00,133.11999999999932,133.3299999999993,133.11999999999932,133.28999999999928,162
2026-05-11T18:35:00+00:00,133.28999999999928,133.30999999999926,133.0299999999993,133.0899999999993,277
2026-05-11T18:40:00+00:00,133.0899999999993,133.1599999999993,132.9699999999993,133.07999999999925,236
2026-05-11T18:45:00+00:00,133.07999999999925,133.20999999999927,132.98999999999927,132.98999999999927,195
2026-05-11T18:50:00+00:00,132.98999999999927,133.00999999999928,132.78999999999928,132.78999999999928,239
2026-05-11T18:55:00+00:00,132.78999999999928,132.92999999999927,132.68999999999926,132.84999999999923,322
2026-05-11T19:00:00+00:00,132.84999999999923,132.96999999999923,132.7499999999992,132.75999999999922,263
2026-05-11T19:05:00+00:00,132.75999999999922,132.85999999999922,132.7399999999992,132.77999999999923,159
2026-05-11T19:10:00+00:00,132.77999999999923,132.82999999999925,132.54999999999922,132.63999999999922,298
2026-05-11T19:15:00+00:00,132.63999999999922,132.6999999999992,132.5499999999992,132.6299999999992,239
2026-05-11T19:20:00+00:00,132.6299999999992,132.7499999999992,132.53999999999922,132.70999999999918,248
2026-05-11T19:25:00+00:00,132.70999999999918,132.8899999999992,132.65999999999917,132.8299999999992,231
2026-05-11T19:30:00+00:00,132.8299999999992,132.8299999999992,132.35999999999922,132.37999999999923,257
2026-05-11T19:35:00+00:00,132.37999999999923,132.46999999999923,132.2799999999992,132.4299999999992,194
2026-05-11T19:40:00+00:00,132.4299999999992,132.4299999999992,132.24999999999923,132.28999999999922,180
2026-05-11T19:45:00+00:00,132.28999999999922,132.38999999999925,132.20999999999924,132.21999999999923,286
2026-05-11T19:50:00+00:00,132.21999999999923,132.27999999999923,132.05999999999923,132.14999999999924,334
2026-05-11T19:55:00+00:00,132.14999999999924,132.39999999999924,132.13999999999925,132.28999999999922,505
2026-05-12T13:30:00+00:00,132.28999999999922,132.28999999999922,130.9999999999992,130.9999999999992,156
2026-05-12T13:35:00+00:00,130.9999999999992,131.2399999999992,130.4499999999992,130.5099999999992,201
2026-05-12T13:40:00+00:00,130.5099999999992,130.6199999999992,130.05999999999923,130.14999999999924,302
2026-05-12T13:45:00+00:00,130.14999999999924,130.47999999999922,129.82999999999922,129.85999999999922,351
2026-05-12T13:50:00+00:00,129.85999999999922,130.65999999999923,129.63999999999922,130.49999999999926,322
2026-05-12T13:55:00+00:00,130.49999999999926,130.66999999999928,130.27999999999926,130.53999999999928,219
2026-05-12T14:00:00+00:00,130.53999999999928,130.9599999999993,130.4099999999993,130.8999999999993,345
2026-05-12T14:05:00+00:00,130.8999999999993,131.18999999999932,130.87999999999928,131.0899999999993,239
2026-05-12T14:10:00+00:00,131.0899999999993,131.28999999999928,130.6099999999993,130.6999999999993,258
2026-05-12T14:15:00+00:00,130.6999999999993,130.8199999999993,130.11999999999932,130.1299999999993,257
2026-05-12T14:20:00+00:00,130.1299999999993,130.30999999999932,130.0799999999993,130.2999999999993,282
2026-05-12T14:25:00+00:00,130.2999999999993,130.5199999999993,130.2099999999993,130.42999999999932,264
2026-05-12T14:30:00+00:00,130.42999999999932,130.4499999999993,129.82999999999936,129.92999999999935,376
2026-05-12T14:35:00+00:00,129.92999999999935,130.47999999999934,129.90999999999934,130.43999999999932,247
2026-05-12T14:40:00+00:00,130.43999999999932,130.6999999999993,130.35999999999933,130.5799999999993,218
2026-05-12T14:45:00+00:00,130.5799999999993,130.6299999999993,130.34999999999928,130.58999999999932,205
2026-05-12T14:50:00+00:00,130.58999999999932,130.61999999999927,130.2999999999993,130.47999999999928,218
2026-05-12T14:55:00+00:00,130.47999999999928,131.2199999999993,130.43999999999926,131.1799999999993,246
2026-05-12T15:00:00+00:00,131.1799999999993,131.1999999999993,130.8899999999993,131.04999999999927,230
2026-05-12T15:05:00+00:00,131.04999999999927,131.10999999999927,130.88999999999928,131.03999999999928,210
2026-05-12T15:10:00+00:00,131.03999999999928,131.04999999999927,130.56999999999925,130.60999999999922,213
2026-05-12T15:15:00+00:00,130.60999999999922,130.70999999999924,129.7499999999992,130.08999999999924,296
2026-05-12T15:20:00+00:00,130.08999999999924,130.80999999999923,130.06999999999925,130.55999999999923,248
2026-05-12T15:25:00+00:00,130.55999999999923,130.8999999999992,130.40999999999923,130.8299999999992,271
2026-05-12T15:30:00+00:00,130.8299999999992,131.0399999999992,130.60999999999922,131.0399999999992,308
2026-05-12T15:35:00+00:00,131.0399999999992,131.0699999999992,130.8899999999992,130.9899999999992,224
2026-05-12T15:40:00+00:00,130.9899999999992,131.39999999999924,130.90999999999923,131.39999999999924,311
2026-05-12T15:45:00+00:00,131.39999999999924,131.66999999999922,131.35999999999922,131.57999999999925,394
2026-05-12T15:50:00+00:00,131.57999999999925,131.81999999999925,131.45999999999927,131.72999999999925,311
2026-05-12T15:55:00+00:00,131.72999999999925,131.86999999999927,131.5899999999993,131.7099999999993,441
2026-05-12T16:00:00+00:00,131.7099999999993,131.8299999999993,131.5299999999993,131.6699999999993,332
2026-05-12T16:05:00+00:00,131.6699999999993,131.6999999999993,131.3899999999993,131.3899999999993,296
2026-05-12T16:10:00+00:00,131.3899999999993,131.48999999999927,131.3199999999993,131.3699999999993,325
2026-05-12T16:15:00+00:00,131.3699999999993,131.5699999999993,131.3099999999993,131.49999999999932,276
2026-05-12T16:20:00+00:00,131.49999999999932,131.5799999999993,131.4099999999993,131.43999999999932,245
2026-05-12T16:25:00+00:00,131.43999999999932,131.5199999999993,131.28999999999934,131.43999999999932,232
2026-05-12T16:30:00+00:00,131.43999999999932,131.6599999999993,131.40999999999931,131.6199999999993,278
2026-05-12T16:35:00+00:00,131.6199999999993,131.68999999999932,131.5299999999993,131.5799999999993,248
2026-05-12T16:40:00+00:00,131.5799999999993,131.59999999999928,131.4199999999993,131.4699999999993,233
2026-05-12T16:45:00+00:00,131.4699999999993,131.5699999999993,131.4099999999993,131.5499999999993,319
2026-05-12T16:50:00+00:00,131.5499999999993,131.80999999999926,131.5299999999993,131.74999999999926,316
2026-05-12T16:55:00+00:00,131.74999999999926,132.05999999999926,131.68999999999926,132.02999999999926,296
2026-05-12T17:00:00+00:00,132.02999999999926,132.20999999999924,131.94999999999925,132.14999999999924,348
2026-05-12T17:05:00+00:00,132.14999999999924,132.3099999999992,132.09999999999923,132.09999999999923,336
2026-05-12T17:10:00+00:00,132.09999999999923,132.22999999999922,132.09999999999923,132.20999999999924,312
2026-05-12T17:15:00+00:00,132.20999999999924,132.42999999999927,132.13999999999925,132.37999999999926,286
2026-05-12T17:20:00+00:00,132.37999999999926,132.46999999999926,132.23999999999924,132.29999999999922,397
2026-05-12T17:25:00+00:00,132.29999999999922,132.4899999999992,132.29999999999922,132.3499999999992,326
2026-05-12T17:30:00+00:00,132.3499999999992,132.5499999999992,132.2599999999992,132.4499999999992,304
2026-05-12T17:35:00+00:00,132.4499999999992,132.4899999999992,132.33999999999918,132.39999999999918,268
2026-05-12T17:40:00+00:00,132.39999999999918,132.50999999999914,132.34999999999917,132.46999999999915,199
2026-05-12T17:45:00+00:00,132.46999999999915,132.46999999999915,132.34999999999914,132.36999999999915,237
2026-05-12T17:50:00+00:00,132.36999999999915,132.47999999999917,132.33999999999915,132.41999999999916,229
2026-05-12T17:55:00+00:00,132.41999999999916,132.54999999999916,132.35999999999916,132.53999999999917,200
2026-05-12T18:00:00+00:00,132.53999999999917,132.53999999999917,132.3199999999992,132.48999999999916,353
2026-05-12T18:05:00+00:00,132.48999999999916,132.70999999999916,132.46999999999917,132.54999999999916,281
2026-05-12T18:10:00+00:00,132.54999999999916,132.68999999999915,132.49999999999915,132.54999999999916,315
2026-05-12T18:15:00+00:00,132.54999999999916,132.65999999999914,132.54999999999916,132.60999999999916,244
2026-05-12T18:20:00+00:00,132.60999999999916,132.80999999999915,132.60999999999916,132.76999999999913,324
2026-05-12T18:25:00+00:00,132.76999999999913,132.96999999999912,132.67999999999915,132.72999999999914,376
2026-05-12T18:30:00+00:00,132.72999999999914,132.78999999999917,132.63999999999916,132.72999999999914,262
2026-05-12T18:35:00+00:00,132.72999999999914,132.72999999999914,132.59999999999908,132.6099999999991,227
2026-05-12T18:40:00+00:00,132.6099999999991,132.71999999999912,132.5599999999991,132.6699999999991,190
2026-05-12T18:45:00+00:00,132.6699999999991,132.7299999999991,132.4799999999991,132.52999999999906,224
2026-05-12T18:50:00+00:00,132.52999999999906,132.76999999999907,132.49999999999906,132.6199999999991,257
2026-05-12T18:55:00+00:00,132.6199999999991,132.7499999999991,132.59999999999908,132.7099999999991,209
2026-05-12T19:00:00+00:00,132.7099999999991,132.7599999999991,132.65999999999912,132.7299999999991,239
2026-05-12T19:05:00+00:00,132.7299999999991,132.90999999999912,132.6799999999991,132.87999999999911,222
2026-05-12T19:10:00+00:00,132.87999999999911,132.93999999999912,132.7999999999991,132.81999999999914,210
2026-05-12T19:15:00+00:00,132.81999999999914,132.83999999999912,132.5999999999991,132.65999999999912,190
2026-05-12T19:20:00+00:00,132.65999999999912,132.6699999999991,132.43999999999912,132.5399999999991,220
2026-05-12T19:25:00+00:00,132.5399999999991,132.7499999999991,132.5199999999991,132.6799999999991,216
2026-05-12T19:30:00+00:00,132.6799999999991,132.7699999999991,132.59999999999908,132.6999999999991,219
2026-05-12T19:35:00+00:00,132.6999999999991,132.7399999999991,132.5399999999991,132.57999999999907,224
2026-05-12T19:40:00+00:00,132.57999999999907,132.5999999999991,132.44999999999908,132.5699999999991,237
2026-05-12T19:45:00+00:00,132.5699999999991,132.7299999999991,132.45999999999913,132.6699999999991,299
2026-05-12T19:50:00+00:00,132.6699999999991,132.8699999999991,132.4199999999991,132.7899999999991,436
2026-05-12T19:55:00+00:00,132.7899999999991,132.9599999999991,132.5999999999991,132.9599999999991,867
2026-05-13T13:30:00+00:00,132.9599999999991,132.9599999999991,129.9099999999991,130.71999999999906,154
2026-05-13T13:35:00+00:00,130.71999999999906,130.96999999999906,130.16999999999905,130.28999999999905,253
2026-05-13T13:40:00+00:00,130.28999999999905,131.00999999999905,130.16999999999905,130.79999999999905,215
2026-05-13T13:45:00+00:00,130.79999999999905,131.71999999999906,130.79999999999905,131.47999999999905,277
2026-05-13T13:50:00+00:00,131.47999999999905,131.65999999999906,130.83999999999904,130.97999999999905,255
2026-05-13T13:55:00+00:00,130.97999999999905,131.60999999999908,130.88999999999905,131.4299999999991,219
2026-05-13T14:00:00+00:00,131.4299999999991,131.8799999999991,131.3399999999991,131.7299999999991,238
2026-05-13T14:05:00+00:00,131.7299999999991,131.9799999999991,131.5999999999991,131.67999999999913,301
2026-05-13T14:10:00+00:00,131.67999999999913,131.75999999999914,131.4799999999991,131.56999999999908,245
2026-05-13T14:15:00+00:00,131.56999999999908,131.70999999999907,131.47999999999908,131.6199999999991,148
2026-05-13T14:20:00+00:00,131.6199999999991,131.8699999999991,131.56999999999908,131.8499999999991,232
2026-05-13T14:25:00+00:00,131.8499999999991,132.01999999999913,131.69999999999914,131.8899999999991,248
2026-05-13T14:30:00+00:00,131.8899999999991,132.22999999999908,131.7699999999991,131.9299999999991,294
2026-05-13T14:35:00+00:00,131.9299999999991,131.9999999999991,131.6299999999991,131.64999999999907,216
2026-05-13T14:40:00+00:00,131.64999999999907,131.9399999999991,131.61999999999907,131.83999999999912,145
2026-05-13T14:45:00+00:00,131.83999999999912,131.95999999999913,131.7699999999991,131.9199999999991,198
2026-05-13T14:50:00+00:00,131.9199999999991,132.13999999999913,131.8299999999991,131.90999999999912,179
2026-05-13T14:55:00+00:00,131.90999999999912,131.96999999999912,131.67999999999913,131.74999999999912,187.1831519167061
2026-05-13T15:00:00+00:00,131.74999999999912,131.89999999999912,131.65999999999912,131.71999999999912,180
2026-05-13T15:05:00+00:00,131.71999999999912,131.8699999999991,131.68999999999912,131.76999999999913,174
2026-05-13T15:10:00+00:00,131.76999999999913,131.80999999999912,131.44999999999914,131.45999999999913,179
2026-05-13T15:15:00+00:00,131.45999999999913,131.69999999999914,131.43999999999915,131.56999999999914,217
2026-05-13T15:20:00+00:00,131.56999999999914,131.81999999999914,131.54999999999916,131.74999999999915,216
2026-05-13T15:25:00+00:00,131.74999999999915,131.92999999999915,131.74999999999915,131.90999999999917,161
2026-05-13T15:30:00+00:00,131.90999999999917,131.99999999999915,131.81999999999917,131.92999999999915,227
2026-05-13T15:35:00+00:00,131.92999999999915,132.04999999999916,131.83999999999912,131.90999999999912,183
2026-05-13T15:40:00+00:00,131.90999999999912,131.90999999999912,131.39999999999912,131.39999999999912,228
2026-05-13T15:45:00+00:00,131.39999999999912,131.5399999999991,131.31999999999908,131.34999999999908,252
2026-05-13T15:50:00+00:00,131.34999999999908,131.56999999999908,131.32999999999907,131.5499999999991,220
2026-05-13T15:55:00+00:00,131.5499999999991,131.65999999999912,131.4899999999991,131.6299999999991,206
2026-05-13T16:00:00+00:00,131.6299999999991,131.6299999999991,131.3199999999991,131.33999999999912,203
2026-05-13T16:05:00+00:00,131.33999999999912,131.40999999999912,131.26999999999913,131.3099999999991,154
2026-05-13T16:10:00+00:00,131.3099999999991,131.41999999999913,131.2899999999991,131.35999999999913,152
2026-05-13T16:15:00+00:00,131.35999999999913,131.53999999999914,131.29999999999916,131.48999999999916,191
2026-05-13T16:20:00+00:00,131.48999999999916,131.79999999999916,131.46999999999917,131.66999999999916,260
2026-05-13T16:25:00+00:00,131.66999999999916,131.75999999999914,131.5799999999992,131.66999999999913,182
2026-05-13T16:30:00+00:00,131.66999999999913,131.71999999999915,131.53999999999917,131.54999999999916,185
2026-05-13T16:35:00+00:00,131.54999999999916,131.63999999999913,131.46999999999917,131.61999999999915,237
2026-05-13T16:40:00+00:00,131.61999999999915,131.67999999999915,131.48999999999913,131.48999999999913,150
2026-05-13T16:45:00+00:00,131.48999999999913,131.6099999999991,131.46999999999915,131.48999999999916,151
2026-05-13T16:50:00+00:00,131.48999999999916,131.64999999999915,131.45999999999916,131.5799999999992,194
2026-05-13T16:55:00+00:00,131.5799999999992,131.68999999999917,131.55999999999918,131.66999999999916,154
2026-05-13T17:00:00+00:00,131.66999999999916,131.70999999999918,131.5799999999992,131.68999999999917,173
2026-05-13T17:05:00+00:00,131.68999999999917,132.08999999999918,131.64999999999918,131.9999999999992,180
2026-05-13T17:10:00+00:00,131.9999999999992,132.04999999999922,131.79999999999922,131.83999999999918,191
2026-05-13T17:15:00+00:00,131.83999999999918,131.86999999999918,131.70999999999918,131.7299999999992,147
2026-05-13T17:20:00+00:00,131.7299999999992,131.88999999999922,131.6799999999992,131.77999999999923,186
2026-05-13T17:25:00+00:00,131.77999999999923,131.8399999999992,131.76999999999924,131.8399999999992,150
2026-05-13T17:30:00+00:00,131.8399999999992,131.8899999999992,131.7499999999992,131.7599999999992,218
2026-05-13T17:35:00+00:00,131.7599999999992,131.95999999999924,131.7599999999992,131.9299999999992,144
2026-05-13T17:40:00+00:00,131.9299999999992,132.01999999999924,131.91999999999922,131.93999999999926,123
2026-05-13T17:45:00+00:00,131.93999999999926,132.01999999999927,131.89999999999924,131.93999999999926,202
2026-05-13T17:50:00+00:00,131.93999999999926,132.00999999999925,131.87999999999926,131.88999999999925,115
2026-05-13T17:55:00+00:00,131.88999999999925,131.88999999999925,131.65999999999923,131.65999999999923,212
2026-05-13T18:00:00+00:00,131.65999999999923,131.71999999999923,131.46999999999923,131.54999999999922,161
2026-05-13T18:05:00+00:00,131.54999999999922,131.59999999999923,131.34999999999923,131.3699999999992,175
2026-05-13T18:10:00+00:00,131.3699999999992,131.44999999999925,131.29999999999922,131.38999999999925,207
2026-05-13T18:15:00+00:00,131.38999999999925,131.46999999999926,131.2299999999992,131.2599999999992,206
2026-05-13T18:20:00+00:00,131.2599999999992,131.3699999999992,131.1799999999992,131.32999999999922,158
2026-05-13T18:25:00+00:00,131.32999999999922,131.3799999999992,131.0399999999992,131.0799999999992,186
2026-05-13T18:30:00+00:00,131.0799999999992,131.1299999999992,130.9299999999992,130.9499999999992,214
2026-05-13T18:35:00+00:00,130.9499999999992,130.9799999999992,130.7599999999992,130.80999999999915,222
2026-05-13T18:40:00+00:00,130.80999999999915,130.90999999999917,130.62999999999914,130.62999999999914,159
2026-05-13T18:45:00+00:00,130.62999999999914,130.77999999999912,130.61999999999912,130.61999999999915,219
2026-05-13T18:50:00+00:00,130.61999999999915,130.93999999999915,130.61999999999915,130.77999999999915,202
2026-05-13T18:55:00+00:00,130.77999999999915,130.87999999999914,130.69999999999914,130.77999999999915,194
2026-05-13T19:00:00+00:00,130.77999999999915,131.14999999999915,130.74999999999915,131.14999999999915,169
2026-05-13T19:05:00+00:00,131.14999999999915,131.15999999999917,130.96999999999917,131.01999999999916,182
2026-05-13T19:10:00+00:00,131.01999999999916,131.25999999999917,131.01999999999916,131.18999999999917,190
2026-05-13T19:15:00+00:00,131.18999999999917,131.2699999999992,130.95999999999918,130.96999999999917,166
2026-05-13T19:20:00+00:00,130.96999999999917,131.03999999999917,130.95999999999918,131.0199999999992,140
2026-05-13T19:25:00+00:00,131.0199999999992,131.03999999999917,130.6899999999992,130.72999999999922,247
2026-05-13T19:30:00+00:00,130.72999999999922,130.85999999999922,130.71999999999923,130.8399999999992,205
2026-05-13T19:35:00+00:00,130.8399999999992,130.96999999999923,130.72999999999922,130.94999999999922,200
2026-05-13T19:40:00+00:00,130.94999999999922,130.96999999999923,130.58999999999924,130.64999999999924,232
2026-05-13T19:45:00+00:00,130.64999999999924,130.77999999999923,130.61999999999924,130.65999999999926,231
2026-05-13T19:50:00+00:00,130.65999999999926,130.80999999999926,130.58999999999924,130.6899999999993,429
2026-05-13T19:55:00+00:00,130.6899999999993,130.6899999999993,130.3999999999993,130.49999999999926,557
2026-05-14T13:30:00+00:00,130.49999999999926,132.43999999999932,130.49999999999926,131.5199999999993,207
2026-05-14T13:35:00+00:00,131.5199999999993,132.35999999999927,131.0699999999993,131.79999999999927,204
2026-05-14T13:40:00+00:00,131.79999999999927,132.38999999999925,131.18999999999926,131.34999999999923,196
2026-05-14T13:45:00+00:00,131.34999999999923,131.50999999999925,131.06999999999923,131.49999999999923,172
2026-05-14T13:50:00+00:00,131.49999999999923,131.76999999999924,131.32999999999925,131.34999999999923,170
2026-05-14T13:55:00+00:00,131.34999999999923,131.8899999999992,131.32999999999925,131.6399999999992,189
2026-05-14T14:00:00+00:00,131.6399999999992,131.6399999999992,131.22999999999917,131.2599999999992,178
2026-05-14T14:05:00+00:00,131.2599999999992,131.4699999999992,131.06999999999917,131.12999999999917,251
2026-05-14T14:10:00+00:00,131.12999999999917,131.53999999999917,131.12999999999917,131.18999999999917,253
2026-05-14T14:15:00+00:00,131.18999999999917,131.46999999999917,131.10999999999913,131.18999999999915,219
2026-05-14T14:20:00+00:00,131.18999999999915,131.27999999999912,130.76999999999913,130.77999999999912,198
2026-05-14T14:25:00+00:00,130.77999999999912,130.96999999999912,130.62999999999914,130.96999999999912,191
2026-05-14T14:30:00+00:00,130.96999999999912,131.13999999999913,130.8199999999991,131.01999999999913,214
2026-05-14T14:35:00+00:00,131.01999999999913,131.04999999999913,130.71999999999912,130.8499999999991,246
2026-05-14T14:40:00+00:00,130.8499999999991,130.98999999999913,130.7999999999991,130.96999999999912,180
2026-05-14T14:45:00+00:00,130.96999999999912,131.2699999999991,130.8699999999991,131.1899999999991,243
2026-05-14T14:50:00+00:00,131.1899999999991,131.36999999999904,131.11999999999907,131.35999999999905,308
2026-05-14T14:55:00+00:00,131.35999999999905,131.60999999999905,131.32999999999907,131.44999999999908,258
2026-05-14T15:00:00+00:00,131.44999999999908,131.6599999999991,131.41999999999908,131.6199999999991,272
2026-05-14T15:05:00+00:00,131.6199999999991,131.6699999999991,131.4099999999991,131.4399999999991,220
2026-05-14T15:10:00+00:00,131.4399999999991,131.5499999999991,131.4099999999991,131.5199999999991,260
2026-05-14T15:15:00+00:00,131.5199999999991,131.63999999999908,131.4799999999991,131.5799999999991,252
2026-05-14T15:20:00+00:00,131.5799999999991,131.6499999999991,131.40999999999912,131.4799999999991,190
2026-05-14T15:25:00+00:00,131.4799999999991,131.51999999999907,131.33999999999912,131.43999999999906,203
2026-05-14T15:30:00+00:00,131.43999999999906,131.52999999999906,131.25999999999908,131.3299999999991,225
2026-05-14T15:35:00+00:00,131.3299999999991,131.3399999999991,131.1299999999991,131.1299999999991,224
2026-05-14T15:40:00+00:00,131.1299999999991,131.3499999999991,131.10999999999908,131.25999999999908,257
2026-05-14T15:45:00+00:00,131.25999999999908,131.50999999999908,131.25999999999908,131.45999999999907,140
2026-05-14T15:50:00+00:00,131.45999999999907,131.45999999999907,131.23999999999904,131.25999999999905,242
2026-05-14T15:55:00+00:00,131.25999999999905,131.44999999999905,131.23999999999904,131.38999999999905,264
2026-05-14T16:00:00+00:00,131.38999999999905,131.47999999999908,131.36999999999904,131.4399999999991,157
2026-05-14T16:05:00+00:00,131.4399999999991,131.59999999999906,131.41999999999908,131.42999999999904,153
2026-05-14T16:10:00+00:00,131.42999999999904,131.52999999999906,131.37999999999906,131.50999999999908,157
2026-05-14T16:15:00+00:00,131.50999999999908,131.64999999999907,131.4899999999991,131.63999999999908,157
2026-05-14T16:20:00+00:00,131.63999999999908,131.63999999999908,131.27999999999912,131.2999999999991,182
2026-05-14T16:25:00+00:00,131.2999999999991,131.2999999999991,131.1199999999991,131.13999999999908,298
2026-05-14T16:30:00+00:00,131.13999999999908,131.2499999999991,130.88999999999908,130.9399999999991,243
2026-05-14T16:35:00+00:00,130.9399999999991,130.9999999999991,130.8799999999991,130.91999999999908,172
2026-05-14T16:40:00+00:00,130.91999999999908,130.9999999999991,130.84999999999908,130.8699999999991,175
2026-05-14T16:45:00+00:00,130.8699999999991,130.8699999999991,130.7199999999991,130.7399999999991,202
2026-05-14T16:50:00+00:00,130.7399999999991,130.7699999999991,130.2299999999991,130.2299999999991,246
2026-05-14T16:55:00+00:00,130.2299999999991,130.2499999999991,129.88999999999908,130.0499999999991,432
2026-05-14T17:00:00+00:00,130.0499999999991,130.5499999999991,130.00999999999908,130.39999999999907,369
2026-05-14T17:05:00+00:00,130.39999999999907,130.64999999999907,130.3699999999991,130.61999999999907,270
2026-05-14T17:10:00+00:00,130.61999999999907,130.6799999999991,130.53999999999905,130.63999999999908,234
2026-05-14T17:15:00+00:00,130.63999999999908,130.69999999999905,130.4999999999991,130.61999999999904,423
2026-05-14T17:20:00+00:00,130.61999999999904,130.77999999999903,130.54999999999905,130.70999999999904,317
2026-05-14T17:25:00+00:00,130.70999999999904,130.84999999999906,130.62999999999906,130.62999999999906,314
2026-05-14T17:30:00+00:00,130.62999999999906,130.81999999999908,130.61999999999904,130.79999999999907,237
2026-05-14T17:35:00+00:00,130.79999999999907,130.9399999999991,130.76999999999907,130.9299999999991,255
2026-05-14T17:40:00+00:00,130.9299999999991,131.05999999999906,130.89999999999907,130.96999999999906,229
2026-05-14T17:45:00+00:00,130.96999999999906,131.13999999999905,130.93999999999906,131.04999999999905,246
2026-05-14T17:50:00+00:00,131.04999999999905,131.10999999999905,130.90999999999906,130.91999999999905,189
2026-05-14T17:55:00+00:00,130.91999999999905,131.09999999999906,130.91999999999905,130.97999999999905,213
2026-05-14T18:00:00+00:00,130.97999999999905,131.14999999999907,130.89999999999907,131.10999999999908,317
2026-05-14T18:05:00+00:00,131.10999999999908,131.2999999999991,131.06999999999908,131.28999999999908,221
2026-05-14T18:10:00+00:00,131.28999999999908,131.46999999999912,131.2499999999991,131.44999999999914,252
2026-05-14T18:15:00+00:00,131.44999999999914,131.59999999999917,131.35999999999916,131.5699999999992,256
2026-05-14T18:20:00+00:00,131.5699999999992,131.64999999999918,131.5299999999992,131.6199999999992,223
2026-05-14T18:25:00+00:00,131.6199999999992,131.6499999999992,131.43999999999923,131.51999999999924,203
2026-05-14T18:30:00+00:00,131.51999999999924,131.66999999999925,131.48999999999924,131.59999999999923,213
2026-05-14T18:35:00+00:00,131.59999999999923,131.65999999999923,131.51999999999921,131.6199999999992,201
2026-05-14T18:40:00+00:00,131.6199999999992,131.7599999999992,131.57999999999922,131.7399999999992,124
2026-05-14T18:45:00+00:00,131.7399999999992,131.79999999999922,131.69999999999922,131.7399999999992,101
2026-05-14T18:50:00+00:00,131.7399999999992,131.7499999999992,131.63999999999922,131.64999999999924,158
2026-05-14T18:55:00+00:00,131.64999999999924,131.76999999999924,131.64999999999924,131.7099999999992,140
2026-05-14T19:00:00+00:00,131.7099999999992,131.7899999999992,131.66999999999922,131.6899999999992,148
2026-05-14T19:05:00+00:00,131.6899999999992,131.7999999999992,131.6899999999992,131.70999999999918,167
2026-05-14T19:10:00+00:00,131.70999999999918,131.7599999999992,131.65999999999917,131.68999999999917,138
2026-05-14T19:15:00+00:00,131.68999999999917,131.77999999999918,131.66999999999916,131.7699999999992,140
2026-05-14T19:20:00+00:00,131.7699999999992,131.80999999999918,131.70999999999918,131.77999999999918,149
2026-05-14T19:25:00+00:00,131.77999999999918,131.83999999999918,131.69999999999925,131.70999999999924,180
2026-05-14T19:30:00+00:00,131.70999999999924,131.8199999999992,131.69999999999925,131.71999999999923,187
2026-05-14T19:35:00+00:00,131.71999999999923,131.7499999999992,131.60999999999922,131.6399999999992,271
2026-05-14T19:40:00+00:00,131.6399999999992,131.6799999999992,131.33999999999918,131.33999999999918,221
2026-05-14T19:45:00+00:00,131.33999999999918,131.55999999999915,131.2699999999992,131.3199999999992,294
2026-05-14T19:50:00+00:00,131.3199999999992,131.3599999999992,131.0599999999992,131.06999999999923,412
2026-05-14T19:55:00+00:00,131.06999999999923,131.28999999999922,131.04999999999922,131.2799999999992,534
2026-05-15T13:30:00+00:00,131.2799999999992,131.2799999999992,129.72999999999922,130.02999999999923,178
2026-05-15T13:35:00+00:00,130.02999999999923,130.16999999999922,129.51999999999927,129.69999999999925,242
2026-05-15T13:40:00+00:00,129.69999999999925,130.06999999999925,129.51999999999924,129.83999999999924,161
2026-05-15T13:45:00+00:00,129.83999999999924,130.07999999999925,129.54999999999927,129.98999999999927,197
2026-05-15T13:50:00+00:00,129.98999999999927,130.22999999999922,129.59999999999926,130.04999999999924,133
2026-05-15T13:55:00+00:00,130.04999999999924,130.34999999999923,129.7799999999992,129.9299999999992,328
2026-05-15T14:00:00+00:00,129.9299999999992,130.46999999999923,129.91999999999922,130.33999999999924,264
2026-05-15T14:05:00+00:00,130.33999999999924,130.43999999999926,130.04999999999924,130.05999999999926,255
2026-05-15T14:10:00+00:00,130.05999999999926,130.37999999999926,130.01999999999924,130.31999999999925,217
2026-05-15T14:15:00+00:00,130.31999999999925,130.4099999999993,130.23999999999927,130.29999999999927,224
2026-05-15T14:20:00+00:00,130.29999999999927,130.60999999999925,130.07999999999925,130.24999999999926,357
2026-05-15T14:25:00+00:00,130.24999999999926,130.29999999999927,129.84999999999926,130.11999999999927,306
2026-05-15T14:30:00+00:00,130.11999999999927,130.29999999999927,130.01999999999924,130.14999999999924,249
2026-05-15T14:35:00+00:00,130.14999999999924,130.32999999999925,130.12999999999926,130.19999999999922,169
2026-05-15T14:40:00+00:00,130.19999999999922,130.19999999999922,129.8099999999992,129.84999999999923,216
2026-05-15T14:45:00+00:00,129.84999999999923,129.94999999999925,129.7499999999992,129.83999999999924,212
2026-05-15T14:50:00+00:00,129.83999999999924,129.85999999999925,129.62999999999926,129.80999999999926,340
2026-05-15T14:55:00+00:00,129.80999999999926,130.0199999999993,129.7199999999993,129.9499999999993,227.17209908735333
2026-05-15T15:00:00+00:00,129.9499999999993,130.1299999999993,129.8099999999993,129.9799999999993,331
2026-05-15T15:05:00+00:00,129.9799999999993,130.2699999999993,129.8899999999993,130.2599999999993,435
2026-05-15T15:10:00+00:00,130.2599999999993,130.2899999999993,130.0899999999993,130.1499999999993,285
2026-05-15T15:15:00+00:00,130.1499999999993,130.2699999999993,130.09999999999928,130.1299999999993,225
2026-05-15T15:20:00+00:00,130.1299999999993,130.18999999999932,130.01999999999933,130.08999999999935,270
2026-05-15T15:25:00+00:00,130.08999999999935,130.08999999999935,129.74999999999937,129.84999999999934,393
2026-05-15T15:30:00+00:00,129.84999999999934,130.14999999999932,129.83999999999935,130.0299999999993,468
2026-05-15T15:35:00+00:00,130.0299999999993,130.04999999999927,129.9299999999993,130.0099999999993,571
2026-05-15T15:40:00+00:00,130.0099999999993,130.05999999999932,129.7999999999993,129.84999999999928,566
2026-05-15T15:45:00+00:00,129.84999999999928,129.98999999999927,129.8199999999993,129.8899999999993,414
2026-05-15T15:50:00+00:00,129.8899999999993,129.8999999999993,129.67999999999932,129.7199999999993,302
2026-05-15T15:55:00+00:00,129.7199999999993,129.9099999999993,129.6799999999993,129.7599999999993,276
2026-05-15T16:00:00+00:00,129.7599999999993,129.8199999999993,129.4199999999993,129.43999999999932,298
2026-05-15T16:05:00+00:00,129.43999999999932,129.5199999999993,129.3199999999993,129.3199999999993,261
2026-05-15T16:10:00+00:00,129.3199999999993,129.5499999999993,129.10999999999927,129.5199999999993,343
2026-05-15T16:15:00+00:00,129.5199999999993,129.59999999999928,129.41999999999928,129.4599999999993,261
2026-05-15T16:20:00+00:00,129.4599999999993,129.6699999999993,129.4599999999993,129.6299999999993,254
2026-05-15T16:25:00+00:00,129.6299999999993,129.8399999999993,129.52999999999932,129.8199999999993,209
2026-05-15T16:30:00+00:00,129.8199999999993,130.0099999999993,129.74999999999932,129.9799999999993,237
2026-05-15T16:35:00+00:00,129.9799999999993,129.9899999999993,129.80999999999932,129.89999999999935,224
2026-05-15T16:40:00+00:00,129.89999999999935,130.15999999999934,129.86999999999935,130.10999999999936,221
2026-05-15T16:45:00+00:00,130.10999999999936,130.21999999999937,130.05999999999938,130.14999999999938,225
2026-05-15T16:50:00+00:00,130.14999999999938,130.1699999999994,129.93999999999943,129.93999999999943,200
2026-05-15T16:55:00+00:00,129.93999999999943,130.21999999999943,129.93999999999943,130.21999999999943,184
2026-05-15T17:00:00+00:00,130.21999999999943,130.22999999999945,130.07999999999942,130.16999999999945,219
2026-05-15T17:05:00+00:00,130.16999999999945,130.26999999999944,130.09999999999943,130.09999999999943,161
2026-05-15T17:10:00+00:00,130.09999999999943,130.15999999999943,129.93999999999943,129.94999999999945,155
2026-05-15T17:15:00+00:00,129.94999999999945,129.98999999999947,129.8699999999995,129.94999999999948,165
2026-05-15T17:20:00+00:00,129.94999999999948,130.20999999999944,129.94999999999948,130.18999999999943,175
2026-05-15T17:25:00+00:00,130.18999999999943,130.34999999999945,130.08999999999946,130.10999999999947,251
2026-05-15T17:30:00+00:00,130.10999999999947,130.1799999999995,129.7999999999995,129.8699999999995,267
2026-05-15T17:35:00+00:00,129.8699999999995,129.88999999999947,129.76999999999947,129.84999999999945,200
2026-05-15T17:40:00+00:00,129.84999999999945,130.01999999999944,129.71999999999946,129.93999999999943,282
2026-05-15T17:45:00+00:00,129.93999999999943,129.96999999999943,129.82999999999942,129.86999999999944,184
2026-05-15T17:50:00+00:00,129.86999999999944,130.03999999999945,129.79999999999944,130.0199999999994,177
2026-05-15T17:55:00+00:00,130.0199999999994,130.04999999999941,129.88999999999942,129.9799999999994,221
2026-05-15T18:00:00+00:00,129.9799999999994,130.21999999999937,129.9699999999994,130.12999999999937,263
2026-05-15T18:05:00+00:00,130.12999999999937,130.22999999999936,130.01999999999936,130.02999999999935,175
2026-05-15T18:10:00+00:00,130.02999999999935,130.03999999999934,129.89999999999935,130.00999999999937,136
2026-05-15T18:15:00+00:00,130.00999999999937,130.03999999999937,129.7099999999994,129.7999999999994,250
2026-05-15T18:20:00+00:00,129.7999999999994,129.94999999999936,129.76999999999938,129.81999999999937,206
2026-05-15T18:25:00+00:00,129.81999999999937,129.92999999999938,129.75999999999937,129.88999999999942,174
2026-05-15T18:30:00+00:00,129.88999999999942,129.91999999999945,129.7699999999994,129.85999999999945,253
2026-05-15T18:35:00+00:00,129.85999999999945,129.89999999999947,129.71999999999946,129.77999999999946,206
2026-05-15T18:40:00+00:00,129.77999999999946,129.8699999999995,129.71999999999946,129.79999999999947,202
2026-05-15T18:45:00+00:00,129.79999999999947,129.82999999999947,129.6899999999995,129.76999999999947,243
2026-05-15T18:50:00+00:00,129.76999999999947,129.9999999999995,129.76999999999947,129.9699999999995,174
2026-05-15T18:55:00+00:00,129.9699999999995,130.08999999999952,129.9299999999995,130.05999999999952,192
2026-05-15T19:00:00+00:00,130.05999999999952,130.07999999999953,129.92999999999955,130.02999999999952,159
2026-05-15T19:05:00+00:00,130.02999999999952,130.14999999999947,129.9799999999995,130.09999999999945,163
2026-05-15T19:10:00+00:00,130.09999999999945,130.19999999999948,130.02999999999946,130.1699999999995,163
2026-05-15T19:15:00+00:00,130.1699999999995,130.23999999999944,130.10999999999947,130.23999999999944,186
2026-05-15T19:20:00+00:00,130.23999999999944,130.25999999999945,130.13999999999945,130.14999999999947,197
2026-05-15T19:25:00+00:00,130.14999999999947,130.18999999999946,129.98999999999944,130.02999999999946,209
2026-05-15T19:30:00+00:00,130.02999999999946,130.12999999999946,129.85999999999947,129.91999999999948,253
2026-05-15T19:35:00+00:00,129.91999999999948,130.11999999999946,129.85999999999947,130.05999999999946,188
2026-05-15T19:40:00+00:00,130.05999999999946,130.14999999999947,129.99999999999946,130.04999999999947,220
2026-05-15T19:45:00+00:00,130.04999999999947,130.19999999999948,129.8099999999995,129.88999999999947,336
2026-05-15T19:50:00+00:00,129.88999999999947,130.04999999999947,129.6999999999995,129.8299999999995,433
2026-05-15T19:55:00+00:00,129.8299999999995,129.8599999999995,129.56999999999954,129.78999999999954,592
2026-05-18T13:30:00+00:00,129.78999999999954,130.36999999999955,128.91999999999953,129.93999999999954,125
2026-05-18T13:35:00+00:00,129.93999999999954,129.93999999999954,129.51999999999953,129.52999999999952,199
2026-05-18T13:40:00+00:00,129.52999999999952,130.3199999999995,129.51999999999953,130.21999999999952,394
2026-05-18T13:45:00+00:00,130.21999999999952,130.6399999999995,129.7999999999995,130.5199999999995,348
2026-05-18T13:50:00+00:00,130.5199999999995,130.7999999999995,130.50999999999954,130.77999999999952,274
2026-05-18T13:55:00+00:00,130.77999999999952,130.81999999999954,130.3599999999995,130.52999999999952,411
2026-05-18T14:00:00+00:00,130.52999999999952,130.6699999999995,130.21999999999952,130.3099999999995,355
2026-05-18T14:05:00+00:00,130.3099999999995,130.5099999999995,129.9499999999995,130.4299999999995,447
2026-05-18T14:10:00+00:00,130.4299999999995,130.56999999999948,130.1199999999995,130.13999999999947,347
2026-05-18T14:15:00+00:00,130.13999999999947,130.43999999999943,130.13999999999947,130.32999999999944,198
2026-05-18T14:20:00+00:00,130.32999999999944,130.47999999999945,130.09999999999945,130.15999999999946,250
2026-05-18T14:25:00+00:00,130.15999999999946,130.48999999999944,130.15999999999946,130.41999999999945,163
2026-05-18T14:30:00+00:00,130.41999999999945,130.48999999999944,129.99999999999943,130.01999999999944,233
2026-05-18T14:35:00+00:00,130.01999999999944,130.07999999999944,129.66999999999945,129.93999999999943,422
2026-05-18T14:40:00+00:00,129.93999999999943,130.04999999999944,129.70999999999944,129.70999999999944,508
2026-05-18T14:45:00+00:00,129.70999999999944,129.81999999999942,129.63999999999942,129.77999999999943,578
2026-05-18T14:50:00+00:00,129.77999999999943,130.07999999999942,129.75999999999942,129.81999999999942,584
2026-05-18T14:55:00+00:00,129.81999999999942,129.98999999999938,129.73999999999938,129.80999999999938,331
2026-05-18T15:00:00+00:00,129.80999999999938,129.99999999999937,129.2299999999994,129.31999999999942,741
2026-05-18T15:05:00+00:00,129.31999999999942,129.44999999999942,129.13999999999942,129.1599999999994,610
2026-05-18T15:10:00+00:00,129.1599999999994,129.2799999999994,129.0299999999994,129.0899999999994,457
2026-05-18T15:15:00+00:00,129.0899999999994,129.2299999999994,129.0199999999994,129.0899999999994,466
2026-05-18T15:20:00+00:00,129.0899999999994,129.3599999999994,129.0599999999994,129.32999999999942,494
2026-05-18T15:25:00+00:00,129.32999999999942,129.37999999999943,129.16999999999942,129.32999999999942,445
2026-05-18T15:30:00+00:00,129.32999999999942,129.50999999999948,129.2199999999994,129.47999999999945,391
2026-05-18T15:35:00+00:00,129.47999999999945,129.60999999999945,129.41999999999945,129.5199999999994,446
2026-05-18T15:40:00+00:00,129.5199999999994,129.73999999999944,129.46999999999946,129.57999999999947,375
2026-05-18T15:45:00+00:00,129.57999999999947,129.7399999999995,129.5299999999995,129.5299999999995,290
2026-05-18T15:50:00+00:00,129.5299999999995,129.71999999999952,129.5299999999995,129.71999999999952,238
2026-05-18T15:55:00+00:00,129.71999999999952,129.8799999999995,129.52999999999957,129.54999999999956,391
2026-05-18T16:00:00+00:00,129.54999999999956,129.60999999999956,129.45999999999958,129.49999999999955,419
2026-05-18T16:05:00+00:00,129.49999999999955,129.55999999999955,129.38999999999953,129.39999999999955,282
2026-05-18T16:10:00+00:00,129.39999999999955,129.48999999999958,129.33999999999958,129.4399999999996,307
2026-05-18T16:15:00+00:00,129.4399999999996,129.6299999999996,129.4299999999996,129.5799999999996,337
2026-05-18T16:20:00+00:00,129.5799999999996,129.7599999999996,129.45999999999958,129.6099999999996,453
2026-05-18T16:25:00+00:00,129.6099999999996,129.65999999999957,129.20999999999958,129.23999999999958,721
2026-05-18T16:30:00+00:00,129.23999999999958,129.45999999999955,129.1399999999996,129.42999999999955,637
2026-05-18T16:35:00+00:00,129.42999999999955,129.45999999999952,129.2299999999995,129.2599999999995,312
2026-05-18T16:40:00+00:00,129.2599999999995,129.27999999999952,128.94999999999953,128.95999999999952,211
2026-05-18T16:45:00+00:00,128.95999999999952,129.1099999999995,128.86999999999952,129.0499999999995,246
2026-05-18T16:50:00+00:00,129.0499999999995,129.1699999999995,129.0099999999995,129.0699999999995,305
2026-05-18T16:55:00+00:00,129.0699999999995,129.25999999999948,129.0699999999995,129.08999999999946,229
2026-05-18T17:00:00+00:00,129.08999999999946,129.24999999999943,129.03999999999945,129.16999999999945,282
2026-05-18T17:05:00+00:00,129.16999999999945,129.17999999999944,128.99999999999943,129.01999999999944,249
2026-05-18T17:10:00+00:00,129.01999999999944,129.2099999999994,129.00999999999945,129.19999999999942,250
2026-05-18T17:15:00+00:00,129.19999999999942,129.48999999999944,129.12999999999943,129.38999999999945,264
2026-05-18T17:20:00+00:00,129.38999999999945,129.39999999999947,129.19999999999942,129.37999999999943,242
2026-05-18T17:25:00+00:00,129.37999999999943,129.50999999999942,129.34999999999943,129.36999999999944,163
2026-05-18T17:30:00+00:00,129.36999999999944,129.39999999999944,128.99999999999943,129.08999999999943,186
2026-05-18T17:35:00+00:00,129.08999999999943,129.13999999999945,128.96999999999946,128.97999999999945,244
2026-05-18T17:40:00+00:00,128.97999999999945,129.08999999999946,128.95999999999947,128.95999999999947,174
2026-05-18T17:45:00+00:00,128.95999999999947,129.10999999999947,128.93999999999946,128.98999999999947,168
2026-05-18T17:50:00+00:00,128.98999999999947,129.11999999999946,128.95999999999947,129.06999999999948,160
2026-05-18T17:55:00+00:00,129.06999999999948,129.15999999999946,128.96999999999946,129.06999999999948,152
2026-05-18T18:00:00+00:00,129.06999999999948,129.08999999999946,128.88999999999947,128.9499999999995,389
2026-05-18T18:05:00+00:00,128.9499999999995,128.96999999999952,128.8199999999995,128.89999999999952,199
2026-05-18T18:10:00+00:00,128.89999999999952,128.92999999999952,128.70999999999952,128.74999999999955,240
2026-05-18T18:15:00+00:00,128.74999999999955,128.78999999999957,128.6399999999996,128.6999999999996,283
2026-05-18T18:20:00+00:00,128.6999999999996,128.73999999999955,128.45999999999958,128.52999999999957,382
2026-05-18T18:25:00+00:00,128.52999999999957,128.52999999999957,128.1999999999996,128.4299999999996,390
2026-05-18T18:30:00+00:00,128.4299999999996,128.5699999999996,128.3799999999996,128.5499999999996,309
2026-05-18T18:35:00+00:00,128.5499999999996,128.6999999999996,128.4999999999996,128.6199999999996,304
2026-05-18T18:40:00+00:00,128.6199999999996,128.65999999999957,128.48999999999958,128.65999999999957,350
2026-05-18T18:45:00+00:00,128.65999999999957,128.66999999999956,128.5599999999996,128.61999999999958,256
2026-05-18T18:50:00+00:00,128.61999999999958,128.67999999999958,128.52999999999957,128.5699999999996,264
2026-05-18T18:55:00+00:00,128.5699999999996,128.7399999999996,128.51999999999958,128.6199999999996,224
2026-05-18T19:00:00+00:00,128.6199999999996,129.45999999999958,128.53999999999962,129.0699999999996,565
2026-05-18T19:05:00+00:00,129.0699999999996,129.1599999999996,128.7299999999996,128.8599999999996,622
2026-05-18T19:10:00+00:00,128.8599999999996,128.9999999999996,128.8299999999996,128.9399999999996,299
2026-05-18T19:15:00+00:00,128.9399999999996,129.0699999999996,128.8399999999996,128.88999999999962,270
2026-05-18T19:20:00+00:00,128.88999999999962,128.96999999999963,128.6299999999996,128.6299999999996,235
2026-05-18T19:25:00+00:00,128.6299999999996,128.79999999999956,128.5799999999996,128.73999999999955,274
2026-05-18T19:30:00+00:00,128.73999999999955,128.79999999999959,128.62999999999954,128.76999999999958,275
2026-05-18T19:35:00+00:00,128.76999999999958,128.84999999999957,128.70999999999958,128.78999999999957,321
2026-05-18T19:40:00+00:00,128.78999999999957,128.99999999999955,128.75999999999956,128.87999999999954,354
2026-05-18T19:45:00+00:00,128.87999999999954,129.1799999999996,128.82999999999953,128.90999999999957,387
2026-05-18T19:50:00+00:00,128.90999999999957,128.91999999999956,128.65999999999957,128.80999999999958,504
2026-05-18T19:55:00+00:00,128.80999999999958,128.83999999999958,128.41999999999956,128.71999999999957,649
2026-05-19T13:30:00+00:00,128.71999999999957,128.71999999999957,126.40999999999957,127.05999999999958,217
2026-05-19T13:35:00+00:00,127.05999999999958,127.52999999999957,126.43999999999957,127.42999999999958,271
2026-05-19T13:40:00+00:00,127.42999999999958,127.56999999999958,126.63999999999957,126.66999999999958,255
2026-05-19T13:45:00+00:00,126.66999999999958,127.13999999999957,126.47999999999958,126.83999999999958,311
2026-05-19T13:50:00+00:00,126.83999999999958,127.29999999999957,126.66999999999958,127.25999999999958,475
2026-05-19T13:55:00+00:00,127.25999999999958,127.53999999999958,126.85999999999957,126.87999999999957,584
2026-05-19T14:00:00+00:00,126.87999999999957,127.15999999999957,126.40999999999957,127.06999999999958,484
2026-05-19T14:05:00+00:00,127.06999999999958,127.22999999999958,126.88999999999957,126.99999999999957,375
2026-05-19T14:10:00+00:00,126.99999999999957,127.26999999999957,126.92999999999958,127.22999999999958,354
2026-05-19T14:15:00+00:00,127.22999999999958,127.61999999999958,127.20999999999958,127.51999999999957,425
2026-05-19T14:20:00+00:00,127.51999999999957,127.64999999999958,127.34999999999957,127.59999999999957,453
2026-05-19T14:25:00+00:00,127.59999999999957,127.64999999999958,127.25999999999958,127.31999999999958,579
2026-05-19T14:30:00+00:00,127.31999999999958,127.42999999999958,127.19999999999958,127.28999999999958,544
2026-05-19T14:35:00+00:00,127.28999999999958,127.66999999999958,127.24999999999957,127.64999999999958,541
2026-05-19T14:40:00+00:00,127.64999999999958,127.65999999999957,127.44999999999958,127.50999999999958,479
2026-05-19T14:45:00+00:00,127.50999999999958,127.53999999999958,127.17999999999958,127.23999999999957,462
2026-05-19T14:50:00+00:00,127.23999999999957,127.26999999999957,126.99999999999957,127.00999999999958,356
2026-05-19T14:55:00+00:00,127.00999999999958,127.29999999999957,127.00999999999958,127.07999999999957,414
2026-05-19T15:00:00+00:00,127.07999999999957,127.09999999999957,126.86999999999958,127.06999999999958,456
2026-05-19T15:05:00+00:00,127.06999999999958,127.08999999999958,126.79999999999957,126.95999999999958,355
2026-05-19T15:10:00+00:00,126.95999999999958,127.01999999999957,126.80999999999958,126.88999999999957,290
2026-05-19T15:15:00+00:00,126.88999999999957,127.04999999999957,126.67999999999958,126.91999999999958,357
2026-05-19T15:20:00+00:00,126.91999999999958,126.91999999999958,126.61999999999958,126.62999999999957,302
2026-05-19T15:25:00+00:00,126.62999999999957,126.73999999999957,126.46999999999957,126.67999999999958,339
2026-05-19T15:30:00+00:00,126.67999999999958,127.02999999999957,126.62999999999957,126.86999999999958,336
2026-05-19T15:35:00+00:00,126.86999999999958,126.97999999999958,126.74999999999957,126.93999999999957,249
2026-05-19T15:40:00+00:00,126.93999999999957,126.99999999999957,126.74999999999957,126.95999999999958,233
2026-05-19T15:45:00+00:00,126.95999999999958,127.10999999999957,126.88999999999957,126.99999999999957,296
2026-05-19T15:50:00+00:00,126.99999999999957,127.08999999999958,126.93999999999957,126.97999999999958,257
2026-05-19T15:55:00+00:00,126.97999999999958,126.98999999999957,126.74999999999957,126.78999999999958,228
2026-05-19T16:00:00+00:00,126.78999999999958,126.88999999999957,126.57999999999957,126.62999999999957,247
2026-05-19T16:05:00+00:00,126.62999999999957,126.84999999999957,126.54999999999957,126.60999999999957,331
2026-05-19T16:10:00+00:00,126.60999999999957,126.68999999999957,126.55999999999958,126.63999999999957,291
2026-05-19T16:15:00+00:00,126.63999999999957,126.72999999999958,126.54999999999957,126.57999999999957,235
2026-05-19T16:20:00+00:00,126.57999999999957,126.86999999999958,126.50999999999958,126.80999999999958,289
2026-05-19T16:25:00+00:00,126.80999999999958,127.15999999999957,126.80999999999958,127.03999999999958,264
2026-05-19T16:30:00+00:00,127.03999999999958,127.19999999999958,127.00999999999958,127.14999999999958,280
2026-05-19T16:35:00+00:00,127.14999999999958,127.26999999999957,127.03999999999958,127.25999999999958,268
2026-05-19T16:40:00+00:00,127.25999999999958,127.47999999999958,127.19999999999958,127.20999999999958,267
2026-05-19T16:45:00+00:00,127.20999999999958,127.27999999999957,127.16999999999958,127.18999999999957,165
2026-05-19T16:50:00+00:00,127.18999999999957,127.26999999999957,127.10999999999957,127.18999999999957,228
2026-05-19T16:55:00+00:00,127.18999999999957,127.37999999999957,127.15999999999957,127.26999999999957,194
2026-05-19T17:00:00+00:00,127.26999999999957,127.35999999999957,127.13999999999957,127.33999999999958,254
2026-05-19T17:05:00+00:00,127.33999999999958,127.35999999999957,127.13999999999957,127.14999999999958,240
2026-05-19T17:10:00+00:00,127.14999999999958,127.36999999999958,127.11999999999958,127.33999999999958,174
2026-05-19T17:15:00+00:00,127.33999999999958,127.41999999999958,127.32999999999957,127.37999999999957,154
2026-05-19T17:20:00+00:00,127.37999999999957,127.56999999999958,127.31999999999958,127.47999999999958,202
2026-05-19T17:25:00+00:00,127.47999999999958,127.60999999999957,127.33999999999958,127.54999999999957,192
2026-05-19T17:30:00+00:00,127.54999999999957,127.63999999999957,127.42999999999958,127.42999999999958,242
2026-05-19T17:35:00+00:00,127.42999999999958,127.56999999999958,127.31999999999958,127.53999999999958,226
2026-05-19T17:40:00+00:00,127.53999999999958,127.62999999999957,127.41999999999958,127.48999999999957,265
2026-05-19T17:45:00+00:00,127.48999999999957,127.51999999999957,127.32999999999957,127.37999999999957,194
2026-05-19T17:50:00+00:00,127.37999999999957,127.43999999999957,127.32999999999957,127.37999999999957,145
2026-05-19T17:55:00+00:00,127.37999999999957,127.38999999999957,127.25999999999958,127.27999999999957,150
2026-05-19T18:00:00+00:00,127.27999999999957,127.40999999999957,127.23999999999957,127.28999999999958,210
2026-05-19T18:05:00+00:00,127.28999999999958,127.42999999999958,127.14999999999958,127.38999999999957,183
2026-05-19T18:10:00+00:00,127.38999999999957,127.56999999999958,127.38999999999957,127.51999999999957,132
2026-05-19T18:15:00+00:00,127.51999999999957,127.53999999999958,127.42999999999958,127.46999999999957,146
2026-05-19T18:20:00+00:00,127.46999999999957,127.53999999999958,127.30999999999958,127.38999999999957,258
2026-05-19T18:25:00+00:00,127.38999999999957,127.49999999999957,127.24999999999957,127.25999999999958,237
2026-05-19T18:30:00+00:00,127.25999999999958,127.31999999999958,127.16999999999958,127.23999999999957,194
2026-05-19T18:35:00+00:00,127.23999999999957,127.33999999999958,127.14999999999958,127.23999999999957,168
2026-05-19T18:40:00+00:00,127.23999999999957,127.40999999999957,127.21999999999957,127.39999999999958,172
2026-05-19T18:45:00+00:00,127.39999999999958,127.39999999999958,127.11999999999958,127.11999999999958,156
2026-05-19T18:50:00+00:00,127.11999999999958,127.13999999999957,126.93999999999957,126.96999999999957,165
2026-05-19T18:55:00+00:00,126.96999999999957,126.96999999999957,126.70999999999958,126.75999999999958,316
2026-05-19T19:00:00+00:00,126.75999999999958,126.82999999999957,126.72999999999958,126.76999999999957,237
2026-05-19T19:05:00+00:00,126.76999999999957,126.92999999999958,126.75999999999958,126.88999999999957,212
2026-05-19T19:10:00+00:00,126.88999999999957,126.94999999999958,126.81999999999958,126.90999999999957,185
2026-05-19T19:15:00+00:00,126.90999999999957,127.01999999999957,126.83999999999958,126.84999999999957,180
2026-05-19T19:20:00+00:00,126.84999999999957,126.88999999999957,126.61999999999958,126.65999999999957,223
2026-05-19T19:25:00+00:00,126.65999999999957,126.72999999999958,126.56999999999958,126.64999999999958,242
2026-05-19T19:30:00+00:00,126.64999999999958,126.67999999999958,126.33999999999958,126.37999999999957,287
2026-05-19T19:35:00+00:00,126.37999999999957,126.52999999999957,126.29999999999957,126.44999999999958,249
2026-05-19T19:40:00+00:00,126.44999999999958,126.55999999999958,126.44999999999958,126.47999999999958,195
2026-05-19T19:45:00+00:00,126.47999999999958,126.61999999999958,126.41999999999958,126.45999999999958,231
2026-05-19T19:50:00+00:00,126.45999999999958,126.46999999999957,126.21999999999957,126.24999999999957,386
2026-05-19T19:55:00+00:00,126.24999999999957,126.46999999999957,126.14999999999958,126.43999999999957,703
2026-05-20T13:30:00+00:00,126.43999999999957,127.53999999999958,126.25999999999958,126.53999999999958,319
2026-05-20T13:35:00+00:00,126.53999999999958,127.64999999999958,126.37999999999957,127.58999999999958,440
2026-05-20T13:40:00+00:00,127.58999999999958,127.61999999999958,126.95999999999958,127.30999999999958,407
2026-05-20T13:45:00+00:00,127.30999999999958,128.04999999999956,127.30999999999958,127.63999999999957,434
2026-05-20T13:50:00+00:00,127.63999999999957,127.83999999999958,127.55999999999958,127.78999999999958,333
2026-05-20T13:55:00+00:00,127.78999999999958,128.15999999999957,127.76999999999957,127.97999999999959,371
2026-05-20T14:00:00+00:00,127.97999999999959,128.1599999999996,127.84999999999958,127.9799999999996,302
2026-05-20T14:05:00+00:00,127.9799999999996,128.2599999999996,127.95999999999961,128.1499999999996,301
2026-05-20T14:10:00+00:00,128.1499999999996,128.59999999999957,127.88999999999957,128.48999999999955,539
2026-05-20T14:15:00+00:00,128.48999999999955,129.38999999999956,128.46999999999957,129.3299999999996,841
2026-05-20T14:20:00+00:00,129.3299999999996,129.5799999999996,129.3099999999996,129.3699999999996,697
2026-05-20T14:25:00+00:00,129.3699999999996,129.9899999999996,129.2799999999996,129.59999999999962,832
2026-05-20T14:30:00+00:00,129.59999999999962,130.08999999999963,129.58999999999963,129.9299999999996,743
2026-05-20T14:35:00+00:00,129.9299999999996,130.06999999999962,129.78999999999962,129.82999999999964,652
2026-05-20T14:40:00+00:00,129.82999999999964,130.15999999999963,129.79999999999964,130.07999999999964,682
2026-05-20T14:45:00+00:00,130.07999999999964,130.2099999999996,129.91999999999962,130.10999999999962,547
2026-05-20T14:50:00+00:00,130.10999999999962,130.48999999999958,130.0499999999996,130.3599999999996,404
2026-05-20T14:55:00+00:00,130.3599999999996,130.68999999999957,130.2599999999996,130.50999999999954,518.0576122672509
2026-05-20T15:00:00+00:00,130.50999999999954,130.65999999999957,130.45999999999952,130.54999999999956,474
2026-05-20T15:05:00+00:00,130.54999999999956,130.66999999999956,130.37999999999954,130.65999999999954,384
2026-05-20T15:10:00+00:00,130.65999999999954,130.66999999999956,130.42999999999955,130.47999999999956,284
2026-05-20T15:15:00+00:00,130.47999999999956,131.38999999999956,130.33999999999958,131.22999999999956,918
2026-05-20T15:20:00+00:00,131.22999999999956,131.31999999999957,130.95999999999958,130.99999999999957,367
2026-05-20T15:25:00+00:00,130.99999999999957,131.09999999999957,130.80999999999958,130.87999999999957,530
2026-05-20T15:30:00+00:00,130.87999999999957,131.03999999999957,130.83999999999958,130.93999999999957,532
2026-05-20T15:35:00+00:00,130.93999999999957,131.3199999999996,130.90999999999957,131.20999999999958,392
2026-05-20T15:40:00+00:00,131.20999999999958,131.28999999999957,130.99999999999957,131.25999999999954,284
2026-05-20T15:45:00+00:00,131.25999999999954,131.37999999999954,131.14999999999952,131.35999999999953,410
2026-05-20T15:50:00+00:00,131.35999999999953,131.56999999999954,131.32999999999953,131.53999999999957,303
2026-05-20T15:55:00+00:00,131.53999999999957,131.53999999999957,131.19999999999953,131.20999999999955,389
2026-05-20T16:00:00+00:00,131.20999999999955,131.26999999999956,131.05999999999955,131.25999999999956,312
2026-05-20T16:05:00+00:00,131.25999999999956,131.27999999999957,131.16999999999956,131.19999999999953,179
2026-05-20T16:10:00+00:00,131.19999999999953,131.3499999999995,131.19999999999953,131.22999999999954,238
2026-05-20T16:15:00+00:00,131.22999999999954,131.24999999999955,130.94999999999953,131.03999999999957,188
2026-05-20T16:20:00+00:00,131.03999999999957,131.10999999999956,130.87999999999954,130.99999999999955,402
2026-05-20T16:25:00+00:00,130.99999999999955,131.01999999999953,130.86999999999952,130.94999999999953,281
2026-05-20T16:30:00+00:00,130.94999999999953,131.10999999999953,130.89999999999952,130.95999999999952,279
2026-05-20T16:35:00+00:00,130.95999999999952,131.01999999999956,130.87999999999954,130.98999999999955,255
2026-05-20T16:40:00+00:00,130.98999999999955,131.29999999999959,130.96999999999957,131.2899999999996,245
2026-05-20T16:45:00+00:00,131.2899999999996,131.3299999999996,130.9999999999996,131.0299999999996,279
2026-05-20T16:50:00+00:00,131.0299999999996,131.2499999999996,131.0299999999996,131.2399999999996,173
2026-05-20T16:55:00+00:00,131.2399999999996,131.32999999999964,131.16999999999962,131.2399999999996,230
2026-05-20T17:00:00+00:00,131.2399999999996,131.25999999999962,131.13999999999962,131.19999999999965,192
2026-05-20T17:05:00+00:00,131.19999999999965,131.22999999999965,130.95999999999964,131.07999999999964,216
2026-05-20T17:10:00+00:00,131.07999999999964,131.10999999999964,130.91999999999962,130.95999999999964,217
2026-05-20T17:15:00+00:00,130.95999999999964,131.16999999999962,130.93999999999963,131.09999999999962,474
2026-05-20T17:20:00+00:00,131.09999999999962,131.26999999999958,131.03999999999962,131.2199999999996,287
2026-05-20T17:25:00+00:00,131.2199999999996,131.39999999999964,131.2099999999996,131.3399999999996,304
2026-05-20T17:30:00+00:00,131.3399999999996,131.3799999999996,131.2299999999996,131.2799999999996,258
2026-05-20T17:35:00+00:00,131.2799999999996,131.4599999999996,131.2799999999996,131.31999999999965,311
2026-05-20T17:40:00+00:00,131.31999999999965,131.37999999999965,131.25999999999965,131.29999999999967,220
2026-05-20T17:45:00+00:00,131.29999999999967,131.4299999999996,131.16999999999962,131.4299999999996,175
2026-05-20T17:50:00+00:00,131.4299999999996,131.4399999999996,131.2999999999996,131.31999999999962,198
2026-05-20T17:55:00+00:00,131.31999999999962,131.4999999999996,131.27999999999963,131.33999999999963,190
2026-05-20T18:00:00+00:00,131.33999999999963,131.42999999999964,131.07999999999964,131.41999999999962,351
2026-05-20T18:05:00+00:00,131.41999999999962,131.66999999999962,131.39999999999964,131.45999999999958,264
2026-05-20T18:10:00+00:00,131.45999999999958,131.49999999999957,131.28999999999957,131.40999999999957,178
2026-05-20T18:15:00+00:00,131.40999999999957,131.4499999999996,131.26999999999958,131.26999999999958,140
2026-05-20T18:20:00+00:00,131.26999999999958,131.3299999999996,131.0799999999996,131.08999999999958,214
2026-05-20T18:25:00+00:00,131.08999999999958,131.22999999999956,131.0799999999996,131.09999999999954,186
2026-05-20T18:30:00+00:00,131.09999999999954,131.41999999999956,131.09999999999954,131.40999999999954,200
2026-05-20T18:35:00+00:00,131.40999999999954,131.41999999999956,131.22999999999956,131.23999999999955,184
2026-05-20T18:40:00+00:00,131.23999999999955,131.24999999999955,130.9499999999996,130.9499999999996,204
2026-05-20T18:45:00+00:00,130.9499999999996,131.1399999999996,130.9199999999996,131.05999999999958,253
2026-05-20T18:50:00+00:00,131.05999999999958,131.16999999999956,131.03999999999957,131.09999999999957,142
2026-05-20T18:55:00+00:00,131.09999999999957,131.16999999999956,130.9299999999996,130.9499999999996,130
2026-05-20T19:00:00+00:00,130.9499999999996,131.19999999999956,130.9499999999996,131.06999999999957,215
2026-05-20T19:05:00+00:00,131.06999999999957,131.26999999999958,131.00999999999954,131.11999999999958,188
2026-05-20T19:10:00+00:00,131.11999999999958,131.17999999999955,131.03999999999957,131.03999999999957,212
2026-05-20T19:15:00+00:00,131.03999999999957,131.1999999999996,131.02999999999957,131.16999999999956,181
2026-05-20T19:20:00+00:00,131.16999999999956,131.22999999999956,131.09999999999957,131.10999999999956,194
2026-05-20T19:25:00+00:00,131.10999999999956,131.33999999999955,131.08999999999958,131.28999999999957,211
2026-05-20T19:30:00+00:00,131.28999999999957,131.40999999999957,131.21999999999957,131.27999999999957,214
2026-05-20T19:35:00+00:00,131.27999999999957,131.5099999999996,131.26999999999958,131.42999999999958,212
2026-05-20T19:40:00+00:00,131.42999999999958,131.42999999999958,131.28999999999957,131.3099999999996,195
2026-05-20T19:45:00+00:00,131.3099999999996,131.5499999999996,131.2399999999996,131.47999999999962,243
2026-05-20T19:50:00+00:00,131.47999999999962,131.5499999999996,131.09999999999962,131.33999999999963,349
2026-05-20T19:55:00+00:00,131.33999999999963,131.36999999999964,130.92999999999964,131.22999999999962,467
2026-05-21T13:30:00+00:00,131.22999999999962,131.22999999999962,128.96999999999963,130.16999999999962,171
2026-05-21T13:35:00+00:00,130.16999999999962,130.66999999999962,130.16999999999962,130.53999999999962,228
2026-05-21T13:40:00+00:00,130.53999999999962,131.27999999999963,130.1799999999996,130.4299999999996,221
2026-05-21T13:45:00+00:00,130.4299999999996,131.18999999999957,130.1799999999996,130.85999999999956,130
2026-05-21T13:50:00+00:00,130.85999999999956,131.59999999999954,130.85999999999956,131.44999999999953,211
2026-05-21T13:55:00+00:00,131.44999999999953,131.83999999999958,131.4099999999995,131.65999999999957,304
2026-05-21T14:00:00+00:00,131.65999999999957,131.6899999999996,131.21999999999957,131.51999999999958,422
2026-05-21T14:05:00+00:00,131.51999999999958,131.73999999999958,131.4999999999996,131.54999999999956,310
2026-05-21T14:10:00+00:00,131.54999999999956,131.67999999999955,131.28999999999957,131.32999999999956,408
2026-05-21T14:15:00+00:00,131.32999999999956,131.48999999999955,131.16999999999956,131.27999999999957,463
2026-05-21T14:20:00+00:00,131.27999999999957,131.33999999999958,131.06999999999957,131.23999999999955,618
2026-05-21T14:25:00+00:00,131.23999999999955,131.23999999999955,131.05999999999955,131.10999999999956,355
2026-05-21T14:30:00+00:00,131.10999999999956,131.26999999999956,130.92999999999955,130.94999999999956,369
2026-05-21T14:35:00+00:00,130.94999999999956,130.96999999999957,130.68999999999954,130.80999999999955,394
2026-05-21T14:40:00+00:00,130.80999999999955,130.81999999999954,130.42999999999955,130.49999999999955,445
2026-05-21T14:45:00+00:00,130.49999999999955,130.59999999999954,130.33999999999952,130.47999999999956,551
2026-05-21T14:50:00+00:00,130.47999999999956,130.55999999999955,130.3899999999996,130.42999999999958,376
2026-05-21T14:55:00+00:00,130.42999999999958,130.51999999999958,130.2599999999996,130.40999999999957,353
2026-05-21T15:00:00+00:00,130.40999999999957,130.5099999999996,130.21999999999957,130.27999999999957,363
2026-05-21T15:05:00+00:00,130.27999999999957,130.33999999999958,129.9999999999996,130.09999999999957,413
2026-05-21T15:10:00+00:00,130.09999999999957,130.60999999999962,130.04999999999956,130.3999999999996,524
2026-05-21T15:15:00+00:00,130.3999999999996,130.4699999999996,130.3099999999996,130.4099999999996,433
2026-05-21T15:20:00+00:00,130.4099999999996,130.4599999999996,130.2999999999996,130.3199999999996,325
2026-05-21T15:25:00+00:00,130.3199999999996,130.46999999999957,130.05999999999955,130.06999999999957,398
2026-05-21T15:30:00+00:00,130.06999999999957,130.14999999999958,129.89999999999958,129.91999999999956,290
2026-05-21T15:35:00+00:00,129.91999999999956,130.03999999999957,129.88999999999956,129.99999999999955,373
2026-05-21T15:40:00+00:00,129.99999999999955,130.13999999999956,129.97999999999956,130.11999999999955,201
2026-05-21T15:45:00+00:00,130.11999999999955,130.20999999999955,130.0199999999995,130.0799999999995,329
2026-05-21T15:50:00+00:00,130.0799999999995,130.1099999999995,129.92999999999952,129.94999999999953,118
2026-05-21T15:55:00+00:00,129.94999999999953,129.98999999999955,129.87999999999954,129.93999999999954,184
2026-05-21T16:00:00+00:00,129.93999999999954,130.04999999999956,129.90999999999954,129.95999999999955,224
2026-05-21T16:05:00+00:00,129.95999999999955,130.02999999999955,129.83999999999952,129.8499999999995,170
2026-05-21T16:10:00+00:00,129.8499999999995,129.9899999999995,129.82999999999953,129.9899999999995,220
2026-05-21T16:15:00+00:00,129.9899999999995,129.9899999999995,129.84999999999948,129.89999999999952,200
2026-05-21T16:20:00+00:00,129.89999999999952,129.94999999999953,129.80999999999952,129.8499999999995,134
2026-05-21T16:25:00+00:00,129.8499999999995,129.8799999999995,129.6899999999995,129.68999999999951,113
2026-05-21T16:30:00+00:00,129.68999999999951,129.9199999999995,129.68999999999951,129.84999999999948,120
2026-05-21T16:35:00+00:00,129.84999999999948,129.8999999999995,129.70999999999947,129.79999999999944,127
2026-05-21T16:40:00+00:00,129.79999999999944,129.85999999999945,129.74999999999946,129.79999999999947,208
2026-05-21T16:45:00+00:00,129.79999999999947,129.85999999999947,129.6899999999995,129.7099999999995,130
2026-05-21T16:50:00+00:00,129.7099999999995,129.78999999999945,129.6799999999995,129.72999999999948,171
2026-05-21T16:55:00+00:00,129.72999999999948,129.8699999999995,129.71999999999946,129.84999999999948,102
2026-05-21T17:00:00+00:00,129.84999999999948,129.87999999999948,129.7799999999995,129.8199999999995,119
2026-05-21T17:05:00+00:00,129.8199999999995,129.8799999999995,129.77999999999952,129.81999999999954,129
2026-05-21T17:10:00+00:00,129.81999999999954,130.42999999999955,129.81999999999954,130.25999999999954,881
2026-05-21T17:15:00+00:00,130.25999999999954,130.70999999999952,130.19999999999953,130.4799999999995,792
2026-05-21T17:20:00+00:00,130.4799999999995,130.7399999999995,130.32999999999953,130.4799999999995,497
2026-05-21T17:25:00+00:00,130.4799999999995,130.9199999999995,130.4499999999995,130.9199999999995,326
2026-05-21T17:30:00+00:00,130.9199999999995,130.9999999999995,130.8599999999995,130.9299999999995,448
2026-05-21T17:35:00+00:00,130.9299999999995,131.20999999999947,130.9299999999995,131.20999999999947,316
2026-05-21T17:40:00+00:00,131.20999999999947,131.39999999999947,131.14999999999947,131.26999999999947,344
2026-05-21T17:45:00+00:00,131.26999999999947,131.57999999999947,131.25999999999948,131.5299999999995,268
2026-05-21T17:50:00+00:00,131.5299999999995,131.7299999999995,131.51999999999947,131.55999999999955,246
2026-05-21T17:55:00+00:00,131.55999999999955,131.66999999999956,131.35999999999956,131.44999999999953,353
2026-05-21T18:00:00+00:00,131.44999999999953,131.56999999999954,131.2899999999995,131.30999999999952,353
2026-05-21T18:05:00+00:00,131.30999999999952,131.55999999999952,131.2999999999995,131.4799999999995,365
2026-05-21T18:10:00+00:00,131.4799999999995,131.55999999999952,131.3499999999995,131.49999999999952,396
2026-05-21T18:15:00+00:00,131.49999999999952,131.66999999999953,131.42999999999952,131.6599999999995,270
2026-05-21T18:20:00+00:00,131.6599999999995,131.7399999999995,131.4699999999995,131.51999999999947,353
2026-05-21T18:25:00+00:00,131.51999999999947,131.6699999999995,131.4899999999995,131.6099999999995,184
2026-05-21T18:30:00+00:00,131.6099999999995,131.65999999999948,131.47999999999948,131.56999999999948,147
2026-05-21T18:35:00+00:00,131.56999999999948,131.62999999999948,131.48999999999944,131.53999999999945,177
2026-05-21T18:40:00+00:00,131.53999999999945,131.6599999999994,131.50999999999945,131.63999999999942,144
2026-05-21T18:45:00+00:00,131.63999999999942,131.6499999999994,131.24999999999943,131.2699999999994,288
2026-05-21T18:50:00+00:00,131.2699999999994,131.4999999999994,130.8599999999994,130.8599999999994,660
2026-05-21T18:55:00+00:00,130.8599999999994,131.1199999999994,130.7799999999994,130.9999999999994,579
2026-05-21T19:00:00+00:00,130.9999999999994,131.22999999999945,130.98999999999938,131.17999999999944,242
2026-05-21T19:05:00+00:00,131.17999999999944,131.23999999999944,131.01999999999947,131.14999999999947,211
2026-05-21T19:10:00+00:00,131.14999999999947,131.20999999999947,131.08999999999946,131.15999999999946,176
2026-05-21T19:15:00+00:00,131.15999999999946,131.2199999999995,131.05999999999946,131.1699999999995,212
2026-05-21T19:20:00+00:00,131.1699999999995,131.29999999999953,131.0999999999995,131.21999999999952,212
2026-05-21T19:25:00+00:00,131.21999999999952,131.26999999999953,131.11999999999955,131.16999999999953,157
2026-05-21T19:30:00+00:00,131.16999999999953,131.36999999999955,131.16999999999953,131.30999999999955,126
2026-05-21T19:35:00+00:00,131.30999999999955,131.47999999999956,131.30999999999955,131.39999999999955,188
2026-05-21T19:40:00+00:00,131.39999999999955,131.43999999999954,131.21999999999952,131.2999999999995,211
2026-05-21T19:45:00+00:00,131.2999999999995,131.45999999999952,131.2299999999995,131.3799999999995,192
2026-05-21T19:50:00+00:00,131.3799999999995,131.45999999999952,131.19999999999953,131.22999999999956,331
2026-05-21T19:55:00+00:00,131.22999999999956,131.63999999999953,131.21999999999957,131.57999999999956,584
2026-05-22T13:30:00+00:00,131.57999999999956,132.74999999999955,131.41999999999956,131.92999999999958,194
2026-05-22T13:35:00+00:00,131.92999999999958,132.0099999999996,131.40999999999957,131.4199999999996,219
2026-05-22T13:40:00+00:00,131.4199999999996,132.03999999999957,131.4199999999996,131.89999999999958,293
2026-05-22T13:45:00+00:00,131.89999999999958,132.15999999999957,131.5699999999996,131.85999999999956,235
2026-05-22T13:50:00+00:00,131.85999999999956,131.88999999999956,131.54999999999953,131.72999999999956,275
2026-05-22T13:55:00+00:00,131.72999999999956,131.86999999999955,131.57999999999956,131.59999999999957,310
2026-05-22T14:00:00+00:00,131.59999999999957,131.86999999999955,131.40999999999957,131.7599999999996,378
2026-05-22T14:05:00+00:00,131.7599999999996,132.04999999999956,131.65999999999957,132.02999999999957,346
2026-05-22T14:10:00+00:00,132.02999999999957,132.0799999999996,131.4499999999996,131.4499999999996,263
2026-05-22T14:15:00+00:00,131.4499999999996,131.66999999999962,131.4499999999996,131.46999999999963,217
2026-05-22T14:20:00+00:00,131.46999999999963,131.61999999999964,131.44999999999965,131.53999999999962,244
2026-05-22T14:25:00+00:00,131.53999999999962,131.6899999999996,131.50999999999962,131.5699999999996,229
2026-05-22T14:30:00+00:00,131.5699999999996,131.5699999999996,131.26999999999958,131.48999999999955,268
2026-05-22T14:35:00+00:00,131.48999999999955,131.68999999999954,131.48999999999955,131.65999999999957,202
2026-05-22T14:40:00+00:00,131.65999999999957,131.83999999999958,131.60999999999956,131.64999999999958,198
2026-05-22T14:45:00+00:00,131.64999999999958,131.78999999999957,131.5699999999996,131.68999999999954,275
2026-05-22T14:50:00+00:00,131.68999999999954,131.71999999999954,131.54999999999953,131.69999999999953,208
2026-05-22T14:55:00+00:00,131.69999999999953,131.94999999999953,131.61999999999955,131.76999999999953,259.60996354799516
2026-05-22T15:00:00+00:00,131.76999999999953,131.85999999999956,131.68999999999954,131.73999999999955,235
2026-05-22T15:05:00+00:00,131.73999999999955,131.77999999999957,131.50999999999954,131.56999999999954,164
2026-05-22T15:10:00+00:00,131.56999999999954,131.59999999999954,131.44999999999953,131.53999999999954,161
2026-05-22T15:15:00+00:00,131.53999999999954,131.76999999999953,131.46999999999954,131.75999999999954,212
2026-05-22T15:20:00+00:00,131.75999999999954,131.82999999999953,131.64999999999955,131.68999999999954,213
2026-05-22T15:25:00+00:00,131.68999999999954,131.82999999999953,131.66999999999956,131.75999999999948,199
2026-05-22T15:30:00+00:00,131.75999999999948,131.81999999999948,131.5399999999995,131.5499999999995,220
2026-05-22T15:35:00+00:00,131.5499999999995,131.64999999999947,131.52999999999952,131.63999999999947,167
2026-05-22T15:40:00+00:00,131.63999999999947,131.70999999999947,131.58999999999946,131.66999999999945,166
2026-05-22T15:45:00+00:00,131.66999999999945,131.76999999999944,131.61999999999944,131.65999999999946,149
2026-05-22T15:50:00+00:00,131.65999999999946,131.78999999999945,131.65999999999946,131.72999999999945,94
2026-05-22T15:55:00+00:00,131.72999999999945,131.73999999999944,131.59999999999945,131.63999999999945,147
2026-05-22T16:00:00+00:00,131.63999999999945,131.66999999999945,131.51999999999944,131.61999999999944,181
2026-05-22T16:05:00+00:00,131.61999999999944,131.65999999999946,131.52999999999943,131.54999999999944,160
2026-05-22T16:10:00+00:00,131.54999999999944,131.57999999999947,131.47999999999945,131.48999999999944,99
2026-05-22T16:15:00+00:00,131.48999999999944,131.55999999999943,131.44999999999945,131.50999999999942,170
2026-05-22T16:20:00+00:00,131.50999999999942,131.60999999999945,131.4599999999994,131.56999999999942,119
2026-05-22T16:25:00+00:00,131.56999999999942,131.79999999999944,131.55999999999943,131.75999999999945,92
2026-05-22T16:30:00+00:00,131.75999999999945,131.96999999999946,131.74999999999946,131.81999999999945,142
2026-05-22T16:35:00+00:00,131.81999999999945,132.03999999999945,131.78999999999945,131.96999999999946,160
2026-05-22T16:40:00+00:00,131.96999999999946,132.11999999999946,131.94999999999948,132.06999999999948,149
2026-05-22T16:45:00+00:00,132.06999999999948,132.14999999999947,132.01999999999947,132.14999999999947,107
2026-05-22T16:50:00+00:00,132.14999999999947,132.16999999999948,132.0299999999995,132.04999999999947,147
2026-05-22T16:55:00+00:00,132.04999999999947,132.0599999999995,131.85999999999947,131.85999999999947,162
2026-05-22T17:00:00+00:00,131.85999999999947,132.03999999999948,131.85999999999947,131.9699999999995,141
2026-05-22T17:05:00+00:00,131.9699999999995,132.09999999999948,131.9699999999995,132.03999999999948,140
2026-05-22T17:10:00+00:00,132.03999999999948,132.0499999999995,131.9399999999995,131.96999999999946,102
2026-05-22T17:15:00+00:00,131.96999999999946,132.07999999999942,131.82999999999942,131.85999999999945,117
2026-05-22T17:20:00+00:00,131.85999999999945,132.02999999999946,131.80999999999943,132.00999999999945,161
2026-05-22T17:25:00+00:00,132.00999999999945,132.49999999999943,131.99999999999946,132.48999999999944,382
2026-05-22T17:30:00+00:00,132.48999999999944,132.51999999999944,132.1499999999994,132.15999999999943,408
2026-05-22T17:35:00+00:00,132.15999999999943,132.28999999999945,132.15999999999943,132.24999999999943,164
2026-05-22T17:40:00+00:00,132.24999999999943,132.3399999999994,132.09999999999945,132.11999999999944,115
2026-05-22T17:45:00+00:00,132.11999999999944,132.11999999999944,132.02999999999943,132.08999999999943,151
2026-05-22T17:50:00+00:00,132.08999999999943,132.17999999999944,131.96999999999943,131.99999999999943,164
2026-05-22T17:55:00+00:00,131.99999999999943,132.07999999999942,131.9699999999994,132.0099999999994,111
2026-05-22T18:00:00+00:00,132.0099999999994,132.12999999999943,131.79999999999941,131.9299999999994,197
2026-05-22T18:05:00+00:00,131.9299999999994,131.9799999999994,131.87999999999937,131.89999999999938,111
2026-05-22T18:10:00+00:00,131.89999999999938,131.9499999999994,131.76999999999936,131.77999999999938,127
2026-05-22T18:15:00+00:00,131.77999999999938,131.94999999999936,131.77999999999935,131.91999999999936,124
2026-05-22T18:20:00+00:00,131.91999999999936,131.95999999999935,131.88999999999936,131.9199999999994,125
2026-05-22T18:25:00+00:00,131.9199999999994,131.9199999999994,131.73999999999938,131.7599999999994,144
2026-05-22T18:30:00+00:00,131.7599999999994,131.88999999999942,131.7599999999994,131.8599999999994,105
2026-05-22T18:35:00+00:00,131.8599999999994,131.9099999999994,131.73999999999938,131.73999999999938,172
2026-05-22T18:40:00+00:00,131.73999999999938,131.80999999999938,131.64999999999938,131.69999999999942,128
2026-05-22T18:45:00+00:00,131.69999999999942,131.7899999999994,131.66999999999942,131.75999999999942,97
2026-05-22T18:50:00+00:00,131.75999999999942,131.88999999999942,131.73999999999944,131.82999999999942,100
2026-05-22T18:55:00+00:00,131.82999999999942,131.84999999999943,131.7699999999994,131.79999999999944,82
2026-05-22T19:00:00+00:00,131.79999999999944,131.82999999999944,131.47999999999945,131.61999999999944,214
2026-05-22T19:05:00+00:00,131.61999999999944,131.7899999999994,131.61999999999944,131.7799999999994,132
2026-05-22T19:10:00+00:00,131.7799999999994,131.7799999999994,131.6699999999994,131.7099999999994,90
2026-05-22T19:15:00+00:00,131.7099999999994,131.7399999999994,131.55999999999943,131.69999999999942,123
2026-05-22T19:20:00+00:00,131.69999999999942,131.73999999999944,131.62999999999943,131.72999999999942,123
2026-05-22T19:25:00+00:00,131.72999999999942,131.72999999999942,131.54999999999944,131.57999999999942,148
2026-05-22T19:30:00+00:00,131.57999999999942,131.69999999999942,131.54999999999941,131.65999999999946,168
2026-05-22T19:35:00+00:00,131.65999999999946,131.72999999999945,131.62999999999946,131.64999999999947,129
2026-05-22T19:40:00+00:00,131.64999999999947,131.67999999999947,131.46999999999946,131.57999999999944,166
2026-05-22T19:45:00+00:00,131.57999999999944,131.57999999999944,131.41999999999945,131.44999999999945,186
2026-05-22T19:50:00+00:00,131.44999999999945,131.5199999999994,131.26999999999944,131.44999999999942,263
2026-05-22T19:55:00+00:00,131.44999999999942,131.5199999999994,131.2899999999994,131.49999999999943,390
2026-05-26T13:30:00+00:00,131.49999999999943,133.74999999999943,131.49999999999943,133.52999999999943,247
2026-05-26T13:35:00+00:00,133.52999999999943,133.62999999999943,132.9599999999994,133.06999999999942,389
2026-05-26T13:40:00+00:00,133.06999999999942,133.63999999999942,133.06999999999942,133.14999999999944,517
2026-05-26T13:45:00+00:00,133.14999999999944,133.35999999999945,132.92999999999944,133.25999999999942,709
2026-05-26T13:50:00+00:00,133.25999999999942,133.37999999999943,133.0299999999994,133.0999999999994,657
2026-05-26T13:55:00+00:00,133.0999999999994,133.38999999999942,133.0099999999994,133.18999999999943,595
2026-05-26T14:00:00+00:00,133.18999999999943,133.38999999999945,132.8999999999994,133.34999999999945,847
2026-05-26T14:05:00+00:00,133.34999999999945,133.4399999999995,133.16999999999948,133.31999999999948,636
2026-05-26T14:10:00+00:00,133.31999999999948,133.4399999999995,132.95999999999947,132.97999999999945,698
2026-05-26T14:15:00+00:00,132.97999999999945,133.25999999999948,132.8099999999995,132.8099999999995,726
2026-05-26T14:20:00+00:00,132.8099999999995,133.08999999999946,132.8099999999995,132.81999999999942,695
2026-05-26T14:25:00+00:00,132.81999999999942,132.91999999999945,132.74999999999943,132.77999999999946,550
2026-05-26T14:30:00+00:00,132.77999999999946,132.86999999999944,132.44999999999948,132.50999999999948,493
2026-05-26T14:35:00+00:00,132.50999999999948,133.0299999999995,132.4899999999995,132.59999999999945,702
2026-05-26T14:40:00+00:00,132.59999999999945,132.72999999999945,132.50999999999942,132.64999999999944,600
2026-05-26T14:45:00+00:00,132.64999999999944,132.7699999999994,132.56999999999945,132.6599999999994,617
2026-05-26T14:50:00+00:00,132.6599999999994,132.7999999999994,132.50999999999937,132.50999999999937,383
2026-05-26T14:55:00+00:00,132.50999999999937,132.59999999999937,132.26999999999936,132.58999999999935,610
2026-05-26T15:00:00+00:00,132.58999999999935,132.58999999999935,132.27999999999938,132.3599999999994,569
2026-05-26T15:05:00+00:00,132.3599999999994,132.56999999999937,132.33999999999938,132.45999999999938,633
2026-05-26T15:10:00+00:00,132.45999999999938,132.56999999999942,132.42999999999938,132.4599999999994,450
2026-05-26T15:15:00+00:00,132.4599999999994,132.7399999999994,132.3399999999994,132.56999999999942,633
2026-05-26T15:20:00+00:00,132.56999999999942,132.5899999999994,132.3999999999994,132.3999999999994,536
2026-05-26T15:25:00+00:00,132.3999999999994,132.4599999999994,132.19999999999942,132.19999999999942,531
2026-05-26T15:30:00+00:00,132.19999999999942,132.3499999999994,132.13999999999942,132.2199999999994,493
2026-05-26T15:35:00+00:00,132.2199999999994,132.36999999999938,132.1599999999994,132.3399999999994,578
2026-05-26T15:40:00+00:00,132.3399999999994,132.41999999999942,132.16999999999942,132.3399999999994,533
2026-05-26T15:45:00+00:00,132.3399999999994,132.43999999999943,132.24999999999943,132.37999999999943,383
2026-05-26T15:50:00+00:00,132.37999999999943,132.3999999999994,132.25999999999942,132.28999999999942,512
2026-05-26T15:55:00+00:00,132.28999999999942,132.3999999999994,132.2699999999994,132.3099999999994,533
2026-05-26T16:00:00+00:00,132.3099999999994,132.5299999999994,132.3099999999994,132.36999999999938,595
2026-05-26T16:05:00+00:00,132.36999999999938,132.44999999999942,132.2999999999994,132.4299999999994,346
2026-05-26T16:10:00+00:00,132.4299999999994,132.6699999999994,132.38999999999942,132.62999999999937,393
2026-05-26T16:15:00+00:00,132.62999999999937,132.7199999999994,132.4799999999994,132.64999999999938,401
2026-05-26T16:20:00+00:00,132.64999999999938,132.72999999999936,132.6399999999994,132.65999999999937,301
2026-05-26T16:25:00+00:00,132.65999999999937,132.65999999999937,132.49999999999937,132.57999999999936,305
2026-05-26T16:30:00+00:00,132.57999999999936,132.57999999999936,132.42999999999932,132.42999999999932,302
2026-05-26T16:35:00+00:00,132.42999999999932,132.5199999999993,132.42999999999932,132.4699999999993,207
2026-05-26T16:40:00+00:00,132.4699999999993,132.4699999999993,132.32999999999927,132.39999999999924,251
2026-05-26T16:45:00+00:00,132.39999999999924,132.42999999999927,132.29999999999927,132.30999999999926,204
2026-05-26T16:50:00+00:00,132.30999999999926,132.37999999999926,132.28999999999925,132.32999999999925,205
2026-05-26T16:55:00+00:00,132.32999999999925,132.36999999999924,132.11999999999924,132.11999999999924,230
2026-05-26T17:00:00+00:00,132.11999999999924,132.32999999999925,132.10999999999925,132.16999999999928,299
2026-05-26T17:05:00+00:00,132.16999999999928,132.23999999999927,132.10999999999927,132.2199999999993,304
2026-05-26T17:10:00+00:00,132.2199999999993,132.2999999999993,132.1599999999993,132.2699999999993,351
2026-05-26T17:15:00+00:00,132.2699999999993,132.2799999999993,132.0499999999993,132.2399999999993,258
2026-05-26T17:20:00+00:00,132.2399999999993,132.2399999999993,132.0899999999993,132.1799999999993,348
2026-05-26T17:25:00+00:00,132.1799999999993,132.1999999999993,132.0599999999993,132.08999999999926,275
2026-05-26T17:30:00+00:00,132.08999999999926,132.1099999999993,132.03999999999928,132.0699999999993,176
2026-05-26T17:35:00+00:00,132.0699999999993,132.1499999999993,131.98999999999933,132.0699999999993,196
2026-05-26T17:40:00+00:00,132.0699999999993,132.13999999999933,132.02999999999932,132.03999999999934,267
2026-05-26T17:45:00+00:00,132.03999999999934,132.12999999999934,131.93999999999932,131.94999999999933,164
2026-05-26T17:50:00+00:00,131.94999999999933,132.00999999999934,131.89999999999932,131.90999999999934,106
2026-05-26T17:55:00+00:00,131.90999999999934,131.93999999999937,131.77999999999935,131.77999999999935,228
2026-05-26T18:00:00+00:00,131.77999999999935,131.8299999999993,131.6999999999993,131.80999999999932,253
2026-05-26T18:05:00+00:00,131.80999999999932,131.8399999999993,131.7199999999993,131.7699999999993,196
2026-05-26T18:10:00+00:00,131.7699999999993,131.9199999999993,131.74999999999932,131.9099999999993,164
2026-05-26T18:15:00+00:00,131.9099999999993,132.09999999999928,131.8999999999993,132.02999999999926,262
2026-05-26T18:20:00+00:00,132.02999999999926,132.02999999999926,131.91999999999925,131.98999999999927,145
2026-05-26T18:25:00+00:00,131.98999999999927,131.98999999999927,131.9099999999993,131.95999999999924,124
2026-05-26T18:30:00+00:00,131.95999999999924,132.07999999999925,131.93999999999926,132.04999999999924,138
2026-05-26T18:35:00+00:00,132.04999999999924,132.04999999999924,131.93999999999923,131.96999999999923,163
2026-05-26T18:40:00+00:00,131.96999999999923,131.97999999999922,131.76999999999924,131.9599999999992,185
2026-05-26T18:45:00+00:00,131.9599999999992,132.08999999999918,131.8999999999992,132.0299999999992,185
2026-05-26T18:50:00+00:00,132.0299999999992,132.0699999999992,131.8799999999992,131.8999999999992,248
2026-05-26T18:55:00+00:00,131.8999999999992,131.94999999999922,131.79999999999922,131.83999999999918,206
2026-05-26T19:00:00+00:00,131.83999999999918,131.8899999999992,131.7699999999992,131.7999999999992,179
2026-05-26T19:05:00+00:00,131.7999999999992,131.8799999999992,131.71999999999917,131.8199999999992,171
2026-05-26T19:10:00+00:00,131.8199999999992,131.83999999999918,131.6499999999992,131.67999999999924,195
2026-05-26T19:15:00+00:00,131.67999999999924,131.78999999999925,131.65999999999923,131.73999999999927,177
2026-05-26T19:20:00+00:00,131.73999999999927,131.86999999999927,131.70999999999924,131.82999999999925,171
2026-05-26T19:25:00+00:00,131.82999999999925,131.89999999999924,131.76999999999927,131.83999999999924,198
2026-05-26T19:30:00+00:00,131.83999999999924,132.14999999999924,131.83999999999924,132.01999999999924,196
2026-05-26T19:35:00+00:00,132.01999999999924,132.30999999999926,131.98999999999924,132.29999999999924,289
2026-05-26T19:40:00+00:00,132.29999999999924,132.62999999999926,132.17999999999924,132.60999999999925,306
2026-05-26T19:45:00+00:00,132.60999999999925,132.76999999999924,132.24999999999926,132.37999999999926,375
2026-05-26T19:50:00+00:00,132.37999999999926,132.93999999999926,132.36999999999927,132.93999999999926,459
2026-05-26T19:55:00+00:00,132.93999999999926,133.27999999999926,132.91999999999928,133.25999999999925,748
2026-05-27T13:30:00+00:00,133.25999999999925,133.98999999999927,132.91999999999928,133.37999999999926,102
2026-05-27T13:35:00+00:00,133.37999999999926,133.59999999999926,131.97999999999925,132.36999999999927,371
2026-05-27T13:40:00+00:00,132.36999999999927,132.38999999999928,131.19999999999928,131.2199999999993,413
2026-05-27T13:45:00+00:00,131.2199999999993,131.74999999999932,131.1999999999993,131.3699999999993,426
2026-05-27T13:50:00+00:00,131.3699999999993,132.0899999999993,131.2799999999993,131.80999999999932,401
2026-05-27T13:55:00+00:00,131.80999999999932,131.8999999999993,131.2299999999993,131.4599999999993,439
2026-05-27T14:00:00+00:00,131.4599999999993,131.5199999999993,130.90999999999934,131.09999999999934,431
2026-05-27T14:05:00+00:00,131.09999999999934,131.5199999999993,131.03999999999934,131.4599999999993,319
2026-05-27T14:10:00+00:00,131.4599999999993,131.8299999999993,131.3899999999993,131.56999999999925,355
2026-05-27T14:15:00+00:00,131.56999999999925,132.24999999999926,131.48999999999927,132.09999999999923,319
2026-05-27T14:20:00+00:00,132.09999999999923,132.22999999999922,131.78999999999922,131.82999999999925,320
2026-05-27T14:25:00+00:00,131.82999999999925,132.16999999999925,131.71999999999923,132.13999999999925,281
2026-05-27T14:30:00+00:00,132.13999999999925,132.60999999999927,132.13999999999925,132.30999999999926,410
2026-05-27T14:35:00+00:00,132.30999999999926,132.5799999999993,132.27999999999926,132.4099999999993,343
2026-05-27T14:40:00+00:00,132.4099999999993,132.4399999999993,132.0299999999993,132.06999999999925,534
2026-05-27T14:45:00+00:00,132.06999999999925,132.45999999999927,131.92999999999927,132.17999999999927,560
2026-05-27T14:50:00+00:00,132.17999999999927,132.3699999999993,132.0399999999993,132.05999999999932,663
2026-05-27T14:55:00+00:00,132.05999999999932,132.28999999999934,131.99999999999932,132.16999999999933,497.56397637795277
2026-05-27T15:00:00+00:00,132.16999999999933,132.38999999999936,132.07999999999933,132.29999999999936,331
2026-05-27T15:05:00+00:00,132.29999999999936,132.58999999999935,132.26999999999936,132.36999999999932,364
2026-05-27T15:10:00+00:00,132.36999999999932,132.5699999999993,132.03999999999934,132.17999999999932,583
2026-05-27T15:15:00+00:00,132.17999999999932,132.18999999999932,131.4199999999993,131.66999999999928,714
2026-05-27T15:20:00+00:00,131.66999999999928,131.9699999999993,131.59999999999928,131.8599999999993,635
2026-05-27T15:25:00+00:00,131.8599999999993,131.8899999999993,131.2099999999993,131.2199999999993,547
2026-05-27T15:30:00+00:00,131.2199999999993,131.4699999999993,131.0199999999993,131.02999999999932,733
2026-05-27T15:35:00+00:00,131.02999999999932,131.31999999999937,130.95999999999933,131.18999999999934,442
2026-05-27T15:40:00+00:00,131.18999999999934,131.38999999999936,131.05999999999935,131.31999999999937,603
2026-05-27T15:45:00+00:00,131.31999999999937,131.42999999999938,131.17999999999938,131.35999999999936,433
2026-05-27T15:50:00+00:00,131.35999999999936,131.65999999999937,131.28999999999937,131.42999999999938,367
2026-05-27T15:55:00+00:00,131.42999999999938,131.74999999999937,131.39999999999938,131.70999999999935,404
2026-05-27T16:00:00+00:00,131.70999999999935,131.76999999999936,131.43999999999932,131.51999999999933,432
2026-05-27T16:05:00+00:00,131.51999999999933,131.60999999999933,131.45999999999935,131.53999999999934,229
2026-05-27T16:10:00+00:00,131.53999999999934,131.57999999999933,131.36999999999932,131.41999999999933,271
2026-05-27T16:15:00+00:00,131.41999999999933,131.52999999999935,131.33999999999935,131.35999999999933,214
2026-05-27T16:20:00+00:00,131.35999999999933,131.48999999999933,131.27999999999935,131.28999999999934,207
2026-05-27T16:25:00+00:00,131.28999999999934,131.49999999999935,131.27999999999938,131.32999999999936,202
2026-05-27T16:30:00+00:00,131.32999999999936,131.55999999999935,131.30999999999938,131.33999999999935,270
2026-05-27T16:35:00+00:00,131.33999999999935,131.44999999999936,131.10999999999936,131.13999999999936,324
2026-05-27T16:40:00+00:00,131.13999999999936,131.3299999999994,131.12999999999937,131.2799999999994,250
2026-05-27T16:45:00+00:00,131.2799999999994,131.2999999999994,131.01999999999936,131.13999999999936,239
2026-05-27T16:50:00+00:00,131.13999999999936,131.3399999999994,131.12999999999937,131.24999999999937,176
2026-05-27T16:55:00+00:00,131.24999999999937,131.2999999999994,130.93999999999937,130.9599999999994,189
2026-05-27T17:00:00+00:00,130.9599999999994,131.00999999999942,130.8699999999994,130.9699999999994,229
2026-05-27T17:05:00+00:00,130.9699999999994,131.13999999999942,130.88999999999945,130.91999999999945,240
2026-05-27T17:10:00+00:00,130.91999999999945,131.0899999999994,130.85999999999945,131.05999999999943,260
2026-05-27T17:15:00+00:00,131.05999999999943,131.37999999999943,131.0199999999994,131.28999999999945,202
2026-05-27T17:20:00+00:00,131.28999999999945,131.32999999999944,131.22999999999945,131.26999999999944,169
2026-05-27T17:25:00+00:00,131.26999999999944,131.34999999999943,131.21999999999943,131.33999999999943,97
2026-05-27T17:30:00+00:00,131.33999999999943,131.47999999999942,131.27999999999943,131.4699999999994,150
2026-05-27T17:35:00+00:00,131.4699999999994,131.6599999999994,131.4199999999994,131.4899999999994,187
2026-05-27T17:40:00+00:00,131.4899999999994,131.52999999999946,131.41999999999942,131.48999999999944,142
2026-05-27T17:45:00+00:00,131.48999999999944,131.48999999999944,131.27999999999946,131.37999999999943,156
2026-05-27T17:50:00+00:00,131.37999999999943,131.67999999999944,131.37999999999943,131.67999999999944,248
2026-05-27T17:55:00+00:00,131.67999999999944,131.7499999999994,131.60999999999942,131.7199999999994,174
2026-05-27T18:00:00+00:00,131.7199999999994,131.7699999999994,131.5299999999994,131.54999999999941,175
2026-05-27T18:05:00+00:00,131.54999999999941,131.6499999999994,131.4699999999994,131.5399999999994,215
2026-05-27T18:10:00+00:00,131.5399999999994,131.62999999999937,131.23999999999938,131.3599999999994,147
2026-05-27T18:15:00+00:00,131.3599999999994,131.3999999999994,131.23999999999938,131.2899999999994,139
2026-05-27T18:20:00+00:00,131.2899999999994,131.3299999999994,131.20999999999935,131.23999999999936,192
2026-05-27T18:25:00+00:00,131.23999999999936,131.3199999999994,131.2099999999994,131.2299999999994,128
2026-05-27T18:30:00+00:00,131.2299999999994,131.42999999999938,131.21999999999937,131.24999999999937,137
2026-05-27T18:35:00+00:00,131.24999999999937,131.44999999999936,131.23999999999938,131.35999999999936,149
2026-05-27T18:40:00+00:00,131.35999999999936,131.45999999999935,131.34999999999934,131.41999999999933,180
2026-05-27T18:45:00+00:00,131.41999999999933,131.51999999999936,131.38999999999933,131.46999999999935,139
2026-05-27T18:50:00+00:00,131.46999999999935,131.56999999999937,131.45999999999935,131.50999999999934,159
2026-05-27T18:55:00+00:00,131.50999999999934,131.64999999999938,131.41999999999933,131.56999999999937,174
2026-05-27T19:00:00+00:00,131.56999999999937,131.71999999999937,131.52999999999938,131.59999999999937,166
2026-05-27T19:05:00+00:00,131.59999999999937,131.70999999999935,131.55999999999938,131.70999999999935,137
2026-05-27T19:10:00+00:00,131.70999999999935,131.74999999999935,131.62999999999934,131.65999999999934,123
2026-05-27T19:15:00+00:00,131.65999999999934,131.67999999999935,131.41999999999933,131.47999999999934,195
2026-05-27T19:20:00+00:00,131.47999999999934,131.52999999999935,131.42999999999932,131.50999999999934,141
2026-05-27T19:25:00+00:00,131.50999999999934,131.58999999999935,131.45999999999935,131.49999999999932,149
2026-05-27T19:30:00+00:00,131.49999999999932,131.6299999999993,131.4499999999993,131.5799999999993,160
2026-05-27T19:35:00+00:00,131.5799999999993,131.6599999999993,131.5199999999993,131.62999999999926,168
2026-05-27T19:40:00+00:00,131.62999999999926,131.62999999999926,131.33999999999926,131.5899999999993,221
2026-05-27T19:45:00+00:00,131.5899999999993,131.60999999999927,131.34999999999928,131.4199999999993,249
2026-05-27T19:50:00+00:00,131.4199999999993,131.8199999999993,131.30999999999932,131.6299999999993,371
2026-05-27T19:55:00+00:00,131.6299999999993,131.83999999999935,131.5999999999993,131.81999999999934,430
2026-05-28T13:30:00+00:00,131.81999999999934,131.81999999999934,130.50999999999934,131.24999999999935,203
2026-05-28T13:35:00+00:00,131.24999999999935,131.52999999999935,130.93999999999937,131.24999999999937,350
2026-05-28T13:40:00+00:00,131.24999999999937,131.5699999999994,131.05999999999938,131.37999999999937,423
2026-05-28T13:45:00+00:00,131.37999999999937,131.73999999999933,131.17999999999935,131.47999999999934,467
2026-05-28T13:50:00+00:00,131.47999999999934,131.74999999999937,131.34999999999934,131.36999999999938,607
2026-05-28T13:55:00+00:00,131.36999999999938,131.40999999999937,130.93999999999937,130.99999999999937,592
2026-05-28T14:00:00+00:00,130.99999999999937,131.02999999999938,130.60999999999936,130.64999999999938,308
2026-05-28T14:05:00+00:00,130.64999999999938,130.65999999999937,130.16999999999936,130.17999999999938,505
2026-05-28T14:10:00+00:00,130.17999999999938,131.4199999999994,129.98999999999938,130.9599999999994,1188
2026-05-28T14:15:00+00:00,130.9599999999994,130.9999999999994,130.5999999999994,130.74999999999937,1063
2026-05-28T14:20:00+00:00,130.74999999999937,130.83999999999938,130.38999999999936,130.71999999999935,397
2026-05-28T14:25:00+00:00,130.71999999999935,130.76999999999936,130.37999999999937,130.42999999999938,536
2026-05-28T14:30:00+00:00,130.42999999999938,130.49999999999937,129.63999999999936,129.80999999999938,541
2026-05-28T14:35:00+00:00,129.80999999999938,130.09999999999934,129.71999999999935,130.09999999999934,629
2026-05-28T14:40:00+00:00,130.09999999999934,130.53999999999934,130.00999999999937,130.26999999999936,541
2026-05-28T14:45:00+00:00,130.26999999999936,130.61999999999938,130.19999999999936,130.58999999999938,667
2026-05-28T14:50:00+00:00,130.58999999999938,130.76999999999936,130.57999999999936,130.74999999999937,419
2026-05-28T14:55:00+00:00,130.74999999999937,130.80999999999938,130.42999999999944,130.60999999999945,381
2026-05-28T15:00:00+00:00,130.60999999999945,131.01999999999944,130.58999999999946,130.98999999999944,531
2026-05-28T15:05:00+00:00,130.98999999999944,131.16999999999945,130.90999999999946,131.03999999999945,418
2026-05-28T15:10:00+00:00,131.03999999999945,131.0999999999994,130.96999999999943,131.04999999999944,329
2026-05-28T15:15:00+00:00,131.04999999999944,131.07999999999944,130.82999999999942,130.8499999999994,243
2026-05-28T15:20:00+00:00,130.8499999999994,130.8599999999994,130.66999999999942,130.66999999999942,313
2026-05-28T15:25:00+00:00,130.66999999999942,130.85999999999942,130.63999999999942,130.8299999999994,334
2026-05-28T15:30:00+00:00,130.8299999999994,130.8399999999994,130.57999999999936,130.6099999999994,318
2026-05-28T15:35:00+00:00,130.6099999999994,130.69999999999936,130.5499999999994,130.55999999999938,331
2026-05-28T15:40:00+00:00,130.55999999999938,130.67999999999938,130.51999999999936,130.6599999999994,269
2026-05-28T15:45:00+00:00,130.6599999999994,130.76999999999938,130.63999999999942,130.6499999999994,241
2026-05-28T15:50:00+00:00,130.6499999999994,130.6799999999994,130.5599999999994,130.61999999999938,254
2026-05-28T15:55:00+00:00,130.61999999999938,130.69999999999936,130.43999999999937,130.43999999999937,236
2026-05-28T16:00:00+00:00,130.43999999999937,130.4799999999994,130.36999999999938,130.44999999999942,166
2026-05-28T16:05:00+00:00,130.44999999999942,130.53999999999942,130.4299999999994,130.4699999999994,199
2026-05-28T16:10:00+00:00,130.4699999999994,130.48999999999938,130.32999999999942,130.3599999999994,160
2026-05-28T16:15:00+00:00,130.3599999999994,130.3899999999994,130.0999999999994,130.23999999999938,303
2026-05-28T16:20:00+00:00,130.23999999999938,130.4699999999994,130.1399999999994,130.3399999999994,321
2026-05-28T16:25:00+00:00,130.3399999999994,130.4099999999994,130.2199999999994,130.24999999999943,263
2026-05-28T16:30:00+00:00,130.24999999999943,130.3399999999994,130.21999999999943,130.3399999999994,189
2026-05-28T16:35:00+00:00,130.3399999999994,130.3499999999994,130.1699999999994,130.2099999999994,177
2026-05-28T16:40:00+00:00,130.2099999999994,130.23999999999938,130.1199999999994,130.13999999999942,168
2026-05-28T16:45:00+00:00,130.13999999999942,130.3499999999994,130.11999999999944,130.3399999999994,230
2026-05-28T16:50:00+00:00,130.3399999999994,130.56999999999942,130.31999999999942,130.41999999999942,254
2026-05-28T16:55:00+00:00,130.41999999999942,130.62999999999943,130.41999999999942,130.50999999999948,260
2026-05-28T17:00:00+00:00,130.50999999999948,130.65999999999948,130.46999999999946,130.6499999999995,268
2026-05-28T17:05:00+00:00,130.6499999999995,130.6899999999995,130.4999999999995,130.6099999999995,188
2026-05-28T17:10:00+00:00,130.6099999999995,130.6799999999995,130.3699999999995,130.3699999999995,168
2026-05-28T17:15:00+00:00,130.3699999999995,130.37999999999948,130.2399999999995,130.2599999999995,208
2026-05-28T17:20:00+00:00,130.2599999999995,130.27999999999952,130.1099999999995,130.16999999999948,199
2026-05-28T17:25:00+00:00,130.16999999999948,130.26999999999947,130.1499999999995,130.1899999999995,174
2026-05-28T17:30:00+00:00,130.1899999999995,130.3699999999995,130.1499999999995,130.3699999999995,130
2026-05-28T17:35:00+00:00,130.3699999999995,130.4199999999995,130.3099999999995,130.3699999999995,151
2026-05-28T17:40:00+00:00,130.3699999999995,130.4299999999995,130.24999999999955,130.28999999999954,131
2026-05-28T17:45:00+00:00,130.28999999999954,130.39999999999952,130.24999999999955,130.38999999999953,156
2026-05-28T17:50:00+00:00,130.38999999999953,130.50999999999954,130.27999999999952,130.44999999999953,197
2026-05-28T17:55:00+00:00,130.44999999999953,130.52999999999957,130.38999999999953,130.51999999999958,216
2026-05-28T18:00:00+00:00,130.51999999999958,130.6799999999996,130.49999999999957,130.60999999999956,164
2026-05-28T18:05:00+00:00,130.60999999999956,130.60999999999956,130.49999999999957,130.5399999999996,161
2026-05-28T18:10:00+00:00,130.5399999999996,130.5399999999996,130.40999999999957,130.4599999999996,134
2026-05-28T18:15:00+00:00,130.4599999999996,130.53999999999962,130.3499999999996,130.49999999999963,262
2026-05-28T18:20:00+00:00,130.49999999999963,130.60999999999962,130.44999999999965,130.59999999999962,165
2026-05-28T18:25:00+00:00,130.59999999999962,130.60999999999962,130.50999999999965,130.51999999999964,82
2026-05-28T18:30:00+00:00,130.51999999999964,130.53999999999965,130.40999999999963,130.40999999999963,122
2026-05-28T18:35:00+00:00,130.40999999999963,130.54999999999964,130.40999999999963,130.52999999999963,172
2026-05-28T18:40:00+00:00,130.52999999999963,130.55999999999963,130.43999999999966,130.45999999999967,117
2026-05-28T18:45:00+00:00,130.45999999999967,130.55999999999966,130.43999999999966,130.55999999999966,171
2026-05-28T18:50:00+00:00,130.55999999999966,130.68999999999966,130.48999999999967,130.59999999999962,151
2026-05-28T18:55:00+00:00,130.59999999999962,130.75999999999962,130.56999999999965,130.70999999999964,195
2026-05-28T19:00:00+00:00,130.70999999999964,130.8999999999996,130.70999999999964,130.8699999999996,149
2026-05-28T19:05:00+00:00,130.8699999999996,131.1199999999996,130.85999999999962,131.0799999999996,131
2026-05-28T19:10:00+00:00,131.0799999999996,131.08999999999958,130.9799999999996,131.08999999999958,113
2026-05-28T19:15:00+00:00,131.08999999999958,131.27999999999955,131.0799999999996,131.23999999999955,148
2026-05-28T19:20:00+00:00,131.23999999999955,131.33999999999958,131.14999999999955,131.30999999999955,183
2026-05-28T19:25:00+00:00,131.30999999999955,131.33999999999955,131.24999999999955,131.28999999999957,166
2026-05-28T19:30:00+00:00,131.28999999999957,131.34999999999957,131.20999999999958,131.26999999999956,207
2026-05-28T19:35:00+00:00,131.26999999999956,131.29999999999956,131.17999999999955,131.22999999999956,167
2026-05-28T19:40:00+00:00,131.22999999999956,131.24999999999955,131.15999999999957,131.24999999999955,131
2026-05-28T19:45:00+00:00,131.24999999999955,131.25999999999956,131.12999999999954,131.24999999999955,167
2026-05-28T19:50:00+00:00,131.24999999999955,131.30999999999955,131.14999999999952,131.16999999999953,310
2026-05-28T19:55:00+00:00,131.16999999999953,131.27999999999952,130.93999999999954,131.02999999999952,464
2026-05-29T13:30:00+00:00,131.02999999999952,131.0499999999995,129.93999999999954,130.93999999999954,173
2026-05-29T13:35:00+00:00,130.93999999999954,131.36999999999955,130.81999999999954,130.91999999999956,201
2026-05-29T13:40:00+00:00,130.91999999999956,131.36999999999958,130.81999999999957,131.11999999999958,246
2026-05-29T13:45:00+00:00,131.11999999999958,131.37999999999957,131.0799999999996,131.1999999999996,344
2026-05-29T13:50:00+00:00,131.1999999999996,131.35999999999962,131.0699999999996,131.35999999999962,242
2026-05-29T13:55:00+00:00,131.35999999999962,131.35999999999962,131.0099999999996,131.0099999999996,289
2026-05-29T14:00:00+00:00,131.0099999999996,131.1999999999996,130.96999999999957,131.05999999999958,392
2026-05-29T14:05:00+00:00,131.05999999999958,131.14999999999958,130.82999999999956,130.98999999999955,254
2026-05-29T14:10:00+00:00,130.98999999999955,131.15999999999957,130.9299999999996,131.01999999999958,272
2026-05-29T14:15:00+00:00,131.01999999999958,131.19999999999953,130.9999999999996,131.15999999999954,182
2026-05-29T14:20:00+00:00,131.15999999999954,131.22999999999956,131.03999999999957,131.1399999999996,226
2026-05-29T14:25:00+00:00,131.1399999999996,131.22999999999962,131.1099999999996,131.1099999999996,225
2026-05-29T14:30:00+00:00,131.1099999999996,131.1899999999996,131.05999999999958,131.10999999999956,223
2026-05-29T14:35:00+00:00,131.10999999999956,131.24999999999952,131.0999999999995,131.24999999999952,222
2026-05-29T14:40:00+00:00,131.24999999999952,131.45999999999952,131.19999999999953,131.42999999999952,238
2026-05-29T14:45:00+00:00,131.42999999999952,131.5699999999995,131.3499999999995,131.5199999999995,279
2026-05-29T14:50:00+00:00,131.5199999999995,132.2899999999995,131.4899999999995,132.0499999999995,577
2026-05-29T14:55:00+00:00,132.0499999999995,132.3099999999995,132.00999999999948,132.0199999999995,424.24485373781147
2026-05-29T15:00:00+00:00,132.0199999999995,132.59999999999954,132.0199999999995,132.48999999999955,439
2026-05-29T15:05:00+00:00,132.48999999999955,132.54999999999956,132.29999999999956,132.34999999999957,298
2026-05-29T15:10:00+00:00,132.34999999999957,132.67999999999955,132.32999999999956,132.66999999999953,283
2026-05-29T15:15:00+00:00,132.66999999999953,132.89999999999952,132.66999999999953,132.81999999999954,244
2026-05-29T15:20:00+00:00,132.81999999999954,133.1099999999995,132.75999999999954,133.06999999999954,233
2026-05-29T15:25:00+00:00,133.06999999999954,133.22999999999956,132.96999999999952,133.08999999999955,312
2026-05-29T15:30:00+00:00,133.08999999999955,133.18999999999954,132.90999999999954,133.04999999999956,340
2026-05-29T15:35:00+00:00,133.04999999999956,133.29999999999956,133.04999999999956,133.09999999999957,258
2026-05-29T15:40:00+00:00,133.09999999999957,133.24999999999955,132.93999999999951,132.93999999999951,293
2026-05-29T15:45:00+00:00,132.93999999999951,132.98999999999953,132.70999999999952,132.71999999999952,173
2026-05-29T15:50:00+00:00,132.71999999999952,132.9299999999995,132.67999999999952,132.8299999999995,232
2026-05-29T15:55:00+00:00,132.8299999999995,132.8899999999995,132.71999999999952,132.76999999999947,186
2026-05-29T16:00:00+00:00,132.76999999999947,132.91999999999948,132.70999999999947,132.8699999999995,187
2026-05-29T16:05:00+00:00,132.8699999999995,133.02999999999952,132.8699999999995,132.9399999999995,203
2026-05-29T16:10:00+00:00,132.9399999999995,133.05999999999952,132.80999999999952,133.05999999999952,165
2026-05-29T16:15:00+00:00,133.05999999999952,133.07999999999953,132.88999999999953,132.92999999999955,145
2026-05-29T16:20:00+00:00,132.92999999999955,133.13999999999953,132.90999999999954,133.06999999999954,159
2026-05-29T16:25:00+00:00,133.06999999999954,133.08999999999952,132.94999999999953,132.99999999999955,101
2026-05-29T16:30:00+00:00,132.99999999999955,133.06999999999954,132.89999999999955,132.94999999999953,151
2026-05-29T16:35:00+00:00,132.94999999999953,133.21999999999954,132.9099999999995,133.13999999999953,180
2026-05-29T16:40:00+00:00,133.13999999999953,133.13999999999953,132.87999999999954,133.02999999999955,150
2026-05-29T16:45:00+00:00,133.02999999999955,133.08999999999958,133.00999999999956,133.06999999999957,91
2026-05-29T16:50:00+00:00,133.06999999999957,133.16999999999956,133.01999999999956,133.06999999999957,112
2026-05-29T16:55:00+00:00,133.06999999999957,133.06999999999957,132.89999999999955,132.90999999999954,143
2026-05-29T17:00:00+00:00,132.90999999999954,133.03999999999957,132.89999999999955,132.95999999999955,80
2026-05-29T17:05:00+00:00,132.95999999999955,132.98999999999955,132.75999999999954,132.75999999999954,82
2026-05-29T17:10:00+00:00,132.75999999999954,132.81999999999954,132.61999999999955,132.70999999999952,131
2026-05-29T17:15:00+00:00,132.70999999999952,132.9499999999995,132.70999999999952,132.90999999999948,132
2026-05-29T17:20:00+00:00,132.90999999999948,132.9099999999995,132.75999999999948,132.83999999999952,152
2026-05-29T17:25:00+00:00,132.83999999999952,132.8599999999995,132.74999999999955,132.8099999999995,123
2026-05-29T17:30:00+00:00,132.8099999999995,132.83999999999952,132.7399999999995,132.7499999999995,109
2026-05-29T17:35:00+00:00,132.7499999999995,132.7799999999995,132.65999999999946,132.65999999999946,88
2026-05-29T17:40:00+00:00,132.65999999999946,132.65999999999946,132.54999999999944,132.55999999999946,121
2026-05-29T17:45:00+00:00,132.55999999999946,132.64999999999947,132.53999999999945,132.62999999999946,107
2026-05-29T17:50:00+00:00,132.62999999999946,132.72999999999948,132.60999999999945,132.68999999999946,137
2026-05-29T17:55:00+00:00,132.68999999999946,132.69999999999948,132.59999999999945,132.65999999999946,88
2026-05-29T18:00:00+00:00,132.65999999999946,132.74999999999943,132.59999999999945,132.71999999999946,111
2026-05-29T18:05:00+00:00,132.71999999999946,132.78999999999948,132.66999999999945,132.78999999999948,81
2026-05-29T18:10:00+00:00,132.78999999999948,132.78999999999948,132.66999999999945,132.69999999999948,69
2026-05-29T18:15:00+00:00,132.69999999999948,132.93999999999946,132.69999999999948,132.92999999999947,100
2026-05-29T18:20:00+00:00,132.92999999999947,133.01999999999947,132.78999999999945,132.94999999999948,159
2026-05-29T18:25:00+00:00,132.94999999999948,133.00999999999948,132.82999999999947,132.87999999999948,129
2026-05-29T18:30:00+00:00,132.87999999999948,133.08999999999952,132.8599999999995,133.0599999999995,172
2026-05-29T18:35:00+00:00,133.0599999999995,133.0599999999995,132.9299999999995,132.9899999999995,144
2026-05-29T18:40:00+00:00,132.9899999999995,132.9899999999995,132.68999999999946,132.69999999999948,118
2026-05-29T18:45:00+00:00,132.69999999999948,132.7299999999995,132.44999999999948,132.71999999999952,251
2026-05-29T18:50:00+00:00,132.71999999999952,132.75999999999954,132.51999999999953,132.51999999999953,191
2026-05-29T18:55:00+00:00,132.51999999999953,132.75999999999954,132.51999999999953,132.70999999999952,148
2026-05-29T19:00:00+00:00,132.70999999999952,132.78999999999954,132.6599999999995,132.72999999999954,177
2026-05-29T19:05:00+00:00,132.72999999999954,132.75999999999954,132.61999999999955,132.71999999999952,113
2026-05-29T19:10:00+00:00,132.71999999999952,132.76999999999953,132.58999999999952,132.6199999999995,130
2026-05-29T19:15:00+00:00,132.6199999999995,132.6899999999995,132.52999999999952,132.52999999999952,102
2026-05-29T19:20:00+00:00,132.52999999999952,132.57999999999953,132.43999999999954,132.49999999999952,158
2026-05-29T19:25:00+00:00,132.49999999999952,132.89999999999952,132.4799999999995,132.8699999999995,206
2026-05-29T19:30:00+00:00,132.8699999999995,133.1199999999995,132.82999999999947,132.95999999999947,325
2026-05-29T19:35:00+00:00,132.95999999999947,132.95999999999947,132.60999999999945,132.78999999999945,289
2026-05-29T19:40:00+00:00,132.78999999999945,132.85999999999945,132.40999999999948,132.40999999999948,351
2026-05-29T19:45:00+00:00,132.40999999999948,132.50999999999948,132.31999999999948,132.3599999999995,396
2026-05-29T19:50:00+00:00,132.3599999999995,132.62999999999948,132.20999999999952,132.32999999999953,485
2026-05-29T19:55:00+00:00,132.32999999999953,132.50999999999954,132.10999999999953,132.33999999999952,417
2026-06-01T13:30:00+00:00,132.33999999999952,132.33999999999952,129.94999999999953,131.93999999999951,370
2026-06-01T13:35:00+00:00,131.93999999999951,132.32999999999953,131.43999999999951,132.18999999999951,400
2026-06-01T13:40:00+00:00,132.18999999999951,132.86999999999955,131.6299999999995,132.59999999999957,358
2026-06-01T13:45:00+00:00,132.59999999999957,132.91999999999956,131.96999999999952,132.28999999999954,418
2026-06-01T13:50:00+00:00,132.28999999999954,132.61999999999955,131.95999999999955,132.55999999999955,555
2026-06-01T13:55:00+00:00,132.55999999999955,133.01999999999956,132.53999999999957,132.92999999999955,505
2026-06-01T14:00:00+00:00,132.92999999999955,133.3799999999995,132.83999999999955,133.30999999999952,579
2026-06-01T14:05:00+00:00,133.30999999999952,133.36999999999952,132.9799999999995,133.02999999999952,653
2026-06-01T14:10:00+00:00,133.02999999999952,133.0999999999995,132.8499999999995,133.0599999999995,431
2026-06-01T14:15:00+00:00,133.0599999999995,133.2899999999995,132.9899999999995,133.13999999999953,512
2026-06-01T14:20:00+00:00,133.13999999999953,133.40999999999954,133.12999999999954,133.29999999999956,527
2026-06-01T14:25:00+00:00,133.29999999999956,133.36999999999955,132.9499999999996,133.18999999999957,470
2026-06-01T14:30:00+00:00,133.18999999999957,133.24999999999957,132.8899999999996,132.90999999999957,540
2026-06-01T14:35:00+00:00,132.90999999999957,133.02999999999957,132.76999999999958,132.78999999999957,471
2026-06-01T14:40:00+00:00,132.78999999999957,132.82999999999956,132.64999999999958,132.65999999999957,479
2026-06-01T14:45:00+00:00,132.65999999999957,132.74999999999957,132.33999999999958,132.54999999999959,464
2026-06-01T14:50:00+00:00,132.54999999999959,132.8799999999996,132.54999999999959,132.7399999999996,413
2026-06-01T14:55:00+00:00,132.7399999999996,132.9999999999996,132.60999999999962,132.96999999999957,365
2026-06-01T15:00:00+00:00,132.96999999999957,133.28999999999957,132.86999999999958,133.22999999999956,279
2026-06-01T15:05:00+00:00,133.22999999999956,133.51999999999958,133.21999999999957,133.46999999999957,373
2026-06-01T15:10:00+00:00,133.46999999999957,133.52999999999957,133.23999999999955,133.36999999999955,441
2026-06-01T15:15:00+00:00,133.36999999999955,133.54999999999953,133.24999999999955,133.49999999999955,260
2026-06-01T15:20:00+00:00,133.49999999999955,133.90999999999957,133.49999999999955,133.90999999999957,262
2026-06-01T15:25:00+00:00,133.90999999999957,133.97999999999956,133.66999999999956,133.80999999999958,463
2026-06-01T15:30:00+00:00,133.80999999999958,134.15999999999957,133.80999999999958,134.09999999999957,695
2026-06-01T15:35:00+00:00,134.09999999999957,134.19999999999956,134.01999999999956,134.13999999999956,285
2026-06-01T15:40:00+00:00,134.13999999999956,134.16999999999956,133.90999999999957,134.10999999999956,419
2026-06-01T15:45:00+00:00,134.10999999999956,134.14999999999958,133.85999999999953,133.91999999999956,437
2026-06-01T15:50:00+00:00,133.91999999999956,134.06999999999954,133.91999999999956,133.96999999999952,216
2026-06-01T15:55:00+00:00,133.96999999999952,134.0999999999995,133.77999999999952,133.80999999999952,276
2026-06-01T16:00:00+00:00,133.80999999999952,133.9699999999995,133.67999999999952,133.90999999999948,528
2026-06-01T16:05:00+00:00,133.90999999999948,133.94999999999948,133.84999999999948,133.84999999999948,181
2026-06-01T16:10:00+00:00,133.84999999999948,133.85999999999947,133.65999999999943,133.67999999999944,289
2026-06-01T16:15:00+00:00,133.67999999999944,133.86999999999944,133.67999999999944,133.86999999999944,296
2026-06-01T16:20:00+00:00,133.86999999999944,134.00999999999942,133.77999999999943,133.87999999999943,299
2026-06-01T16:25:00+00:00,133.87999999999943,133.88999999999942,133.60999999999945,133.73999999999944,249
2026-06-01T16:30:00+00:00,133.73999999999944,133.83999999999946,133.70999999999944,133.81999999999945,295
2026-06-01T16:35:00+00:00,133.81999999999945,134.05999999999943,133.78999999999945,134.05999999999943,308
2026-06-01T16:40:00+00:00,134.05999999999943,134.13999999999942,134.00999999999942,134.05999999999943,160
2026-06-01T16:45:00+00:00,134.05999999999943,134.0899999999994,133.93999999999943,134.0499999999994,184
2026-06-01T16:50:00+00:00,134.0499999999994,134.0799999999994,133.88999999999942,133.96999999999943,403
2026-06-01T16:55:00+00:00,133.96999999999943,134.12999999999943,133.90999999999943,133.93999999999943,260
2026-06-01T17:00:00+00:00,133.93999999999943,133.97999999999945,133.78999999999945,133.88999999999945,413
2026-06-01T17:05:00+00:00,133.88999999999945,134.00999999999945,133.82999999999942,133.82999999999942,164
2026-06-01T17:10:00+00:00,133.82999999999942,133.90999999999946,133.75999999999945,133.81999999999942,221
2026-06-01T17:15:00+00:00,133.81999999999942,133.8699999999994,133.7099999999994,133.8599999999994,146
2026-06-01T17:20:00+00:00,133.8599999999994,133.94999999999936,133.76999999999936,133.81999999999937,191
2026-06-01T17:25:00+00:00,133.81999999999937,134.14999999999935,133.74999999999935,134.12999999999934,262
2026-06-01T17:30:00+00:00,134.12999999999934,134.32999999999933,134.02999999999935,134.29999999999933,429
2026-06-01T17:35:00+00:00,134.29999999999933,134.36999999999935,134.1299999999993,134.27999999999932,362
2026-06-01T17:40:00+00:00,134.27999999999932,134.4699999999993,134.12999999999928,134.1999999999993,411
2026-06-01T17:45:00+00:00,134.1999999999993,134.38999999999933,134.04999999999933,134.28999999999934,321
2026-06-01T17:50:00+00:00,134.28999999999934,134.48999999999938,134.15999999999934,134.42999999999935,359
2026-06-01T17:55:00+00:00,134.42999999999935,134.64999999999938,134.40999999999934,134.59999999999937,247
2026-06-01T18:00:00+00:00,134.59999999999937,134.68999999999937,134.55999999999938,134.64999999999938,164
2026-06-01T18:05:00+00:00,134.64999999999938,134.70999999999938,134.55999999999938,134.67999999999938,206
2026-06-01T18:10:00+00:00,134.67999999999938,134.8299999999994,134.67999999999938,134.78999999999937,123
2026-06-01T18:15:00+00:00,134.78999999999937,135.01999999999938,134.71999999999937,134.94999999999936,180
2026-06-01T18:20:00+00:00,134.94999999999936,134.95999999999938,134.84999999999937,134.8899999999994,133
2026-06-01T18:25:00+00:00,134.8899999999994,134.9199999999994,134.78999999999937,134.8299999999994,113
2026-06-01T18:30:00+00:00,134.8299999999994,134.83999999999938,134.58999999999938,134.64999999999938,200
2026-06-01T18:35:00+00:00,134.64999999999938,134.87999999999937,134.64999999999938,134.8599999999994,151
2026-06-01T18:40:00+00:00,134.8599999999994,134.9199999999994,134.77999999999938,134.86999999999938,140
2026-06-01T18:45:00+00:00,134.86999999999938,134.92999999999938,134.77999999999938,134.90999999999937,177
2026-06-01T18:50:00+00:00,134.90999999999937,134.98999999999938,134.83999999999938,134.9199999999994,160
2026-06-01T18:55:00+00:00,134.9199999999994,134.95999999999938,134.7999999999994,134.7999999999994,162
2026-06-01T19:00:00+00:00,134.7999999999994,134.8899999999994,134.75999999999937,134.7999999999994,210
2026-06-01T19:05:00+00:00,134.7999999999994,134.81999999999937,134.64999999999938,134.78999999999937,258
2026-06-01T19:10:00+00:00,134.78999999999937,134.7999999999994,134.6099999999994,134.62999999999937,240
2026-06-01T19:15:00+00:00,134.62999999999937,134.80999999999938,134.62999999999937,134.77999999999938,142
2026-06-01T19:20:00+00:00,134.77999999999938,134.9199999999994,134.76999999999938,134.89999999999938,269
2026-06-01T19:25:00+00:00,134.89999999999938,134.96999999999937,134.80999999999938,134.87999999999937,282
2026-06-01T19:30:00+00:00,134.87999999999937,135.08999999999938,134.8599999999994,135.03999999999937,206
2026-06-01T19:35:00+00:00,135.03999999999937,135.23999999999938,134.99999999999937,135.19999999999936,249
2026-06-01T19:40:00+00:00,135.19999999999936,135.24999999999937,135.03999999999937,135.0799999999994,251
2026-06-01T19:45:00+00:00,135.0799999999994,135.33999999999938,135.05999999999938,135.2999999999994,242
2026-06-01T19:50:00+00:00,135.2999999999994,135.40999999999937,134.92999999999938,135.01999999999938,446
2026-06-01T19:55:00+00:00,135.01999999999938,135.51999999999938,135.01999999999938,135.37999999999937,498
2026-06-02T13:30:00+00:00,135.37999999999937,136.67999999999938,134.77999999999938,136.6099999999994,273
2026-06-02T13:35:00+00:00,136.6099999999994,137.75999999999937,136.4199999999994,137.33999999999938,296
2026-06-02T13:40:00+00:00,137.33999999999938,138.03999999999937,137.22999999999936,137.75999999999937,244
2026-06-02T13:45:00+00:00,137.75999999999937,138.50999999999937,137.6399999999994,137.97999999999936,509
2026-06-02T13:50:00+00:00,137.97999999999936,138.0499999999994,137.51999999999938,137.67999999999938,569
2026-06-02T13:55:00+00:00,137.67999999999938,137.90999999999937,137.20999999999938,137.40999999999937,412
2026-06-02T14:00:00+00:00,137.40999999999937,137.46999999999937,136.72999999999936,136.8899999999994,517
2026-06-02T14:05:00+00:00,136.8899999999994,136.95999999999938,136.46999999999937,136.62999999999937,457
2026-06-02T14:10:00+00:00,136.62999999999937,136.76999999999938,136.24999999999937,136.24999999999937,523
2026-06-02T14:15:00+00:00,136.24999999999937,136.26999999999938,135.52999999999938,135.5499999999994,635
2026-06-02T14:20:00+00:00,135.5499999999994,136.03999999999937,135.52999999999938,135.93999999999937,615
2026-06-02T14:25:00+00:00,135.93999999999937,136.23999999999938,135.8899999999994,136.03999999999937,585
2026-06-02T14:30:00+00:00,136.03999999999937,136.8599999999994,136.01999999999938,136.8299999999994,563
2026-06-02T14:35:00+00:00,136.8299999999994,137.27999999999938,136.6699999999994,137.09999999999937,682
2026-06-02T14:40:00+00:00,137.09999999999937,137.18999999999937,136.73999999999938,137.02999999999938,502
2026-06-02T14:45:00+00:00,137.02999999999938,137.84999999999937,136.95999999999938,137.74999999999937,561
2026-06-02T14:50:00+00:00,137.74999999999937,138.03999999999937,137.61999999999938,137.78999999999937,525
2026-06-02T14:55:00+00:00,137.78999999999937,138.3599999999994,137.78999999999937,138.28999999999937,597
2026-06-02T15:00:00+00:00,138.28999999999937,138.84999999999937,138.21999999999937,138.74999999999937,611
2026-06-02T15:05:00+00:00,138.74999999999937,138.8899999999994,138.62999999999937,138.78999999999937,540
2026-06-02T15:10:00+00:00,138.78999999999937,138.89999999999938,138.2999999999994,138.43999999999937,504
2026-06-02T15:15:00+00:00,138.43999999999937,138.48999999999938,138.27999999999938,138.46999999999937,544
2026-06-02T15:20:00+00:00,138.46999999999937,138.6699999999994,138.39999999999938,138.39999999999938,352
2026-06-02T15:25:00+00:00,138.39999999999938,138.5499999999994,138.31999999999937,138.37999999999937,424
2026-06-02T15:30:00+00:00,138.37999999999937,138.59999999999937,138.34999999999937,138.34999999999937,426
2026-06-02T15:35:00+00:00,138.34999999999937,138.40999999999937,138.06999999999937,138.12999999999937,351
2026-06-02T15:40:00+00:00,138.12999999999937,138.30999999999938,138.01999999999938,138.18999999999937,403
2026-06-02T15:45:00+00:00,138.18999999999937,138.37999999999937,138.08999999999938,138.26999999999938,382
2026-06-02T15:50:00+00:00,138.26999999999938,138.31999999999937,137.86999999999938,137.98999999999938,304
2026-06-02T15:55:00+00:00,137.98999999999938,138.05999999999938,137.8299999999994,137.92999999999938,358
2026-06-02T16:00:00+00:00,137.92999999999938,137.95999999999938,137.68999999999937,137.81999999999937,409
2026-06-02T16:05:00+00:00,137.81999999999937,137.8299999999994,137.5499999999994,137.61999999999938,342
2026-06-02T16:10:00+00:00,137.61999999999938,137.77999999999938,137.52999999999938,137.53999999999937,334
2026-06-02T16:15:00+00:00,137.53999999999937,137.69999999999936,137.44999999999936,137.53999999999937,322
2026-06-02T16:20:00+00:00,137.53999999999937,137.62999999999937,137.46999999999937,137.53999999999937,284
2026-06-02T16:25:00+00:00,137.53999999999937,137.6099999999994,137.26999999999938,137.2999999999994,227
2026-06-02T16:30:00+00:00,137.2999999999994,137.46999999999937,137.26999999999938,137.37999999999937,331
2026-06-02T16:35:00+00:00,137.37999999999937,137.6399999999994,137.3599999999994,137.52999999999938,299
2026-06-02T16:40:00+00:00,137.52999999999938,137.52999999999938,137.27999999999938,137.3899999999994,244
2026-06-02T16:45:00+00:00,137.3899999999994,137.44999999999936,137.27999999999938,137.40999999999937,237
2026-06-02T16:50:00+00:00,137.40999999999937,137.52999999999938,137.23999999999938,137.28999999999937,237
2026-06-02T16:55:00+00:00,137.28999999999937,137.56999999999937,137.27999999999938,137.46999999999937,252
2026-06-02T17:00:00+00:00,137.46999999999937,137.73999999999938,137.46999999999937,137.61999999999938,296
2026-06-02T17:05:00+00:00,137.61999999999938,137.74999999999937,137.51999999999938,137.5799999999994,222
2026-06-02T17:10:00+00:00,137.5799999999994,137.58999999999938,137.36999999999938,137.40999999999937,218
2026-06-02T17:15:00+00:00,137.40999999999937,137.49999999999937,137.26999999999938,137.33999999999938,180
2026-06-02T17:20:00+00:00,137.33999999999938,137.44999999999936,137.25999999999937,137.33999999999938,252
2026-06-02T17:25:00+00:00,137.33999999999938,137.40999999999937,137.25999999999937,137.28999999999937,142
2026-06-02T17:30:00+00:00,137.28999999999937,137.52999999999938,137.28999999999937,137.49999999999937,162
2026-06-02T17:35:00+00:00,137.49999999999937,137.62999999999937,137.42999999999938,137.58999999999938,163
2026-06-02T17:40:00+00:00,137.58999999999938,137.65999999999937,137.51999999999938,137.55999999999938,145
2026-06-02T17:45:00+00:00,137.55999999999938,137.61999999999938,137.42999999999938,137.52999999999938,154
2026-06-02T17:50:00+00:00,137.52999999999938,137.55999999999938,137.44999999999936,137.53999999999937,129
2026-06-02T17:55:00+00:00,137.53999999999937,137.53999999999937,137.39999999999938,137.43999999999937,100
2026-06-02T18:00:00+00:00,137.43999999999937,137.58999999999938,137.40999999999937,137.5499999999994,162
2026-06-02T18:05:00+00:00,137.5499999999994,137.68999999999937,137.48999999999938,137.67999999999938,114
2026-06-02T18:10:00+00:00,137.67999999999938,137.71999999999937,137.61999999999938,137.65999999999937,177
2026-06-02T18:15:00+00:00,137.65999999999937,137.78999999999937,137.64999999999938,137.76999999999938,134
2026-06-02T18:20:00+00:00,137.76999999999938,137.83999999999938,137.64999999999938,137.77999999999938,168
2026-06-02T18:25:00+00:00,137.77999999999938,137.92999999999938,137.73999999999938,137.8599999999994,184
2026-06-02T18:30:00+00:00,137.8599999999994,138.05999999999938,137.81999999999937,137.97999999999936,260
2026-06-02T18:35:00+00:00,137.97999999999936,138.02999999999938,137.83999999999938,137.8599999999994,145
2026-06-02T18:40:00+00:00,137.8599999999994,137.95999999999938,137.72999999999936,137.75999999999937,141
2026-06-02T18:45:00+00:00,137.75999999999937,137.84999999999937,137.61999999999938,137.76999999999938,209
2026-06-02T18:50:00+00:00,137.76999999999938,137.8599999999994,137.74999999999937,137.80999999999938,135
2026-06-02T18:55:00+00:00,137.80999999999938,137.87999999999937,137.72999999999936,137.72999999999936,242
2026-06-02T19:00:00+00:00,137.72999999999936,137.77999999999938,137.43999999999937,137.45999999999938,270
2026-06-02T19:05:00+00:00,137.45999999999938,137.61999999999938,137.43999999999937,137.6099999999994,264
2026-06-02T19:10:00+00:00,137.6099999999994,137.6699999999994,137.37999999999937,137.49999999999937,210
2026-06-02T19:15:00+00:00,137.49999999999937,137.8599999999994,137.48999999999938,137.80999999999938,228
2026-06-02T19:20:00+00:00,137.80999999999938,137.86999999999938,137.73999999999938,137.83999999999938,209
2026-06-02T19:25:00+00:00,137.83999999999938,137.95999999999938,137.77999999999938,137.80999999999938,140
2026-06-02T19:30:00+00:00,137.80999999999938,138.06999999999937,137.77999999999938,138.00999999999937,233
2026-06-02T19:35:00+00:00,138.00999999999937,138.00999999999937,137.7999999999994,137.8599999999994,240
2026-06-02T19:40:00+00:00,137.8599999999994,137.9199999999994,137.71999999999937,137.89999999999938,238
2026-06-02T19:45:00+00:00,137.89999999999938,137.93999999999937,137.6099999999994,137.61999999999938,252
2026-06-02T19:50:00+00:00,137.61999999999938,138.14999999999938,137.6099999999994,138.0799999999994,337
2026-06-02T19:55:00+00:00,138.0799999999994,138.0799999999994,137.65999999999937,137.80999999999938,446
2026-06-03T13:30:00+00:00,137.80999999999938,137.8299999999994,136.05999999999938,137.70999999999938,251
2026-06-03T13:35:00+00:00,137.70999999999938,137.94999999999936,136.43999999999937,136.65999999999937,388
2026-06-03T13:40:00+00:00,136.65999999999937,136.8599999999994,136.23999999999938,136.72999999999936,325
2026-06-03T13:45:00+00:00,136.72999999999936,137.06999999999937,136.23999999999938,136.23999999999938,467
2026-06-03T13:50:00+00:00,136.23999999999938,136.65999999999937,136.17999999999938,136.45999999999938,470
2026-06-03T13:55:00+00:00,136.45999999999938,136.7999999999994,136.3599999999994,136.48999999999938,532
2026-06-03T14:00:00+00:00,136.48999999999938,136.74999999999937,136.43999999999937,136.55999999999938,554
2026-06-03T14:05:00+00:00,136.55999999999938,136.75999999999937,136.49999999999937,136.61999999999938,564
2026-06-03T14:10:00+00:00,136.61999999999938,136.72999999999936,135.6699999999994,135.74999999999937,620
2026-06-03T14:15:00+00:00,135.74999999999937,135.77999999999938,134.74999999999937,134.86999999999938,710
2026-06-03T14:20:00+00:00,134.86999999999938,135.0499999999994,134.68999999999937,134.99999999999937,679
2026-06-03T14:25:00+00:00,134.99999999999937,135.4199999999994,134.96999999999937,135.36999999999938,492
2026-06-03T14:30:00+00:00,135.36999999999938,135.7999999999994,135.3299999999994,135.46999999999937,639
2026-06-03T14:35:00+00:00,135.46999999999937,135.65999999999937,135.28999999999937,135.49999999999937,519
2026-06-03T14:40:00+00:00,135.49999999999937,135.50999999999937,135.02999999999938,135.17999999999938,506
2026-06-03T14:45:00+00:00,135.17999999999938,135.27999999999938,135.08999999999938,135.21999999999937,438
2026-06-03T14:50:00+00:00,135.21999999999937,135.45999999999938,135.14999999999938,135.24999999999937,496
2026-06-03T14:55:00+00:00,135.24999999999937,135.50999999999937,135.23999999999938,135.44999999999936,420.3042291950887
2026-06-03T15:00:00+00:00,135.44999999999936,135.61999999999938,135.24999999999937,135.52999999999938,556
2026-06-03T15:05:00+00:00,135.52999999999938,135.62999999999937,135.21999999999937,135.22999999999936,490
2026-06-03T15:10:00+00:00,135.22999999999936,135.43999999999937,135.19999999999936,135.31999999999937,390
2026-06-03T15:15:00+00:00,135.31999999999937,135.64999999999938,135.26999999999936,135.50999999999937,374
2026-06-03T15:20:00+00:00,135.50999999999937,135.55999999999938,135.35999999999936,135.48999999999936,421
2026-06-03T15:25:00+00:00,135.48999999999936,135.74999999999937,135.42999999999935,135.52999999999938,490
2026-06-03T15:30:00+00:00,135.52999999999938,135.70999999999935,135.32999999999936,135.54999999999936,666
2026-06-03T15:35:00+00:00,135.54999999999936,135.57999999999936,135.27999999999938,135.53999999999937,449
2026-06-03T15:40:00+00:00,135.53999999999937,135.65999999999937,135.46999999999937,135.52999999999938,480
2026-06-03T15:45:00+00:00,135.52999999999938,135.80999999999938,135.48999999999936,135.73999999999936,437
2026-06-03T15:50:00+00:00,135.73999999999936,135.78999999999937,135.58999999999938,135.76999999999936,455
2026-06-03T15:55:00+00:00,135.76999999999936,135.86999999999938,135.72999999999936,135.76999999999936,384
2026-06-03T16:00:00+00:00,135.76999999999936,136.03999999999937,135.73999999999936,136.03999999999937,343
2026-06-03T16:05:00+00:00,136.03999999999937,136.16999999999936,135.96999999999937,135.98999999999936,327
2026-06-03T16:10:00+00:00,135.98999999999936,135.98999999999936,135.79999999999936,135.95999999999935,327
2026-06-03T16:15:00+00:00,135.95999999999935,136.36999999999938,135.93999999999937,136.27999999999938,457
2026-06-03T16:20:00+00:00,136.27999999999938,136.37999999999937,136.16999999999936,136.17999999999935,410
2026-06-03T16:25:00+00:00,136.17999999999935,136.44999999999936,136.13999999999936,136.41999999999936,335
2026-06-03T16:30:00+00:00,136.41999999999936,136.51999999999936,136.22999999999936,136.34999999999937,317
2026-06-03T16:35:00+00:00,136.34999999999937,136.43999999999937,136.28999999999937,136.36999999999938,245
2026-06-03T16:40:00+00:00,136.36999999999938,136.45999999999935,136.27999999999938,136.40999999999937,275
2026-06-03T16:45:00+00:00,136.40999999999937,136.43999999999937,136.24999999999937,136.32999999999936,240
2026-06-03T16:50:00+00:00,136.32999999999936,136.35999999999936,136.12999999999937,136.21999999999937,215
2026-06-03T16:55:00+00:00,136.21999999999937,136.40999999999937,136.13999999999936,136.27999999999938,258
2026-06-03T17:00:00+00:00,136.27999999999938,136.56999999999937,136.27999999999938,136.47999999999936,324
2026-06-03T17:05:00+00:00,136.47999999999936,136.58999999999938,136.39999999999938,136.44999999999936,330
2026-06-03T17:10:00+00:00,136.44999999999936,136.48999999999936,136.27999999999938,136.37999999999937,208
2026-06-03T17:15:00+00:00,136.37999999999937,136.43999999999937,136.28999999999937,136.43999999999937,248
2026-06-03T17:20:00+00:00,136.43999999999937,136.53999999999937,136.37999999999937,136.48999999999936,188
2026-06-03T17:25:00+00:00,136.48999999999936,136.50999999999937,136.37999999999937,136.41999999999936,133
2026-06-03T17:30:00+00:00,136.41999999999936,136.74999999999937,136.33999999999938,136.70999999999935,222
2026-06-03T17:35:00+00:00,136.70999999999935,136.80999999999938,136.67999999999935,136.69999999999936,208
2026-06-03T17:40:00+00:00,136.69999999999936,136.82999999999936,136.65999999999937,136.70999999999935,213
2026-06-03T17:45:00+00:00,136.70999999999935,136.71999999999937,136.58999999999938,136.61999999999938,142
2026-06-03T17:50:00+00:00,136.61999999999938,136.79999999999936,136.58999999999938,136.79999999999936,182
2026-06-03T17:55:00+00:00,136.79999999999936,136.85999999999936,136.70999999999935,136.79999999999936,178
2026-06-03T18:00:00+00:00,136.79999999999936,136.82999999999936,136.72999999999936,136.79999999999936,224
2026-06-03T18:05:00+00:00,136.79999999999936,136.83999999999938,136.61999999999938,136.75999999999937,308
2026-06-03T18:10:00+00:00,136.75999999999937,136.95999999999935,136.75999999999937,136.89999999999938,174
2026-06-03T18:15:00+00:00,136.89999999999938,136.95999999999935,136.84999999999937,136.89999999999938,150
2026-06-03T18:20:00+00:00,136.89999999999938,136.95999999999935,136.82999999999936,136.90999999999937,134
2026-06-03T18:25:00+00:00,136.90999999999937,137.03999999999937,136.88999999999936,136.99999999999937,157
2026-06-03T18:30:00+00:00,136.99999999999937,137.08999999999938,136.83999999999938,136.90999999999937,316
2026-06-03T18:35:00+00:00,136.90999999999937,136.96999999999937,136.82999999999936,136.88999999999936,213
2026-06-03T18:40:00+00:00,136.88999999999936,137.00999999999937,136.85999999999936,136.92999999999935,148
2026-06-03T18:45:00+00:00,136.92999999999935,136.92999999999935,136.63999999999936,136.70999999999935,211
2026-06-03T18:50:00+00:00,136.70999999999935,136.76999999999936,136.58999999999938,136.66999999999936,156
2026-06-03T18:55:00+00:00,136.66999999999936,136.71999999999937,136.61999999999938,136.66999999999936,177
2026-06-03T19:00:00+00:00,136.66999999999936,136.70999999999935,136.35999999999936,136.45999999999935,237
2026-06-03T19:05:00+00:00,136.45999999999935,136.53999999999937,136.40999999999937,136.44999999999936,205
2026-06-03T19:10:00+00:00,136.44999999999936,136.55999999999938,136.41999999999936,136.47999999999936,156
2026-06-03T19:15:00+00:00,136.47999999999936,136.62999999999937,136.46999999999937,136.58999999999938,183
2026-06-03T19:20:00+00:00,136.58999999999938,136.70999999999935,136.50999999999937,136.51999999999936,171
2026-06-03T19:25:00+00:00,136.51999999999936,136.55999999999938,136.45999999999935,136.50999999999937,177
2026-06-03T19:30:00+00:00,136.50999999999937,136.58999999999938,136.15999999999937,136.29999999999936,438
2026-06-03T19:35:00+00:00,136.29999999999936,136.38999999999936,136.18999999999937,136.35999999999936,248
2026-06-03T19:40:00+00:00,136.35999999999936,136.38999999999936,136.10999999999936,136.11999999999938,352
2026-06-03T19:45:00+00:00,136.11999999999938,136.22999999999936,135.87999999999937,136.15999999999937,311
2026-06-03T19:50:00+00:00,136.15999999999937,136.27999999999938,135.87999999999937,136.27999999999938,393
2026-06-03T19:55:00+00:00,136.27999999999938,136.73999999999936,136.13999999999936,136.43999999999937,771
2026-06-04T13:30:00+00:00,136.43999999999937,138.63999999999936,136.39999999999938,138.63999999999936,203
2026-06-04T13:35:00+00:00,138.63999999999936,138.89999999999938,138.10999999999936,138.62999999999937,394
2026-06-04T13:40:00+00:00,138.62999999999937,138.97999999999936,138.50999999999937,138.72999999999936,360
2026-06-04T13:45:00+00:00,138.72999999999936,139.38999999999936,138.72999999999936,139.07999999999936,453
2026-06-04T13:50:00+00:00,139.07999999999936,139.20999999999935,138.92999999999935,139.20999999999935,445
2026-06-04T13:55:00+00:00,139.20999999999935,139.42999999999935,139.06999999999937,139.25999999999937,478
2026-06-04T14:00:00+00:00,139.25999999999937,139.49999999999937,138.91999999999936,139.06999999999937,541
2026-06-04T14:05:00+00:00,139.06999999999937,139.39999999999938,138.93999999999937,139.14999999999938,522
2026-06-04T14:10:00+00:00,139.14999999999938,139.20999999999935,138.72999999999936,138.72999999999936,603
2026-06-04T14:15:00+00:00,138.72999999999936,139.21999999999937,138.57999999999936,139.21999999999937,540
2026-06-04T14:20:00+00:00,139.21999999999937,139.78999999999937,139.15999999999937,139.78999999999937,433
2026-06-04T14:25:00+00:00,139.78999999999937,139.82999999999936,139.10999999999936,139.25999999999937,574
2026-06-04T14:30:00+00:00,139.25999999999937,139.45999999999935,139.06999999999937,139.10999999999936,587
2026-06-04T14:35:00+00:00,139.10999999999936,139.29999999999936,139.07999999999936,139.25999999999937,374
2026-06-04T14:40:00+00:00,139.25999999999937,139.36999999999938,139.08999999999938,139.30999999999938,296
2026-06-04T14:45:00+00:00,139.30999999999938,139.70999999999935,139.23999999999936,139.62999999999937,392
2026-06-04T14:50:00+00:00,139.62999999999937,139.82999999999936,139.59999999999937,139.75999999999937,315
2026-06-04T14:55:00+00:00,139.75999999999937,139.96999999999937,139.71999999999937,139.92999999999935,248
2026-06-04T15:00:00+00:00,139.92999999999935,140.10999999999936,139.83999999999938,140.04999999999936,284
2026-06-04T15:05:00+00:00,140.04999999999936,140.19999999999936,139.98999999999936,140.10999999999936,226
2026-06-04T15:10:00+00:00,140.10999999999936,140.32999999999936,140.08999999999938,140.20999999999935,311
2026-06-04T15:15:00+00:00,140.20999999999935,140.47999999999936,140.18999999999937,140.45999999999935,242
2026-06-04T15:20:00+00:00,140.45999999999935,140.78999999999937,140.42999999999935,140.76999999999936,314
2026-06-04T15:25:00+00:00,140.76999999999936,141.01999999999936,140.67999999999935,140.95999999999935,421
2026-06-04T15:30:00+00:00,140.95999999999935,141.02999999999938,140.68999999999937,140.82999999999936,422
2026-06-04T15:35:00+00:00,140.82999999999936,141.02999999999938,140.76999999999936,140.82999999999936,276
2026-06-04T15:40:00+00:00,140.82999999999936,140.82999999999936,140.42999999999935,140.54999999999936,325
2026-06-04T15:45:00+00:00,140.54999999999936,140.64999999999938,140.46999999999937,140.58999999999938,242
2026-06-04T15:50:00+00:00,140.58999999999938,140.73999999999936,140.52999999999938,140.67999999999935,264
2026-06-04T15:55:00+00:00,140.67999999999935,140.85999999999936,140.61999999999938,140.77999999999938,196
2026-06-04T16:00:00+00:00,140.77999999999938,140.83999999999938,140.64999999999938,140.68999999999937,290
2026-06-04T16:05:00+00:00,140.68999999999937,140.79999999999936,140.58999999999938,140.74999999999937,219
2026-06-04T16:10:00+00:00,140.74999999999937,140.76999999999936,140.66999999999936,140.71999999999937,211
2026-06-04T16:15:00+00:00,140.71999999999937,140.81999999999937,140.71999999999937,140.77999999999938,119
2026-06-04T16:20:00+00:00,140.77999999999938,140.86999999999938,140.74999999999937,140.78999999999937,192
2026-06-04T16:25:00+00:00,140.78999999999937,140.91999999999936,140.68999999999937,140.88999999999936,199
2026-06-04T16:30:00+00:00,140.88999999999936,141.11999999999938,140.85999999999936,141.08999999999938,227
2026-06-04T16:35:00+00:00,141.08999999999938,141.61999999999938,141.08999999999938,141.60999999999936,220
2026-06-04T16:40:00+00:00,141.60999999999936,141.72999999999936,141.45999999999935,141.62999999999937,189
2026-06-04T16:45:00+00:00,141.62999999999937,141.82999999999936,141.61999999999938,141.80999999999938,210
2026-06-04T16:50:00+00:00,141.80999999999938,141.92999999999935,141.70999999999935,141.85999999999936,285
2026-06-04T16:55:00+00:00,141.85999999999936,142.08999999999938,141.83999999999938,141.90999999999937,254
2026-06-04T17:00:00+00:00,141.90999999999937,142.02999999999938,141.78999999999937,141.80999999999938,211
2026-06-04T17:05:00+00:00,141.80999999999938,141.90999999999937,141.58999999999938,141.60999999999936,304
2026-06-04T17:10:00+00:00,141.60999999999936,141.60999999999936,141.43999999999937,141.44999999999936,188
2026-06-04T17:15:00+00:00,141.44999999999936,141.47999999999936,141.26999999999936,141.27999999999938,280
2026-06-04T17:20:00+00:00,141.27999999999938,141.29999999999936,141.13999999999936,141.25999999999937,170
2026-06-04T17:25:00+00:00,141.25999999999937,141.38999999999936,141.14999999999938,141.16999999999936,201
2026-06-04T17:30:00+00:00,141.16999999999936,141.18999999999937,140.74999999999937,140.93999999999937,403
2026-06-04T17:35:00+00:00,140.93999999999937,141.12999999999937,140.86999999999938,141.10999999999936,243
2026-06-04T17:40:00+00:00,141.10999999999936,141.10999999999936,140.90999999999937,140.95999999999935,226
2026-06-04T17:45:00+00:00,140.95999999999935,141.10999999999936,140.79999999999936,141.07999999999936,190
2026-06-04T17:50:00+00:00,141.07999999999936,141.14999999999938,140.98999999999936,141.05999999999938,226
2026-06-04T17:55:00+00:00,141.05999999999938,141.35999999999936,141.05999999999938,141.29999999999936,174
2026-06-04T18:00:00+00:00,141.29999999999936,141.34999999999937,141.15999999999937,141.22999999999936,231
2026-06-04T18:05:00+00:00,141.22999999999936,141.23999999999936,141.00999999999937,141.05999999999938,258
2026-06-04T18:10:00+00:00,141.05999999999938,141.18999999999937,141.00999999999937,141.09999999999937,226
2026-06-04T18:15:00+00:00,141.09999999999937,141.14999999999938,140.99999999999937,141.08999999999938,155
2026-06-04T18:20:00+00:00,141.08999999999938,141.17999999999935,141.05999999999938,141.13999999999936,196
2026-06-04T18:25:00+00:00,141.13999999999936,141.17999999999935,140.91999999999936,141.03999999999937,161
2026-06-04T18:30:00+00:00,141.03999999999937,141.21999999999937,140.95999999999935,141.18999999999937,230
2026-06-04T18:35:00+00:00,141.18999999999937,141.21999999999937,141.08999999999938,141.10999999999936,191
2026-06-04T18:40:00+00:00,141.10999999999936,141.10999999999936,140.96999999999937,140.97999999999936,187
2026-06-04T18:45:00+00:00,140.97999999999936,141.15999999999937,140.92999999999935,141.02999999999938,194
2026-06-04T18:50:00+00:00,141.02999999999938,141.22999999999936,141.02999999999938,141.20999999999935,143
2026-06-04T18:55:00+00:00,141.20999999999935,141.30999999999938,141.18999999999937,141.21999999999937,161
2026-06-04T19:00:00+00:00,141.21999999999937,141.32999999999936,141.20999999999935,141.22999999999936,189
2026-06-04T19:05:00+00:00,141.22999999999936,141.55999999999938,141.17999999999935,141.49999999999937,153
2026-06-04T19:10:00+00:00,141.49999999999937,141.54999999999936,141.37999999999937,141.42999999999935,192
2026-06-04T19:15:00+00:00,141.42999999999935,141.48999999999936,141.38999999999936,141.47999999999936,131
2026-06-04T19:20:00+00:00,141.47999999999936,141.48999999999936,141.36999999999938,141.46999999999937,170
2026-06-04T19:25:00+00:00,141.46999999999937,141.56999999999937,141.44999999999936,141.54999999999936,143
2026-06-04T19:30:00+00:00,141.54999999999936,141.67999999999935,141.46999999999937,141.63999999999936,247
2026-06-04T19:35:00+00:00,141.63999999999936,141.63999999999936,141.21999999999937,141.27999999999938,251
2026-06-04T19:40:00+00:00,141.27999999999938,141.36999999999938,141.19999999999936,141.31999999999937,247
2026-06-04T19:45:00+00:00,141.31999999999937,141.60999999999936,141.09999999999937,141.60999999999936,302
2026-06-04T19:50:00+00:00,141.60999999999936,141.79999999999936,141.44999999999936,141.47999999999936,475
2026-06-04T19:55:00+00:00,141.47999999999936,141.58999999999938,141.13999999999936,141.56999999999937,606
2026-06-05T13:30:00+00:00,141.56999999999937,142.05999999999938,140.41999999999936,140.44999999999936,161
2026-06-05T13:35:00+00:00,140.44999999999936,140.85999999999936,139.54999999999936,139.58999999999938,309
2026-06-05T13:40:00+00:00,139.58999999999938,139.71999999999937,138.97999999999936,139.00999999999937,245
2026-06-05T13:45:00+00:00,139.00999999999937,139.63999999999936,138.99999999999937,139.29999999999936,302
2026-06-05T13:50:00+00:00,139.29999999999936,140.04999999999936,139.13999999999936,139.87999999999937,352
2026-06-05T13:55:00+00:00,139.87999999999937,140.07999999999936,139.41999999999936,139.79999999999936,300
2026-06-05T14:00:00+00:00,139.79999999999936,140.51999999999933,139.71999999999935,140.40999999999934,371.40366242038215
2026-06-05T14:05:00+00:00,140.40999999999934,140.71999999999932,140.2699999999993,140.5299999999993,329.12487428225984
2026-06-05T14:10:00+00:00,140.5299999999993,140.5599999999993,140.1899999999993,140.2199999999993,371.3622017079803
2026-06-05T14:15:00+00:00,140.2199999999993,140.3699999999993,140.10999999999927,140.25999999999928,349.9627070993761
2026-06-05T14:20:00+00:00,140.25999999999928,140.26999999999927,139.48999999999927,139.55999999999926,372.822784830063
2026-06-05T14:25:00+00:00,139.55999999999926,139.64999999999924,139.21999999999926,139.30999999999926,320.53529462382494
2026-06-05T14:30:00+00:00,139.30999999999926,139.80999999999926,139.29999999999927,139.70999999999927,327.2973197893858
2026-06-05T14:35:00+00:00,139.70999999999927,140.19999999999928,139.57999999999927,139.90999999999926,245.61282705741408
2026-06-05T14:40:00+00:00,139.90999999999926,139.99999999999926,139.56999999999925,139.62999999999926,290
2026-06-05T14:45:00+00:00,139.62999999999926,139.75999999999925,139.47999999999925,139.66999999999925,265.1585446797681
2026-06-05T14:50:00+00:00,139.66999999999925,139.95999999999924,139.65999999999923,139.93999999999923,227.29295675413877
2026-06-05T14:55:00+00:00,139.93999999999923,140.06999999999923,139.83999999999924,139.92999999999924,250
2026-06-05T15:00:00+00:00,139.92999999999924,139.93999999999923,139.71999999999923,139.88999999999922,368.4234769687964
2026-06-05T15:05:00+00:00,139.88999999999922,139.91999999999922,139.6299999999992,139.76999999999921,257.22017139892756
2026-06-05T15:10:00+00:00,139.76999999999921,139.8699999999992,139.64999999999924,139.66999999999922,262.5800588178618
2026-06-05T15:15:00+00:00,139.66999999999922,139.83999999999918,139.57999999999922,139.7899999999992,268.16591812206264
2026-06-05T15:20:00+00:00,139.7899999999992,139.7899999999992,139.55999999999923,139.63999999999922,287.69231528047214
2026-06-05T15:25:00+00:00,139.63999999999922,139.63999999999922,139.34999999999923,139.4099999999992,347
2026-06-05T15:30:00+00:00,139.4099999999992,139.44999999999922,139.0599999999992,139.1899999999992,417
2026-06-05T15:35:00+00:00,139.1899999999992,139.1899999999992,138.53999999999922,138.57999999999922,415
2026-06-05T15:40:00+00:00,138.57999999999922,138.6899999999992,138.38999999999922,138.3999999999992,358
2026-06-05T15:45:00+00:00,138.3999999999992,138.4899999999992,138.1899999999992,138.37999999999923,268
2026-06-05T15:50:00+00:00,138.37999999999923,138.51999999999921,138.1899999999992,138.31999999999923,319
2026-06-05T15:55:00+00:00,138.31999999999923,138.4099999999992,138.1599999999992,138.16999999999922,286
2026-06-05T16:00:00+00:00,138.16999999999922,138.29999999999922,138.07999999999922,138.10999999999922,300
2026-06-05T16:05:00+00:00,138.10999999999922,138.12999999999923,137.59999999999923,137.6899999999992,315
2026-06-05T16:10:00+00:00,137.6899999999992,137.79999999999922,137.59999999999923,137.6499999999992,335
2026-06-05T16:15:00+00:00,137.6499999999992,137.7399999999992,137.4699999999992,137.6799999999992,322
2026-06-05T16:20:00+00:00,137.6799999999992,137.82999999999922,137.5299999999992,137.54999999999922,387
2026-06-05T16:25:00+00:00,137.54999999999922,137.6799999999992,137.4999999999992,137.51999999999921,177
2026-06-05T16:30:00+00:00,137.51999999999921,137.60999999999922,137.28999999999922,137.5899999999992,249
2026-06-05T16:35:00+00:00,137.5899999999992,137.87999999999923,137.53999999999922,137.8099999999992,325
2026-06-05T16:40:00+00:00,137.8099999999992,137.8699999999992,137.4599999999992,137.6199999999992,352
2026-06-05T16:45:00+00:00,137.6199999999992,137.9299999999992,137.41999999999922,137.8699999999992,461
2026-06-05T16:50:00+00:00,137.8699999999992,138.22999999999922,137.6799999999992,138.2099999999992,371
2026-06-05T16:55:00+00:00,138.2099999999992,138.29999999999922,137.97999999999922,138.28999999999922,254
2026-06-05T17:00:00+00:00,138.28999999999922,138.29999999999922,137.9099999999992,138.0899999999992,257
2026-06-05T17:05:00+00:00,138.0899999999992,138.1199999999992,137.78999999999922,137.9599999999992,320
2026-06-05T17:10:00+00:00,137.9599999999992,138.03999999999922,137.78999999999922,137.9099999999992,347
2026-06-05T17:15:00+00:00,137.9099999999992,138.01999999999921,137.81999999999923,137.9699999999992,308
2026-06-05T17:20:00+00:00,137.9699999999992,138.12999999999923,137.9099999999992,138.07999999999922,405
2026-06-05T17:25:00+00:00,138.07999999999922,138.1599999999992,137.8399999999992,138.01999999999921,345
2026-06-05T17:30:00+00:00,138.01999999999921,138.09999999999923,137.8999999999992,138.0899999999992,236
2026-06-05T17:35:00+00:00,138.0899999999992,138.3399999999992,138.03999999999922,138.2799999999992,223
2026-06-05T17:40:00+00:00,138.2799999999992,138.37999999999923,137.88999999999922,137.9099999999992,217
2026-06-05T17:45:00+00:00,137.9099999999992,137.9899999999992,137.78999999999922,137.78999999999922,276
2026-06-05T17:50:00+00:00,137.78999999999922,137.9299999999992,137.76999999999921,137.8399999999992,264
2026-06-05T17:55:00+00:00,137.8399999999992,137.97999999999922,137.78999999999922,137.8999999999992,247
2026-06-05T18:00:00+00:00,137.8999999999992,137.97999999999922,137.47999999999922,137.4999999999992,310
2026-06-05T18:05:00+00:00,137.4999999999992,137.5599999999992,137.07999999999922,137.26999999999921,426
2026-06-05T18:10:00+00:00,137.26999999999921,137.4299999999992,137.1599999999992,137.2799999999992,321
2026-06-05T18:15:00+00:00,137.2799999999992,137.5299999999992,137.1599999999992,137.29999999999922,298
2026-06-05T18:20:00+00:00,137.29999999999922,137.54999999999922,137.29999999999922,137.3999999999992,359
2026-06-05T18:25:00+00:00,137.3999999999992,137.4399999999992,137.16999999999922,137.32999999999922,367
2026-06-05T18:30:00+00:00,137.32999999999922,137.84999999999923,137.26999999999921,137.81999999999923,346
2026-06-05T18:35:00+00:00,137.81999999999923,137.9599999999992,137.5899999999992,137.7799999999992,596
2026-06-05T18:40:00+00:00,137.7799999999992,137.81999999999923,137.60999999999922,137.69999999999922,327
2026-06-05T18:45:00+00:00,137.69999999999922,137.69999999999922,137.1899999999992,137.4099999999992,412
2026-06-05T18:50:00+00:00,137.4099999999992,137.44999999999922,137.07999999999922,137.16999999999922,300
2026-06-05T18:55:00+00:00,137.16999999999922,137.59999999999923,137.10999999999922,137.5599999999992,524
2026-06-05T19:00:00+00:00,137.5599999999992,137.78999999999922,137.29999999999922,137.7499999999992,486
2026-06-05T19:05:00+00:00,137.7499999999992,137.85999999999922,137.5599999999992,137.7099999999992,274
2026-06-05T19:10:00+00:00,137.7099999999992,137.7099999999992,137.50999999999922,137.6199999999992,290
2026-06-05T19:15:00+00:00,137.6199999999992,137.6199999999992,137.25999999999922,137.37999999999923,313
2026-06-05T19:20:00+00:00,137.37999999999923,137.6199999999992,137.3099999999992,137.4899999999992,363
2026-06-05T19:25:00+00:00,137.4899999999992,137.69999999999922,137.4899999999992,137.60999999999922,345
2026-06-05T19:30:00+00:00,137.60999999999922,137.79999999999922,137.41999999999922,137.79999999999922,343
2026-06-05T19:35:00+00:00,137.79999999999922,137.9999999999992,137.7199999999992,137.9099999999992,353
2026-06-05T19:40:00+00:00,137.9099999999992,138.07999999999922,137.44999999999922,137.97999999999922,386
2026-06-05T19:45:00+00:00,137.97999999999922,138.28999999999922,137.9299999999992,138.25999999999922,399
2026-06-05T19:50:00+00:00,138.25999999999922,138.6499999999992,137.9599999999992,138.2399999999992,558
2026-06-05T19:55:00+00:00,138.2399999999992,138.62999999999923,137.87999999999923,138.28999999999922,542
2026-06-08T13:30:00+00:00,138.28999999999922,140.63999999999922,138.28999999999922,139.66999999999922,215
2026-06-08T13:35:00+00:00,139.66999999999922,140.19999999999922,139.44999999999922,139.7399999999992,398
2026-06-08T13:40:00+00:00,139.7399999999992,140.29999999999922,139.53999999999922,139.7199999999992,475
2026-06-08T13:45:00+00:00,139.7199999999992,140.1199999999992,139.6199999999992,139.8399999999992,415
2026-06-08T13:50:00+00:00,139.8399999999992,139.9299999999992,139.38999999999922,139.6799999999992,360
2026-06-08T13:55:00+00:00,139.6799999999992,139.85999999999922,138.9399999999992,138.9399999999992,633
2026-06-08T14:00:00+00:00,138.9399999999992,139.8099999999992,138.85999999999922,139.32999999999922,685
2026-06-08T14:05:00+00:00,139.32999999999922,139.7099999999992,139.29999999999922,139.51999999999921,383
2026-06-08T14:10:00+00:00,139.51999999999921,139.5899999999992,139.26999999999921,139.3699999999992,414
2026-06-08T14:15:00+00:00,139.3699999999992,139.50999999999922,139.22999999999922,139.44999999999922,544
2026-06-08T14:20:00+00:00,139.44999999999922,139.51999999999921,138.9999999999992,139.1199999999992,603
2026-06-08T14:25:00+00:00,139.1199999999992,139.4299999999992,139.10999999999922,139.25999999999922,596
2026-06-08T14:30:00+00:00,139.25999999999922,139.6499999999992,139.2399999999992,139.60999999999922,487
2026-06-08T14:35:00+00:00,139.60999999999922,139.8399999999992,139.4999999999992,139.8099999999992,739
2026-06-08T14:40:00+00:00,139.8099999999992,139.9899999999992,139.4999999999992,139.75999999999922,700
2026-06-08T14:45:00+00:00,139.75999999999922,140.0299999999992,139.72999999999922,139.7399999999992,579
2026-06-08T14:50:00+00:00,139.7399999999992,140.06999999999923,139.7099999999992,140.06999999999923,466
2026-06-08T14:55:00+00:00,140.06999999999923,140.31999999999923,139.91999999999922,140.3099999999992,417
2026-06-08T15:00:00+00:00,140.3099999999992,140.4999999999992,140.2099999999992,140.2199999999992,403
2026-06-08T15:05:00+00:00,140.2199999999992,140.56999999999923,140.2099999999992,140.3999999999992,369
2026-06-08T15:10:00+00:00,140.3999999999992,140.4599999999992,140.2099999999992,140.22999999999922,437
2026-06-08T15:15:00+00:00,140.22999999999922,140.35999999999922,140.04999999999922,140.1599999999992,418
2026-06-08T15:20:00+00:00,140.1599999999992,140.28999999999922,140.09999999999923,140.2399999999992,322
2026-06-08T15:25:00+00:00,140.2399999999992,140.25999999999922,139.9899999999992,140.07999999999922,485
2026-06-08T15:30:00+00:00,140.07999999999922,140.1899999999992,139.94999999999922,140.00999999999922,529
2026-06-08T15:35:00+00:00,140.00999999999922,140.38999999999922,139.9899999999992,140.29999999999922,424
2026-06-08T15:40:00+00:00,140.29999999999922,140.4299999999992,140.2799999999992,140.32999999999922,358
2026-06-08T15:45:00+00:00,140.32999999999922,140.51999999999921,140.32999999999922,140.35999999999922,365
2026-06-08T15:50:00+00:00,140.35999999999922,140.56999999999923,140.34999999999923,140.4699999999992,324
2026-06-08T15:55:00+00:00,140.4699999999992,140.4999999999992,140.3699999999992,140.4699999999992,356
2026-06-08T16:00:00+00:00,140.4699999999992,140.75999999999922,140.4099999999992,140.59999999999923,446
2026-06-08T16:05:00+00:00,140.59999999999923,140.72999999999922,140.53999999999922,140.56999999999923,337
2026-06-08T16:10:00+00:00,140.56999999999923,140.66999999999922,140.4899999999992,140.5899999999992,333
2026-06-08T16:15:00+00:00,140.5899999999992,140.7399999999992,140.57999999999922,140.6199999999992,295
2026-06-08T16:20:00+00:00,140.6199999999992,140.7199999999992,140.53999999999922,140.60999999999922,379
2026-06-08T16:25:00+00:00,140.60999999999922,140.76999999999921,140.54999999999922,140.69999999999922,324
2026-06-08T16:30:00+00:00,140.69999999999922,140.7799999999992,140.44999999999922,140.4599999999992,468
2026-06-08T16:35:00+00:00,140.4599999999992,140.51999999999921,140.06999999999923,140.06999999999923,442
2026-06-08T16:40:00+00:00,140.06999999999923,140.59999999999923,140.01999999999921,140.3999999999992,408
2026-06-08T16:45:00+00:00,140.3999999999992,140.60999999999922,140.3999999999992,140.54999999999922,320
2026-06-08T16:50:00+00:00,140.54999999999922,140.6199999999992,140.50999999999922,140.59999999999923,305
2026-06-08T16:55:00+00:00,140.59999999999923,140.60999999999922,140.3699999999992,140.41999999999922,343
2026-06-08T17:00:00+00:00,140.41999999999922,140.41999999999922,139.9899999999992,140.04999999999922,521
2026-06-08T17:05:00+00:00,140.04999999999922,140.2399999999992,139.9399999999992,139.9899999999992,465
2026-06-08T17:10:00+00:00,139.9899999999992,139.9999999999992,139.69999999999922,139.84999999999923,457
2026-06-08T17:15:00+00:00,139.84999999999923,139.9099999999992,139.6899999999992,139.8399999999992,343
2026-06-08T17:20:00+00:00,139.8399999999992,139.97999999999922,139.79999999999922,139.87999999999923,343
2026-06-08T17:25:00+00:00,139.87999999999923,140.2099999999992,139.85999999999922,140.1899999999992,386
2026-06-08T17:30:00+00:00,140.1899999999992,140.2099999999992,139.79999999999922,139.9099999999992,519
2026-06-08T17:35:00+00:00,139.9099999999992,139.9599999999992,139.79999999999922,139.8999999999992,426
2026-06-08T17:40:00+00:00,139.8999999999992,140.0899999999992,139.8699999999992,139.9999999999992,399
2026-06-08T17:45:00+00:00,139.9999999999992,140.1899999999992,139.9899999999992,140.13999999999922,402
2026-06-08T17:50:00+00:00,140.13999999999922,140.1899999999992,139.9599999999992,139.97999999999922,326
2026-06-08T17:55:00+00:00,139.97999999999922,140.0599999999992,139.8399999999992,139.9099999999992,322
2026-06-08T18:00:00+00:00,139.9099999999992,140.06999999999923,139.8999999999992,140.06999999999923,384
2026-06-08T18:05:00+00:00,140.06999999999923,140.2799999999992,140.0599999999992,140.2199999999992,332
2026-06-08T18:10:00+00:00,140.2199999999992,140.2199999999992,139.6599999999992,139.6599999999992,381
2026-06-08T18:15:00+00:00,139.6599999999992,139.8699999999992,139.6599999999992,139.8699999999992,202
2026-06-08T18:20:00+00:00,139.8699999999992,139.9099999999992,139.66999999999922,139.6799999999992,377
2026-06-08T18:25:00+00:00,139.6799999999992,139.7399999999992,139.54999999999922,139.60999999999922,254
2026-06-08T18:30:00+00:00,139.60999999999922,139.72999999999922,139.56999999999923,139.59999999999923,272
2026-06-08T18:35:00+00:00,139.59999999999923,139.6199999999992,139.4299999999992,139.47999999999922,364
2026-06-08T18:40:00+00:00,139.47999999999922,139.69999999999922,139.47999999999922,139.6799999999992,361
2026-06-08T18:45:00+00:00,139.6799999999992,139.8699999999992,139.4899999999992,139.57999999999922,396
2026-06-08T18:50:00+00:00,139.57999999999922,139.7399999999992,139.5599999999992,139.69999999999922,273
2026-06-08T18:55:00+00:00,139.69999999999922,139.72999999999922,139.53999999999922,139.56999999999923,282
2026-06-08T19:00:00+00:00,139.56999999999923,139.75999999999922,139.4999999999992,139.7399999999992,290
2026-06-08T19:05:00+00:00,139.7399999999992,139.8099999999992,139.60999999999922,139.6799999999992,212
2026-06-08T19:10:00+00:00,139.6799999999992,139.6899999999992,139.4099999999992,139.4299999999992,440
2026-06-08T19:15:00+00:00,139.4299999999992,139.5599999999992,139.34999999999923,139.3699999999992,321
2026-06-08T19:20:00+00:00,139.3699999999992,139.4399999999992,139.1199999999992,139.2099999999992,329
2026-06-08T19:25:00+00:00,139.2099999999992,139.3699999999992,139.01999999999921,139.31999999999923,319
2026-06-08T19:30:00+00:00,139.31999999999923,139.37999999999923,139.2099999999992,139.3099999999992,514
2026-06-08T19:35:00+00:00,139.3099999999992,139.34999999999923,139.0899999999992,139.1599999999992,320
2026-06-08T19:40:00+00:00,139.1599999999992,139.2499999999992,139.0299999999992,139.16999999999922,322
2026-06-08T19:45:00+00:00,139.16999999999922,139.35999999999922,139.10999999999922,139.1199999999992,392
2026-06-08T19:50:00+00:00,139.1199999999992,139.25999999999922,138.94999999999922,139.06999999999923,426
2026-06-08T19:55:00+00:00,139.06999999999923,139.38999999999922,138.9999999999992,139.13999999999922,479
2026-06-09T13:30:00+00:00,139.13999999999922,141.75999999999922,139.13999999999922,140.75999999999922,271
2026-06-09T13:35:00+00:00,140.75999999999922,141.1499999999992,140.7099999999992,140.72999999999922,287
2026-06-09T13:40:00+00:00,140.72999999999922,141.3099999999992,140.7099999999992,141.1899999999992,258
2026-06-09T13:45:00+00:00,141.1899999999992,141.34999999999923,140.8099999999992,140.8099999999992,358
2026-06-09T13:50:00+00:00,140.8099999999992,140.94999999999922,140.26999999999921,140.6199999999992,504
2026-06-09T13:55:00+00:00,140.6199999999992,140.91999999999922,140.56999999999923,140.57999999999922,428
2026-06-09T14:00:00+00:00,140.57999999999922,140.6499999999992,140.26999999999921,140.41999999999922,314
2026-06-09T14:05:00+00:00,140.41999999999922,141.10999999999922,140.3999999999992,140.82999999999922,336
2026-06-09T14:10:00+00:00,140.82999999999922,140.88999999999922,140.2199999999992,140.2199999999992,505
2026-06-09T14:15:00+00:00,140.2199999999992,140.25999999999922,139.4599999999992,139.6199999999992,531
2026-06-09T14:20:00+00:00,139.6199999999992,140.3999999999992,139.54999999999922,140.2399999999992,556
2026-06-09T14:25:00+00:00,140.2399999999992,140.4999999999992,140.0599999999992,140.38999999999922,419
2026-06-09T14:30:00+00:00,140.38999999999922,140.62999999999923,140.09999999999923,140.31999999999923,372
2026-06-09T14:35:00+00:00,140.31999999999923,140.31999999999923,139.6899999999992,139.69999999999922,341
2026-06-09T14:40:00+00:00,139.69999999999922,140.26999999999921,139.5299999999992,139.7799999999992,487
2026-06-09T14:45:00+00:00,139.7799999999992,139.84999999999923,138.76999999999921,138.76999999999921,847
2026-06-09T14:50:00+00:00,138.76999999999921,139.60999999999922,138.5899999999992,139.60999999999922,580
2026-06-09T14:55:00+00:00,139.60999999999922,140.1899999999992,139.3399999999992,140.0899999999992,374
2026-06-09T15:00:00+00:00,140.0899999999992,140.2399999999992,139.79999999999922,139.8099999999992,447
2026-06-09T15:05:00+00:00,139.8099999999992,140.1199999999992,139.6899999999992,140.1199999999992,557
2026-06-09T15:10:00+00:00,140.1199999999992,140.16999999999922,139.69999999999922,139.9399999999992,528
2026-06-09T15:15:00+00:00,139.9399999999992,139.9999999999992,139.2799999999992,139.35999999999922,797
2026-06-09T15:20:00+00:00,139.35999999999922,139.4899999999992,138.81999999999923,138.9999999999992,796
2026-06-09T15:25:00+00:00,138.9999999999992,139.0299999999992,138.2099999999992,138.3099999999992,693
2026-06-09T15:30:00+00:00,138.3099999999992,138.63999999999922,138.25999999999922,138.44999999999922,846
2026-06-09T15:35:00+00:00,138.44999999999922,138.7199999999992,138.3999999999992,138.60999999999922,843
2026-06-09T15:40:00+00:00,138.60999999999922,139.09999999999923,138.54999999999922,138.9699999999992,713
2026-06-09T15:45:00+00:00,138.9699999999992,139.10999999999922,138.8999999999992,138.9899999999992,568
2026-06-09T15:50:00+00:00,138.9899999999992,139.22999999999922,138.8999999999992,139.01999999999921,600
2026-06-09T15:55:00+00:00,139.01999999999921,139.0599999999992,138.51999999999921,138.51999999999921,821
2026-06-09T16:00:00+00:00,138.51999999999921,139.0299999999992,138.4699999999992,138.79999999999922,893
2026-06-09T16:05:00+00:00,138.79999999999922,139.0299999999992,138.7099999999992,138.85999999999922,798
2026-06-09T16:10:00+00:00,138.85999999999922,139.03999999999922,138.57999999999922,138.88999999999922,748
2026-06-09T16:15:00+00:00,138.88999999999922,138.9299999999992,138.47999999999922,138.5599999999992,937
2026-06-09T16:20:00+00:00,138.5599999999992,138.88999999999922,138.31999999999923,138.81999999999923,708
2026-06-09T16:25:00+00:00,138.81999999999923,139.13999999999922,138.78999999999922,139.07999999999922,663
2026-06-09T16:30:00+00:00,139.07999999999922,139.34999999999923,138.9099999999992,139.1899999999992,752
2026-06-09T16:35:00+00:00,139.1899999999992,139.4099999999992,137.8999999999992,137.9299999999992,697
2026-06-09T16:40:00+00:00,137.9299999999992,138.2399999999992,137.75999999999922,137.8399999999992,489
2026-06-09T16:45:00+00:00,137.8399999999992,138.41999999999922,137.79999999999922,138.19999999999922,566
2026-06-09T16:50:00+00:00,138.19999999999922,138.57999999999922,138.10999999999922,138.10999999999922,566
2026-06-09T16:55:00+00:00,138.10999999999922,138.4999999999992,138.09999999999923,138.4299999999992,451
2026-06-09T17:00:00+00:00,138.4299999999992,138.9899999999992,138.26999999999921,138.88999999999922,663
2026-06-09T17:05:00+00:00,138.88999999999922,139.2499999999992,138.7099999999992,139.2399999999992,549
2026-06-09T17:10:00+00:00,139.2399999999992,139.31999999999923,138.87999999999923,139.10999999999922,464
2026-06-09T17:15:00+00:00,139.10999999999922,139.59999999999923,139.09999999999923,139.5899999999992,591
2026-06-09T17:20:00+00:00,139.5899999999992,139.97999999999922,139.5299999999992,139.97999999999922,706
2026-06-09T17:25:00+00:00,139.97999999999922,140.07999999999922,139.81999999999923,140.06999999999923,603
2026-06-09T17:30:00+00:00,140.06999999999923,140.28999999999922,139.9299999999992,140.2399999999992,618
2026-06-09T17:35:00+00:00,140.2399999999992,140.53999999999922,140.19999999999922,140.4699999999992,403
2026-06-09T17:40:00+00:00,140.4699999999992,140.9099999999992,140.4599999999992,140.6599999999992,497
2026-06-09T17:45:00+00:00,140.6599999999992,140.7099999999992,140.34999999999923,140.4699999999992,742
2026-06-09T17:50:00+00:00,140.4699999999992,140.82999999999922,140.4699999999992,140.6499999999992,606
2026-06-09T17:55:00+00:00,140.6499999999992,140.72999999999922,140.51999999999921,140.54999999999922,563
2026-06-09T18:00:00+00:00,140.54999999999922,140.7499999999992,140.47999999999922,140.5899999999992,796
2026-06-09T18:05:00+00:00,140.5899999999992,140.6799999999992,140.4999999999992,140.66999999999922,595
2026-06-09T18:10:00+00:00,140.66999999999922,140.6899999999992,140.3399999999992,140.44999999999922,657
2026-06-09T18:15:00+00:00,140.44999999999922,140.62999999999923,140.3099999999992,140.5899999999992,493
2026-06-09T18:20:00+00:00,140.5899999999992,140.69999999999922,140.34999999999923,140.6599999999992,589
2026-06-09T18:25:00+00:00,140.6599999999992,140.7399999999992,140.53999999999922,140.7399999999992,426
2026-06-09T18:30:00+00:00,140.7399999999992,140.9399999999992,140.6199999999992,140.82999999999922,543
2026-06-09T18:35:00+00:00,140.82999999999922,140.9999999999992,140.76999999999921,140.91999999999922,338
2026-06-09T18:40:00+00:00,140.91999999999922,140.9399999999992,140.6599999999992,140.6799999999992,506
2026-06-09T18:45:00+00:00,140.6799999999992,140.84999999999923,140.6799999999992,140.79999999999922,409
2026-06-09T18:50:00+00:00,140.79999999999922,141.03999999999922,140.7399999999992,140.91999999999922,375
2026-06-09T18:55:00+00:00,140.91999999999922,141.12999999999923,140.91999999999922,140.97999999999922,269
2026-06-09T19:00:00+00:00,140.97999999999922,141.09999999999923,140.79999999999922,141.0899999999992,408
2026-06-09T19:05:00+00:00,141.0899999999992,141.1899999999992,140.9999999999992,141.04999999999922,350
2026-06-09T19:10:00+00:00,141.04999999999922,141.12999999999923,140.94999999999922,141.01999999999921,518
2026-06-09T19:15:00+00:00,141.01999999999921,141.03999999999922,140.6199999999992,140.69999999999922,609
2026-06-09T19:20:00+00:00,140.69999999999922,140.8399999999992,140.60999999999922,140.76999999999921,644
2026-06-09T19:25:00+00:00,140.76999999999921,140.8099999999992,140.5899999999992,140.6499999999992,390
2026-06-09T19:30:00+00:00,140.6499999999992,140.79999999999922,140.28999999999922,140.3999999999992,463
2026-06-09T19:35:00+00:00,140.3999999999992,140.4699999999992,140.22999999999922,140.2499999999992,408
2026-06-09T19:40:00+00:00,140.2499999999992,140.38999999999922,140.04999999999922,140.32999999999922,515
2026-06-09T19:45:00+00:00,140.32999999999922,140.53999999999922,140.29999999999922,140.32999999999922,442
2026-06-09T19:50:00+00:00,140.32999999999922,140.6199999999992,140.26999999999921,140.35999999999922,589
2026-06-09T19:55:00+00:00,140.35999999999922,140.7399999999992,140.34999999999923,140.5299999999992,604
2026-06-10T13:30:00+00:00,140.5299999999992,142.9599999999992,138.53999999999922,140.41999999999922,632
2026-06-10T13:35:00+00:00,140.41999999999922,140.8099999999992,139.9299999999992,140.25999999999922,466
2026-06-10T13:40:00+00:00,140.25999999999922,141.01999999999921,140.10999999999922,140.75999999999922,421
2026-06-10T13:45:00+00:00,140.75999999999922,141.34999999999923,140.22999999999922,141.13999999999922,367
2026-06-10T13:50:00+00:00,141.13999999999922,141.25999999999922,140.63999999999922,141.13999999999922,668
2026-06-10T13:55:00+00:00,141.13999999999922,141.29999999999922,140.5299999999992,140.94999999999922,773
2026-06-10T14:00:00+00:00,140.94999999999922,141.29999999999922,140.57999999999922,141.09999999999923,738
2026-06-10T14:05:00+00:00,141.09999999999923,141.2799999999992,140.88999999999922,140.94999999999922,529
2026-06-10T14:10:00+00:00,140.94999999999922,141.12999999999923,140.8399999999992,140.84999999999923,630
2026-06-10T14:15:00+00:00,140.84999999999923,140.85999999999922,139.9299999999992,140.2499999999992,525
2026-06-10T14:20:00+00:00,140.2499999999992,140.8099999999992,139.9599999999992,140.56999999999923,336
2026-06-10T14:25:00+00:00,140.56999999999923,140.9999999999992,140.29999999999922,140.31999999999923,373
2026-06-10T14:30:00+00:00,140.31999999999923,140.54999999999922,140.07999999999922,140.38999999999922,481
2026-06-10T14:35:00+00:00,140.38999999999922,140.53999999999922,139.6499999999992,139.82999999999922,477
2026-06-10T14:40:00+00:00,139.82999999999922,139.8999999999992,139.4299999999992,139.4299999999992,500
2026-06-10T14:45:00+00:00,139.4299999999992,139.4899999999992,139.03999999999922,139.1599999999992,766
2026-06-10T14:50:00+00:00,139.1599999999992,139.2199999999992,138.4899999999992,138.51999999999921,791
2026-06-10T14:55:00+00:00,138.51999999999921,138.97999999999922,138.4999999999992,138.97999999999922,817.5629151291513
2026-06-10T15:00:00+00:00,138.97999999999922,139.65999999999923,138.83999999999924,139.27999999999923,1103
2026-06-10T15:05:00+00:00,139.27999999999923,139.3999999999992,138.91999999999922,138.93999999999923,830
2026-06-10T15:10:00+00:00,138.93999999999923,139.09999999999923,138.54999999999922,138.54999999999922,876
2026-06-10T15:15:00+00:00,138.54999999999922,138.74999999999923,138.4299999999992,138.49999999999923,790
2026-06-10T15:20:00+00:00,138.49999999999923,139.13999999999922,138.4899999999992,139.05999999999923,814
2026-06-10T15:25:00+00:00,139.05999999999923,139.36999999999924,138.99999999999923,139.19999999999922,643
2026-06-10T15:30:00+00:00,139.19999999999922,139.30999999999923,138.83999999999924,138.90999999999923,840
2026-06-10T15:35:00+00:00,138.90999999999923,138.91999999999922,138.59999999999923,138.68999999999923,747
2026-06-10T15:40:00+00:00,138.68999999999923,139.22999999999922,138.66999999999922,139.21999999999923,637
2026-06-10T15:45:00+00:00,139.21999999999923,139.60999999999922,138.53999999999922,138.77999999999923,1032
2026-06-10T15:50:00+00:00,138.77999999999923,139.00999999999922,138.44999999999922,138.87999999999923,978
2026-06-10T15:55:00+00:00,138.87999999999923,139.2099999999992,138.81999999999923,139.07999999999922,527
2026-06-10T16:00:00+00:00,139.07999999999922,139.15999999999923,138.7399999999992,138.88999999999922,706
2026-06-10T16:05:00+00:00,138.88999999999922,139.33999999999924,138.83999999999924,139.12999999999923,604
2026-06-10T16:10:00+00:00,139.12999999999923,139.1499999999992,138.84999999999923,138.9899999999992,577
2026-06-10T16:15:00+00:00,138.9899999999992,139.34999999999923,138.93999999999923,139.18999999999923,499
2026-06-10T16:20:00+00:00,139.18999999999923,139.29999999999922,139.03999999999922,139.13999999999922,390
2026-06-10T16:25:00+00:00,139.13999999999922,139.44999999999922,139.07999999999922,139.40999999999923,406
2026-06-10T16:30:00+00:00,139.40999999999923,139.66999999999922,139.34999999999923,139.60999999999922,425
2026-06-10T16:35:00+00:00,139.60999999999922,140.18999999999923,139.53999999999922,140.04999999999922,742
2026-06-10T16:40:00+00:00,140.04999999999922,140.1499999999992,139.81999999999923,139.8999999999992,659
2026-06-10T16:45:00+00:00,139.8999999999992,140.05999999999923,139.82999999999922,139.94999999999922,735
2026-06-10T16:50:00+00:00,139.94999999999922,140.21999999999923,139.88999999999922,140.05999999999923,745
2026-06-10T16:55:00+00:00,140.05999999999923,140.35999999999922,140.04999999999922,140.29999999999922,510
2026-06-10T17:00:00+00:00,140.29999999999922,140.69999999999922,140.26999999999921,140.6499999999992,589
2026-06-10T17:05:00+00:00,140.6499999999992,140.6799999999992,140.30999999999923,140.35999999999922,682
2026-06-10T17:10:00+00:00,140.35999999999922,140.4299999999992,140.04999999999922,140.11999999999924,739
2026-06-10T17:15:00+00:00,140.11999999999924,140.2099999999992,139.83999999999924,139.8999999999992,535
2026-06-10T17:20:00+00:00,139.8999999999992,139.96999999999923,139.62999999999923,139.65999999999923,544
2026-06-10T17:25:00+00:00,139.65999999999923,139.75999999999922,139.55999999999923,139.65999999999923,429
2026-06-10T17:30:00+00:00,139.65999999999923,139.72999999999922,139.44999999999922,139.51999999999921,702
2026-06-10T17:35:00+00:00,139.51999999999921,139.54999999999922,139.18999999999923,139.21999999999923,566
2026-06-10T17:40:00+00:00,139.21999999999923,139.31999999999923,138.97999999999922,139.03999999999922,331
2026-06-10T17:45:00+00:00,139.03999999999922,139.7399999999992,138.91999999999922,139.65999999999923,844
2026-06-10T17:50:00+00:00,139.65999999999923,139.93999999999923,139.4899999999992,139.86999999999924,894
2026-06-10T17:55:00+00:00,139.86999999999924,140.04999999999922,139.82999999999922,139.9299999999992,695
2026-06-10T18:00:00+00:00,139.9299999999992,140.18999999999923,139.87999999999923,140.09999999999923,469
2026-06-10T18:05:00+00:00,140.09999999999923,140.16999999999922,139.83999999999924,139.8999999999992,518
2026-06-10T18:10:00+00:00,139.8999999999992,140.12999999999923,139.79999999999922,139.86999999999924,489
2026-06-10T18:15:00+00:00,139.86999999999924,139.9899999999992,139.63999999999922,139.69999999999922,522
2026-06-10T18:20:00+00:00,139.69999999999922,139.79999999999922,139.56999999999923,139.6799999999992,547
2026-06-10T18:25:00+00:00,139.6799999999992,139.76999999999921,139.51999999999921,139.7399999999992,599
2026-06-10T18:30:00+00:00,139.7399999999992,139.79999999999922,139.56999999999923,139.6499999999992,557
2026-06-10T18:35:00+00:00,139.6499999999992,139.65999999999923,139.49999999999923,139.59999999999923,534
2026-06-10T18:40:00+00:00,139.59999999999923,139.59999999999923,139.44999999999922,139.47999999999922,413
2026-06-10T18:45:00+00:00,139.47999999999922,139.52999999999923,139.38999999999922,139.3999999999992,347
2026-06-10T18:50:00+00:00,139.3999999999992,139.62999999999923,139.21999999999923,139.59999999999923,504
2026-06-10T18:55:00+00:00,139.59999999999923,139.74999999999923,139.41999999999922,139.63999999999922,434
2026-06-10T19:00:00+00:00,139.63999999999922,139.83999999999924,139.55999999999923,139.60999999999922,589
2026-06-10T19:05:00+00:00,139.60999999999922,139.75999999999922,139.46999999999923,139.66999999999922,411
2026-06-10T19:10:00+00:00,139.66999999999922,139.71999999999923,139.49999999999923,139.54999999999922,237
2026-06-10T19:15:00+00:00,139.54999999999922,139.7399999999992,139.51999999999921,139.59999999999923,355
2026-06-10T19:20:00+00:00,139.59999999999923,139.61999999999924,139.34999999999923,139.47999999999922,492
2026-06-10T19:25:00+00:00,139.47999999999922,139.6799999999992,139.46999999999923,139.57999999999922,440
2026-06-10T19:30:00+00:00,139.57999999999922,139.63999999999922,139.43999999999923,139.59999999999923,404
2026-06-10T19:35:00+00:00,139.59999999999923,139.77999999999923,139.53999999999922,139.62999999999923,349
2026-06-10T19:40:00+00:00,139.62999999999923,139.82999999999922,139.49999999999923,139.77999999999923,367
2026-06-10T19:45:00+00:00,139.77999999999923,139.79999999999922,139.65999999999923,139.75999999999922,303
2026-06-10T19:50:00+00:00,139.75999999999922,139.93999999999923,139.38999999999922,139.57999999999922,556
2026-06-10T19:55:00+00:00,139.57999999999922,139.60999999999922,139.1499999999992,139.34999999999923,513
2026-06-11T13:30:00+00:00,139.34999999999923,141.28999999999922,139.00999999999922,141.2399999999992,190
2026-06-11T13:35:00+00:00,141.2399999999992,141.47999999999922,140.06999999999923,140.90999999999923,218
2026-06-11T13:40:00+00:00,140.90999999999923,141.03999999999922,140.30999999999923,140.63999999999922,280
2026-06-11T13:45:00+00:00,140.63999999999922,141.80999999999923,140.47999999999922,141.34999999999923,400
2026-06-11T13:50:00+00:00,141.34999999999923,141.44999999999922,140.9599999999992,141.03999999999922,580
2026-06-11T13:55:00+00:00,141.03999999999922,141.21999999999923,140.9299999999992,140.96999999999923,528
2026-06-11T14:00:00+00:00,140.96999999999923,140.96999999999923,140.06999999999923,140.09999999999923,659
2026-06-11T14:05:00+00:00,140.09999999999923,140.75999999999922,139.88999999999922,140.63999999999922,624
2026-06-11T14:10:00+00:00,140.63999999999922,140.6799999999992,139.88999999999922,139.96999999999923,634
2026-06-11T14:15:00+00:00,139.96999999999923,140.22999999999922,139.84999999999923,139.93999999999923,544
2026-06-11T14:20:00+00:00,139.93999999999923,140.7099999999992,139.82999999999922,140.60999999999922,825
2026-06-11T14:25:00+00:00,140.60999999999922,140.7399999999992,140.2399999999992,140.55999999999923,567
2026-06-11T14:30:00+00:00,140.55999999999923,140.97999999999922,140.51999999999921,140.90999999999923,611
2026-06-11T14:35:00+00:00,140.90999999999923,141.1799999999992,140.78999999999922,140.99999999999923,646
2026-06-11T14:40:00+00:00,140.99999999999923,141.16999999999922,140.9299999999992,140.94999999999922,611
2026-06-11T14:45:00+00:00,140.94999999999922,141.2099999999992,140.9299999999992,141.10999999999922,669
2026-06-11T14:50:00+00:00,141.10999999999922,141.10999999999922,140.76999999999921,140.76999999999921,609
2026-06-11T14:55:00+00:00,140.76999999999921,140.78999999999922,140.38999999999922,140.54999999999922,684
2026-06-11T15:00:00+00:00,140.54999999999922,140.57999999999922,140.07999999999922,140.29999999999922,823
2026-06-11T15:05:00+00:00,140.29999999999922,140.62999999999923,140.12999999999923,140.41999999999922,689
2026-06-11T15:10:00+00:00,140.41999999999922,140.6799999999992,140.36999999999924,140.60999999999922,556
2026-06-11T15:15:00+00:00,140.60999999999922,140.78999999999922,140.2099999999992,140.47999999999922,634
2026-06-11T15:20:00+00:00,140.47999999999922,141.00999999999922,140.4299999999992,140.9599999999992,729
2026-06-11T15:25:00+00:00,140.9599999999992,141.01999999999921,140.80999999999923,140.88999999999922,521
2026-06-11T15:30:00+00:00,140.88999999999922,141.1799999999992,140.87999999999923,141.06999999999923,667
2026-06-11T15:35:00+00:00,141.06999999999923,141.29999999999922,140.93999999999923,141.13999999999922,822
2026-06-11T15:40:00+00:00,141.13999999999922,141.25999999999922,140.9899999999992,141.04999999999922,920
2026-06-11T15:45:00+00:00,141.04999999999922,141.1799999999992,140.90999999999923,140.9899999999992,786
2026-06-11T15:50:00+00:00,140.9899999999992,141.01999999999921,140.69999999999922,140.75999999999922,730
2026-06-11T15:55:00+00:00,140.75999999999922,140.9599999999992,140.69999999999922,140.91999999999922,876
2026-06-11T16:00:00+00:00,140.91999999999922,141.01999999999921,140.77999999999923,140.84999999999923,737
2026-06-11T16:05:00+00:00,140.84999999999923,141.06999999999923,140.79999999999922,141.03999999999922,699
2026-06-11T16:10:00+00:00,141.03999999999922,141.1499999999992,140.99999999999923,141.1499999999992,511
2026-06-11T16:15:00+00:00,141.1499999999992,141.19999999999922,140.99999999999923,141.12999999999923,639
2026-06-11T16:20:00+00:00,141.12999999999923,141.18999999999923,140.57999999999922,140.88999999999922,765
2026-06-11T16:25:00+00:00,140.88999999999922,140.96999999999923,140.6799999999992,140.72999999999922,774
2026-06-11T16:30:00+00:00,140.72999999999922,141.08999999999924,140.61999999999924,141.05999999999923,820
2026-06-11T16:35:00+00:00,141.05999999999923,141.05999999999923,140.85999999999922,140.88999999999922,892
2026-06-11T16:40:00+00:00,140.88999999999922,141.05999999999923,140.88999999999922,140.90999999999923,540
2026-06-11T16:45:00+00:00,140.90999999999923,141.06999999999923,140.87999999999923,140.9899999999992,560
2026-06-11T16:50:00+00:00,140.9899999999992,141.02999999999923,140.76999999999921,140.77999999999923,523
2026-06-11T16:55:00+00:00,140.77999999999923,140.85999999999922,140.59999999999923,140.62999999999923,442
2026-06-11T17:00:00+00:00,140.62999999999923,140.90999999999923,140.55999999999923,140.87999999999923,702
2026-06-11T17:05:00+00:00,140.87999999999923,141.05999999999923,140.81999999999923,141.03999999999922,707
2026-06-11T17:10:00+00:00,141.03999999999922,141.32999999999922,141.03999999999922,141.21999999999923,612
2026-06-11T17:15:00+00:00,141.21999999999923,141.21999999999923,140.96999999999923,141.07999999999922,583
2026-06-11T17:20:00+00:00,141.07999999999922,141.1499999999992,140.81999999999923,140.97999999999922,578
2026-06-11T17:25:00+00:00,140.97999999999922,142.34999999999923,140.94999999999922,142.11999999999924,896
2026-06-11T17:30:00+00:00,142.11999999999924,142.79999999999922,142.05999999999923,142.6799999999992,681
2026-06-11T17:35:00+00:00,142.6799999999992,142.86999999999924,142.54999999999922,142.72999999999922,479
2026-06-11T17:40:00+00:00,142.72999999999922,143.24999999999923,142.66999999999922,143.13999999999922,427
2026-06-11T17:45:00+00:00,143.13999999999922,143.28999999999922,143.00999999999922,143.28999999999922,341
2026-06-11T17:50:00+00:00,143.28999999999922,143.32999999999922,142.94999999999922,143.16999999999922,696
2026-06-11T17:55:00+00:00,143.16999999999922,143.28999999999922,142.99999999999923,143.1799999999992,802
2026-06-11T18:00:00+00:00,143.1799999999992,143.33999999999924,142.49999999999923,142.71999999999923,1021
2026-06-11T18:05:00+00:00,142.71999999999923,142.85999999999922,142.51999999999921,142.62999999999923,986
2026-06-11T18:10:00+00:00,142.62999999999923,142.96999999999923,142.60999999999922,142.84999999999923,691
2026-06-11T18:15:00+00:00,142.84999999999923,143.01999999999921,142.80999999999923,142.97999999999922,663
2026-06-11T18:20:00+00:00,142.97999999999922,143.00999999999922,142.7099999999992,142.93999999999923,797
2026-06-11T18:25:00+00:00,142.93999999999923,143.11999999999924,142.9299999999992,142.94999999999922,617
2026-06-11T18:30:00+00:00,142.94999999999922,143.1799999999992,142.8999999999992,143.07999999999922,680
2026-06-11T18:35:00+00:00,143.07999999999922,143.2099999999992,143.00999999999922,143.02999999999923,607
2026-06-11T18:40:00+00:00,143.02999999999923,143.12999999999923,142.93999999999923,142.9599999999992,658
2026-06-11T18:45:00+00:00,142.9599999999992,143.19999999999922,142.9599999999992,143.15999999999923,414
2026-06-11T18:50:00+00:00,143.15999999999923,143.31999999999923,143.10999999999922,143.28999999999922,362
2026-06-11T18:55:00+00:00,143.28999999999922,143.31999999999923,143.16999999999922,143.27999999999923,397
2026-06-11T19:00:00+00:00,143.27999999999923,143.56999999999923,143.26999999999921,143.56999999999923,367
2026-06-11T19:05:00+00:00,143.56999999999923,143.57999999999922,143.2099999999992,143.38999999999922,517
2026-06-11T19:10:00+00:00,143.38999999999922,143.63999999999922,143.32999999999922,143.50999999999922,745
2026-06-11T19:15:00+00:00,143.50999999999922,143.62999999999923,143.41999999999922,143.56999999999923,426
2026-06-11T19:20:00+00:00,143.56999999999923,143.57999999999922,143.37999999999923,143.43999999999923,461
2026-06-11T19:25:00+00:00,143.43999999999923,143.69999999999922,143.34999999999923,143.60999999999922,428
2026-06-11T19:30:00+00:00,143.60999999999922,144.10999999999922,143.60999999999922,143.99999999999923,812
2026-06-11T19:35:00+00:00,143.99999999999923,144.06999999999923,143.87999999999923,143.96999999999923,543
2026-06-11T19:40:00+00:00,143.96999999999923,144.06999999999923,143.85999999999922,143.8999999999992,414
2026-06-11T19:45:00+00:00,143.8999999999992,143.90999999999923,143.43999999999923,143.53999999999922,501
2026-06-11T19:50:00+00:00,143.53999999999922,143.84999999999923,143.43999999999923,143.51999999999921,718
2026-06-11T19:55:00+00:00,143.51999999999921,143.96999999999923,143.43999999999923,143.90999999999923,755
2026-06-12T13:30:00+00:00,143.90999999999923,146.11999999999924,143.90999999999923,145.51999999999921,238
2026-06-12T13:35:00+00:00,145.51999999999921,145.96999999999923,144.88999999999922,144.9599999999992,434
2026-06-12T13:40:00+00:00,144.9599999999992,144.96999999999923,143.9899999999992,144.27999999999923,422
2026-06-12T13:45:00+00:00,144.27999999999923,144.9599999999992,144.03999999999922,144.62999999999923,312
2026-06-12T13:50:00+00:00,144.62999999999923,144.9599999999992,144.1799999999992,144.78999999999922,379
2026-06-12T13:55:00+00:00,144.78999999999922,144.97999999999922,144.4599999999992,144.47999999999922,390
2026-06-12T14:00:00+00:00,144.47999999999922,145.25999999999922,144.38999999999922,145.2399999999992,531
2026-06-12T14:05:00+00:00,145.2399999999992,145.52999999999923,144.91999999999922,145.27999999999923,463
2026-06-12T14:10:00+00:00,145.27999999999923,145.33999999999924,144.61999999999924,144.88999999999922,518
2026-06-12T14:15:00+00:00,144.88999999999922,145.43999999999923,144.88999999999922,145.2099999999992,630
2026-06-12T14:20:00+00:00,145.2099999999992,145.4299999999992,144.83999999999924,145.29999999999922,627
2026-06-12T14:25:00+00:00,145.29999999999922,145.91999999999922,145.28999999999922,145.76999999999921,551
2026-06-12T14:30:00+00:00,145.76999999999921,145.8999999999992,145.44999999999922,145.79999999999922,700
2026-06-12T14:35:00+00:00,145.79999999999922,146.38999999999922,145.72999999999922,146.36999999999924,629
2026-06-12T14:40:00+00:00,146.36999999999924,146.3999999999992,145.99999999999923,146.02999999999923,923
2026-06-12T14:45:00+00:00,146.02999999999923,146.25999999999922,145.66999999999922,145.79999999999922,859
2026-06-12T14:50:00+00:00,145.79999999999922,146.6499999999992,145.75999999999922,146.62999999999923,1089
2026-06-12T14:55:00+00:00,146.62999999999923,146.85999999999922,146.49999999999923,146.81999999999925,899.8308707953474
2026-06-12T15:00:00+00:00,146.81999999999925,146.98999999999924,146.68999999999926,146.76999999999924,776
2026-06-12T15:05:00+00:00,146.76999999999924,146.83999999999926,146.57999999999925,146.63999999999925,648
2026-06-12T15:10:00+00:00,146.63999999999925,146.80999999999926,146.56999999999925,146.75999999999925,674
2026-06-12T15:15:00+00:00,146.75999999999925,146.87999999999926,146.59999999999926,146.72999999999925,561
2026-06-12T15:20:00+00:00,146.72999999999925,146.95999999999924,146.62999999999926,146.95999999999924,442
2026-06-12T15:25:00+00:00,146.95999999999924,147.02999999999926,146.82999999999925,146.91999999999925,438
2026-06-12T15:30:00+00:00,146.91999999999925,146.95999999999924,146.56999999999925,146.71999999999926,599
2026-06-12T15:35:00+00:00,146.71999999999926,146.86999999999927,146.32999999999925,146.52999999999926,965
2026-06-12T15:40:00+00:00,146.52999999999926,146.58999999999926,146.12999999999926,146.21999999999926,1018
2026-06-12T15:45:00+00:00,146.21999999999926,146.45999999999924,145.94999999999925,145.96999999999926,801
2026-06-12T15:50:00+00:00,145.96999999999926,146.29999999999924,145.94999999999925,146.25999999999925,1105
2026-06-12T15:55:00+00:00,146.25999999999925,146.26999999999924,145.82999999999925,145.95999999999924,552
2026-06-12T16:00:00+00:00,145.95999999999924,145.97999999999925,145.54999999999924,145.73999999999924,823
2026-06-12T16:05:00+00:00,145.73999999999924,146.02999999999926,145.55999999999926,145.93999999999926,821
2026-06-12T16:10:00+00:00,145.93999999999926,146.61999999999927,145.86999999999927,146.35999999999925,919
2026-06-12T16:15:00+00:00,146.35999999999925,146.53999999999925,146.14999999999927,146.26999999999924,961
2026-06-12T16:20:00+00:00,146.26999999999924,146.40999999999926,146.14999999999927,146.29999999999924,860
2026-06-12T16:25:00+00:00,146.29999999999924,146.37999999999926,146.12999999999926,146.18999999999926,608
2026-06-12T16:30:00+00:00,146.18999999999926,146.29999999999924,146.10999999999925,146.26999999999924,539
2026-06-12T16:35:00+00:00,146.26999999999924,146.29999999999924,146.12999999999926,146.25999999999925,409
2026-06-12T16:40:00+00:00,146.25999999999925,146.44999999999925,146.16999999999925,146.18999999999926,579
2026-06-12T16:45:00+00:00,146.18999999999926,146.32999999999925,146.15999999999926,146.26999999999924,340
2026-06-12T16:50:00+00:00,146.26999999999924,146.28999999999925,146.00999999999925,146.04999999999924,414
2026-06-12T16:55:00+00:00,146.04999999999924,146.08999999999926,145.90999999999926,146.00999999999925,362
2026-06-12T17:00:00+00:00,146.00999999999925,146.14999999999927,145.91999999999925,145.98999999999924,471
2026-06-12T17:05:00+00:00,145.98999999999924,146.16999999999925,145.91999999999925,146.01999999999924,474
2026-06-12T17:10:00+00:00,146.01999999999924,146.17999999999924,145.99999999999926,146.10999999999925,379
2026-06-12T17:15:00+00:00,146.10999999999925,146.25999999999925,146.05999999999926,146.23999999999924,403
2026-06-12T17:20:00+00:00,146.23999999999924,146.25999999999925,146.02999999999926,146.16999999999925,316
2026-06-12T17:25:00+00:00,146.16999999999925,146.22999999999925,145.98999999999924,146.01999999999924,368
2026-06-12T17:30:00+00:00,146.01999999999924,146.12999999999926,145.93999999999926,145.99999999999926,324
2026-06-12T17:35:00+00:00,145.99999999999926,146.07999999999925,145.87999999999926,146.01999999999924,365
2026-06-12T17:40:00+00:00,146.01999999999924,146.02999999999926,145.88999999999925,145.95999999999924,259
2026-06-12T17:45:00+00:00,145.95999999999924,146.04999999999924,145.91999999999925,145.94999999999925,217
2026-06-12T17:50:00+00:00,145.94999999999925,146.13999999999925,145.94999999999925,146.02999999999926,216
2026-06-12T17:55:00+00:00,146.02999999999926,146.02999999999926,145.80999999999926,145.91999999999925,239
2026-06-12T18:00:00+00:00,145.91999999999925,146.01999999999924,145.87999999999926,145.89999999999927,270
2026-06-12T18:05:00+00:00,145.89999999999927,145.92999999999924,145.71999999999926,145.86999999999927,295
2026-06-12T18:10:00+00:00,145.86999999999927,146.17999999999924,145.85999999999925,145.98999999999924,335
2026-06-12T18:15:00+00:00,145.98999999999924,146.08999999999926,145.90999999999926,145.93999999999926,296
2026-06-12T18:20:00+00:00,145.93999999999926,146.03999999999925,145.85999999999925,145.95999999999924,293
2026-06-12T18:25:00+00:00,145.95999999999924,146.02999999999926,145.77999999999926,145.91999999999925,382
2026-06-12T18:30:00+00:00,145.91999999999925,146.10999999999925,145.84999999999926,146.00999999999925,313
2026-06-12T18:35:00+00:00,146.00999999999925,146.22999999999925,145.95999999999924,146.14999999999927,264
2026-06-12T18:40:00+00:00,146.14999999999927,146.36999999999927,146.14999999999927,146.33999999999926,218
2026-06-12T18:45:00+00:00,146.33999999999926,146.39999999999927,146.25999999999925,146.28999999999925,203
2026-06-12T18:50:00+00:00,146.28999999999925,146.42999999999924,146.27999999999926,146.42999999999924,178
2026-06-12T18:55:00+00:00,146.42999999999924,146.42999999999924,146.16999999999925,146.18999999999926,203
2026-06-12T19:00:00+00:00,146.18999999999926,146.34999999999926,146.16999999999925,146.31999999999925,229
2026-06-12T19:05:00+00:00,146.31999999999925,146.35999999999925,146.23999999999924,146.29999999999924,183
2026-06-12T19:10:00+00:00,146.29999999999924,146.34999999999926,146.13999999999925,146.18999999999926,172
2026-06-12T19:15:00+00:00,146.18999999999926,146.23999999999924,146.09999999999926,146.15999999999926,192
2026-06-12T19:20:00+00:00,146.15999999999926,146.29999999999924,146.14999999999927,146.25999999999925,164
2026-06-12T19:25:00+00:00,146.25999999999925,146.46999999999926,146.25999999999925,146.46999999999926,165
2026-06-12T19:30:00+00:00,146.46999999999926,146.50999999999925,146.28999999999925,146.31999999999925,260
2026-06-12T19:35:00+00:00,146.31999999999925,146.45999999999924,146.20999999999924,146.32999999999925,401
2026-06-12T19:40:00+00:00,146.32999999999925,146.43999999999926,146.27999999999926,146.27999999999926,277
2026-06-12T19:45:00+00:00,146.27999999999926,146.28999999999925,145.98999999999924,146.03999999999925,276
2026-06-12T19:50:00+00:00,146.03999999999925,146.08999999999926,145.73999999999924,145.75999999999925,504
2026-06-12T19:55:00+00:00,145.75999999999925,145.87999999999926,145.46999999999926,145.67999999999924,476
2026-06-15T13:30:00+00:00,145.67999999999924,149.34999999999926,145.67999999999924,148.18999999999926,244
2026-06-15T13:35:00+00:00,148.18999999999926,148.99999999999926,147.41999999999925,147.43999999999926,343
2026-06-15T13:40:00+00:00,147.43999999999926,147.79999999999924,147.13999999999925,147.67999999999924,424
2026-06-15T13:45:00+00:00,147.67999999999924,147.77999999999926,147.26999999999924,147.61999999999927,520
2026-06-15T13:50:00+00:00,147.61999999999927,148.02999999999926,147.42999999999924,147.92999999999924,361
2026-06-15T13:55:00+00:00,147.92999999999924,148.26999999999924,147.86999999999927,148.01999999999924,449
2026-06-15T14:00:00+00:00,148.01999999999924,148.08999999999926,147.65999999999926,148.05999999999926,673
2026-06-15T14:05:00+00:00,148.05999999999926,148.23999999999924,147.53999999999925,147.60999999999925,440
2026-06-15T14:10:00+00:00,147.60999999999925,147.72999999999925,147.10999999999925,147.39999999999927,586
2026-06-15T14:15:00+00:00,147.39999999999927,147.58999999999926,147.16999999999925,147.57999999999925,498
2026-06-15T14:20:00+00:00,147.57999999999925,147.74999999999926,147.51999999999924,147.57999999999925,525
2026-06-15T14:25:00+00:00,147.57999999999925,147.87999999999926,147.41999999999925,147.59999999999926,609
2026-06-15T14:30:00+00:00,147.59999999999926,147.79999999999924,147.41999999999925,147.47999999999925,534
2026-06-15T14:35:00+00:00,147.47999999999925,147.61999999999927,147.44999999999925,147.55999999999926,328
2026-06-15T14:40:00+00:00,147.55999999999926,147.57999999999925,147.40999999999926,147.43999999999926,427
2026-06-15T14:45:00+00:00,147.43999999999926,147.80999999999926,147.42999999999924,147.69999999999925,413
2026-06-15T14:50:00+00:00,147.69999999999925,147.76999999999924,147.45999999999924,147.56999999999925,363
2026-06-15T14:55:00+00:00,147.56999999999925,147.64999999999927,147.34999999999926,147.58999999999926,367
2026-06-15T15:00:00+00:00,147.58999999999926,147.88999999999925,147.54999999999924,147.83999999999926,441
2026-06-15T15:05:00+00:00,147.83999999999926,147.84999999999926,147.54999999999924,147.84999999999926,305
2026-06-15T15:10:00+00:00,147.84999999999926,147.84999999999926,147.38999999999925,147.56999999999925,356
2026-06-15T15:15:00+00:00,147.56999999999925,147.70999999999924,147.35999999999925,147.37999999999926,353
2026-06-15T15:20:00+00:00,147.37999999999926,147.63999999999925,147.36999999999927,147.49999999999926,325
2026-06-15T15:25:00+00:00,147.49999999999926,147.78999999999925,147.47999999999925,147.73999999999924,291
2026-06-15T15:30:00+00:00,147.73999999999924,148.16999999999925,147.73999999999924,147.95999999999924,394
2026-06-15T15:35:00+00:00,147.95999999999924,148.26999999999924,147.91999999999925,148.19999999999925,354
2026-06-15T15:40:00+00:00,148.19999999999925,148.25999999999925,147.99999999999926,148.11999999999927,302
2026-06-15T15:45:00+00:00,148.11999999999927,148.18999999999926,147.88999999999925,147.94999999999925,264
2026-06-15T15:50:00+00:00,147.94999999999925,148.01999999999924,147.78999999999925,147.82999999999925,255
2026-06-15T15:55:00+00:00,147.82999999999925,148.08999999999926,147.80999999999926,147.92999999999924,236
2026-06-15T16:00:00+00:00,147.92999999999924,148.02999999999926,147.85999999999925,147.86999999999927,207
2026-06-15T16:05:00+00:00,147.86999999999927,148.02999999999926,147.81999999999925,147.97999999999925,196
2026-06-15T16:10:00+00:00,147.97999999999925,148.17999999999924,147.94999999999925,148.09999999999926,243
2026-06-15T16:15:00+00:00,148.09999999999926,148.21999999999926,147.98999999999924,148.20999999999924,252
2026-06-15T16:20:00+00:00,148.20999999999924,148.24999999999926,148.09999999999926,148.15999999999926,161
2026-06-15T16:25:00+00:00,148.15999999999926,148.18999999999926,148.03999999999925,148.17999999999924,152
2026-06-15T16:30:00+00:00,148.17999999999924,148.24999999999926,148.11999999999927,148.13999999999925,160
2026-06-15T16:35:00+00:00,148.13999999999925,148.21999999999926,147.84999999999926,147.91999999999925,301
2026-06-15T16:40:00+00:00,147.91999999999925,148.00999999999925,147.64999999999927,147.91999999999925,251
2026-06-15T16:45:00+00:00,147.91999999999925,147.97999999999925,147.81999999999925,147.82999999999925,174
2026-06-15T16:50:00+00:00,147.82999999999925,147.88999999999925,147.73999999999924,147.75999999999925,160
2026-06-15T16:55:00+00:00,147.75999999999925,147.85999999999925,147.65999999999926,147.80999999999926,149
2026-06-15T17:00:00+00:00,147.80999999999926,147.81999999999925,147.68999999999926,147.69999999999925,166
2026-06-15T17:05:00+00:00,147.69999999999925,147.84999999999926,147.47999999999925,147.77999999999926,263
2026-06-15T17:10:00+00:00,147.77999999999926,147.89999999999927,147.75999999999925,147.81999999999925,172
2026-06-15T17:15:00+00:00,147.81999999999925,147.93999999999926,147.79999999999924,147.86999999999927,174
2026-06-15T17:20:00+00:00,147.86999999999927,147.95999999999924,147.84999999999926,147.87999999999926,156
2026-06-15T17:25:00+00:00,147.87999999999926,148.03999999999925,147.86999999999927,148.01999999999924,154
2026-06-15T17:30:00+00:00,148.01999999999924,148.11999999999927,147.91999999999925,148.03999999999925,184
2026-06-15T17:35:00+00:00,148.03999999999925,148.12999999999926,147.98999999999924,148.08999999999926,112
2026-06-15T17:40:00+00:00,148.08999999999926,148.12999999999926,147.85999999999925,147.89999999999927,138
2026-06-15T17:45:00+00:00,147.89999999999927,148.01999999999924,147.87999999999926,147.95999999999924,123
2026-06-15T17:50:00+00:00,147.95999999999924,147.95999999999924,147.75999999999925,147.79999999999924,154
2026-06-15T17:55:00+00:00,147.79999999999924,147.79999999999924,147.66999999999925,147.74999999999926,173
2026-06-15T18:00:00+00:00,147.74999999999926,147.75999999999925,147.50999999999925,147.61999999999927,313
2026-06-15T18:05:00+00:00,147.61999999999927,147.70999999999924,147.52999999999926,147.53999999999925,194
2026-06-15T18:10:00+00:00,147.53999999999925,147.59999999999926,147.29999999999924,147.39999999999927,276
2026-06-15T18:15:00+00:00,147.39999999999927,147.67999999999924,147.37999999999926,147.49999999999926,227
2026-06-15T18:20:00+00:00,147.49999999999926,147.57999999999925,147.41999999999925,147.46999999999926,202
2026-06-15T18:25:00+00:00,147.46999999999926,147.52999999999926,147.27999999999926,147.31999999999925,255
2026-06-15T18:30:00+00:00,147.31999999999925,147.52999999999926,147.25999999999925,147.48999999999924,233
2026-06-15T18:35:00+00:00,147.48999999999924,147.67999999999924,147.45999999999924,147.57999999999925,257
2026-06-15T18:40:00+00:00,147.57999999999925,147.73999999999924,147.55999999999926,147.70999999999924,176
2026-06-15T18:45:00+00:00,147.70999999999924,147.79999999999924,147.64999999999927,147.72999999999925,219
2026-06-15T18:50:00+00:00,147.72999999999925,147.77999999999926,147.64999999999927,147.66999999999925,202
2026-06-15T18:55:00+00:00,147.66999999999925,147.70999999999924,147.58999999999926,147.64999999999927,133
2026-06-15T19:00:00+00:00,147.64999999999927,147.67999999999924,147.47999999999925,147.52999999999926,184
2026-06-15T19:05:00+00:00,147.52999999999926,147.62999999999926,147.46999999999926,147.47999999999925,145
2026-06-15T19:10:00+00:00,147.47999999999925,147.65999999999926,147.46999999999926,147.64999999999927,156
2026-06-15T19:15:00+00:00,147.64999999999927,147.72999999999925,147.55999999999926,147.69999999999925,201
2026-06-15T19:20:00+00:00,147.69999999999925,147.78999999999925,147.64999999999927,147.72999999999925,172
2026-06-15T19:25:00+00:00,147.72999999999925,147.73999999999924,147.57999999999925,147.64999999999927,159
2026-06-15T19:30:00+00:00,147.64999999999927,147.77999999999926,147.54999999999924,147.68999999999926,314
2026-06-15T19:35:00+00:00,147.68999999999926,147.71999999999926,147.46999999999926,147.60999999999925,310
2026-06-15T19:40:00+00:00,147.60999999999925,147.70999999999924,147.46999999999926,147.55999999999926,357
2026-06-15T19:45:00+00:00,147.55999999999926,147.61999999999927,147.31999999999925,147.31999999999925,322
2026-06-15T19:50:00+00:00,147.31999999999925,147.38999999999925,146.93999999999926,146.93999999999926,456
2026-06-15T19:55:00+00:00,146.93999999999926,147.18999999999926,146.79999999999924,147.07999999999925,750
2026-06-16T13:30:00+00:00,147.07999999999925,149.20999999999924,147.07999999999925,148.68999999999926,336
2026-06-16T13:35:00+00:00,148.68999999999926,148.82999999999925,148.31999999999925,148.57999999999925,379
2026-06-16T13:40:00+00:00,148.57999999999925,148.61999999999927,148.00999999999925,148.41999999999925,541
2026-06-16T13:45:00+00:00,148.41999999999925,148.85999999999925,148.32999999999925,148.50999999999925,482
2026-06-16T13:50:00+00:00,148.50999999999925,148.64999999999927,147.80999999999926,147.86999999999927,413
2026-06-16T13:55:00+00:00,147.86999999999927,147.93999999999926,147.07999999999925,147.31999999999925,710
2026-06-16T14:00:00+00:00,147.31999999999925,147.44999999999925,147.10999999999925,147.19999999999925,734
2026-06-16T14:05:00+00:00,147.19999999999925,147.45999999999924,146.94999999999925,147.00999999999925,553
2026-06-16T14:10:00+00:00,147.00999999999925,147.40999999999926,146.92999999999924,147.33999999999926,598
2026-06-16T14:15:00+00:00,147.33999999999926,147.63999999999925,147.22999999999925,147.34999999999926,730
2026-06-16T14:20:00+00:00,147.34999999999926,147.47999999999925,147.01999999999924,147.02999999999926,726
2026-06-16T14:25:00+00:00,147.02999999999926,147.36999999999927,147.00999999999925,147.10999999999925,632
2026-06-16T14:30:00+00:00,147.10999999999925,147.35999999999925,146.99999999999926,147.34999999999926,677
2026-06-16T14:35:00+00:00,147.34999999999926,148.02999999999926,147.19999999999925,147.99999999999926,641
2026-06-16T14:40:00+00:00,147.99999999999926,148.16999999999925,147.93999999999926,147.94999999999925,484
2026-06-16T14:45:00+00:00,147.94999999999925,148.00999999999925,147.50999999999925,147.63999999999925,552
2026-06-16T14:50:00+00:00,147.63999999999925,148.26999999999924,147.55999999999926,148.24999999999926,449
2026-06-16T14:55:00+00:00,148.24999999999926,148.26999999999924,148.01999999999924,148.06999999999925,571
2026-06-16T15:00:00+00:00,148.06999999999925,148.15999999999926,147.93999999999926,148.05999999999926,421
2026-06-16T15:05:00+00:00,148.05999999999926,148.18999999999926,147.94999999999925,147.98999999999924,383
2026-06-16T15:10:00+00:00,147.98999999999924,148.13999999999925,147.91999999999925,147.94999999999925,366
2026-06-16T15:15:00+00:00,147.94999999999925,147.99999999999926,147.81999999999925,147.90999999999926,391
2026-06-16T15:20:00+00:00,147.90999999999926,148.02999999999926,147.86999999999927,147.98999999999924,338
2026-06-16T15:25:00+00:00,147.98999999999924,148.06999999999925,147.87999999999926,147.97999999999925,412
2026-06-16T15:30:00+00:00,147.97999999999925,148.20999999999924,147.97999999999925,148.09999999999926,364
2026-06-16T15:35:00+00:00,148.09999999999926,148.19999999999925,147.92999999999924,147.93999999999926,332
2026-06-16T15:40:00+00:00,147.93999999999926,148.12999999999926,147.86999999999927,147.90999999999926,420
2026-06-16T15:45:00+00:00,147.90999999999926,148.13999999999925,147.79999999999924,148.02999999999926,529
2026-06-16T15:50:00+00:00,148.02999999999926,148.30999999999926,148.01999999999924,148.15999999999926,500
2026-06-16T15:55:00+00:00,148.15999999999926,148.30999999999926,148.07999999999925,148.18999999999926,440
2026-06-16T16:00:00+00:00,148.18999999999926,148.34999999999926,148.14999999999927,148.22999999999925,540
2026-06-16T16:05:00+00:00,148.22999999999925,148.55999999999926,148.21999999999926,148.48999999999924,556
2026-06-16T16:10:00+00:00,148.48999999999924,148.64999999999927,148.42999999999924,148.54999999999924,265
2026-06-16T16:15:00+00:00,148.54999999999924,148.87999999999926,148.51999999999924,148.79999999999924,409
2026-06-16T16:20:00+00:00,148.79999999999924,148.92999999999924,148.75999999999925,148.80999999999926,280
2026-06-16T16:25:00+00:00,148.80999999999926,148.86999999999927,148.61999999999927,148.67999999999924,377
2026-06-16T16:30:00+00:00,148.67999999999924,148.71999999999926,148.55999999999926,148.66999999999925,274
2026-06-16T16:35:00+00:00,148.66999999999925,148.78999999999925,148.63999999999925,148.73999999999924,257
2026-06-16T16:40:00+00:00,148.73999999999924,148.94999999999925,148.72999999999925,148.78999999999925,234
2026-06-16T16:45:00+00:00,148.78999999999925,148.80999999999926,148.68999999999926,148.70999999999924,203
2026-06-16T16:50:00+00:00,148.70999999999924,148.91999999999925,148.55999999999926,148.77999999999926,364
2026-06-16T16:55:00+00:00,148.77999999999926,148.89999999999927,148.74999999999926,148.77999999999926,374
2026-06-16T17:00:00+00:00,148.77999999999926,148.82999999999925,148.68999999999926,148.71999999999926,246
2026-06-16T17:05:00+00:00,148.71999999999926,148.89999999999927,148.66999999999925,148.74999999999926,299
2026-06-16T17:10:00+00:00,148.74999999999926,148.79999999999924,148.67999999999924,148.70999999999924,162
2026-06-16T17:15:00+00:00,148.70999999999924,148.73999999999924,148.57999999999925,148.59999999999926,306
2026-06-16T17:20:00+00:00,148.59999999999926,148.70999999999924,148.53999999999925,148.67999999999924,250
2026-06-16T17:25:00+00:00,148.67999999999924,148.68999999999926,148.57999999999925,148.60999999999925,154
2026-06-16T17:30:00+00:00,148.60999999999925,148.81999999999925,148.60999999999925,148.74999999999926,186
2026-06-16T17:35:00+00:00,148.74999999999926,148.78999999999925,148.56999999999925,148.65999999999926,223
2026-06-16T17:40:00+00:00,148.65999999999926,148.72999999999925,148.59999999999926,148.67999999999924,216
2026-06-16T17:45:00+00:00,148.67999999999924,148.71999999999926,148.62999999999926,148.63999999999925,152
2026-06-16T17:50:00+00:00,148.63999999999925,148.72999999999925,148.55999999999926,148.70999999999924,150
2026-06-16T17:55:00+00:00,148.70999999999924,148.74999999999926,148.53999999999925,148.55999999999926,234
2026-06-16T18:00:00+00:00,148.55999999999926,148.66999999999925,148.43999999999926,148.44999999999925,304
2026-06-16T18:05:00+00:00,148.44999999999925,148.46999999999926,148.30999999999926,148.30999999999926,146
2026-06-16T18:10:00+00:00,148.30999999999926,148.40999999999926,148.28999999999925,148.33999999999926,143
2026-06-16T18:15:00+00:00,148.33999999999926,148.48999999999924,148.26999999999924,148.47999999999925,252
2026-06-16T18:20:00+00:00,148.47999999999925,148.48999999999924,148.34999999999926,148.45999999999924,165
2026-06-16T18:25:00+00:00,148.45999999999924,148.47999999999925,148.38999999999925,148.42999999999924,94
2026-06-16T18:30:00+00:00,148.42999999999924,148.46999999999926,148.26999999999924,148.27999999999926,233
2026-06-16T18:35:00+00:00,148.27999999999926,148.31999999999925,148.10999999999925,148.13999999999925,268
2026-06-16T18:40:00+00:00,148.13999999999925,148.26999999999924,148.10999999999925,148.13999999999925,208
2026-06-16T18:45:00+00:00,148.13999999999925,148.46999999999926,148.10999999999925,148.42999999999924,183
2026-06-16T18:50:00+00:00,148.42999999999924,148.47999999999925,148.22999999999925,148.26999999999924,218
2026-06-16T18:55:00+00:00,148.26999999999924,148.36999999999927,148.25999999999925,148.36999999999927,163
2026-06-16T19:00:00+00:00,148.36999999999927,148.47999999999925,148.31999999999925,148.35999999999925,241
2026-06-16T19:05:00+00:00,148.35999999999925,148.42999999999924,148.24999999999926,148.33999999999926,221
2026-06-16T19:10:00+00:00,148.33999999999926,148.41999999999925,148.28999999999925,148.37999999999926,215
2026-06-16T19:15:00+00:00,148.37999999999926,148.48999999999924,148.24999999999926,148.33999999999926,445
2026-06-16T19:20:00+00:00,148.33999999999926,148.48999999999924,148.28999999999925,148.43999999999926,335
2026-06-16T19:25:00+00:00,148.43999999999926,148.57999999999925,148.26999999999924,148.26999999999924,294
2026-06-16T19:30:00+00:00,148.26999999999924,148.36999999999927,148.18999999999926,148.20999999999924,335
2026-06-16T19:35:00+00:00,148.20999999999924,148.31999999999925,148.18999999999926,148.23999999999924,307
2026-06-16T19:40:00+00:00,148.23999999999924,148.38999999999925,148.18999999999926,148.32999999999925,258
2026-06-16T19:45:00+00:00,148.32999999999925,148.45999999999924,148.27999999999926,148.32999999999925,343
2026-06-16T19:50:00+00:00,148.32999999999925,148.78999999999925,148.29999999999924,148.68999999999926,492
2026-06-16T19:55:00+00:00,148.68999999999926,148.91999999999925,148.34999999999926,148.90999999999926,834
2026-06-17T13:30:00+00:00,148.90999999999926,150.82999999999925,148.41999999999925,150.50999999999925,198
2026-06-17T13:35:00+00:00,150.50999999999925,150.92999999999924,150.21999999999926,150.43999999999926,229
2026-06-17T13:40:00+00:00,150.43999999999926,151.37999999999926,150.42999999999924,151.30999999999926,341
2026-06-17T13:45:00+00:00,151.30999999999926,152.05999999999926,151.21999999999926,151.69999999999925,483
2026-06-17T13:50:00+00:00,151.69999999999925,151.89999999999927,151.61999999999927,151.65999999999926,296
2026-06-17T13:55:00+00:00,151.65999999999926,151.85999999999925,151.40999999999926,151.79999999999924,429
2026-06-17T14:00:00+00:00,151.79999999999924,152.04999999999924,151.57999999999925,151.93999999999926,444
2026-06-17T14:05:00+00:00,151.93999999999926,152.15999999999926,151.81999999999925,152.04999999999924,508
2026-06-17T14:10:00+00:00,152.04999999999924,152.07999999999925,151.43999999999926,151.65999999999926,654
2026-06-17T14:15:00+00:00,151.65999999999926,151.90999999999926,151.50999999999925,151.85999999999925,678
2026-06-17T14:20:00+00:00,151.85999999999925,152.04999999999924,151.60999999999925,152.02999999999926,493
2026-06-17T14:25:00+00:00,152.02999999999926,152.03999999999925,151.59999999999926,151.64999999999927,402
2026-06-17T14:30:00+00:00,151.64999999999927,151.69999999999925,151.33999999999926,151.58999999999926,421
2026-06-17T14:35:00+00:00,151.58999999999926,151.63999999999925,151.35999999999925,151.41999999999925,537
2026-06-17T14:40:00+00:00,151.41999999999925,151.45999999999924,151.16999999999925,151.29999999999924,412
2026-06-17T14:45:00+00:00,151.29999999999924,151.59999999999926,150.83999999999926,151.57999999999925,769
2026-06-17T14:50:00+00:00,151.57999999999925,152.05999999999926,151.54999999999924,151.97999999999925,597
2026-06-17T14:55:00+00:00,151.97999999999925,152.04999999999924,151.72999999999928,151.80999999999926,537.7103448275863
2026-06-17T15:00:00+00:00,151.80999999999926,151.84999999999926,151.53999999999925,151.68999999999926,644
2026-06-17T15:05:00+00:00,151.68999999999926,151.74999999999926,151.10999999999925,151.17999999999924,523
2026-06-17T15:10:00+00:00,151.17999999999924,151.26999999999924,150.98999999999924,151.18999999999926,439
2026-06-17T15:15:00+00:00,151.18999999999926,151.30999999999926,151.02999999999926,151.22999999999925,366
2026-06-17T15:20:00+00:00,151.22999999999925,151.53999999999925,151.22999999999925,151.47999999999925,427
2026-06-17T15:25:00+00:00,151.47999999999925,151.63999999999925,151.39999999999924,151.47999999999925,439
2026-06-17T15:30:00+00:00,151.47999999999925,151.86999999999927,151.43999999999926,151.80999999999926,428
2026-06-17T15:35:00+00:00,151.80999999999926,151.84999999999926,151.64999999999924,151.78999999999925,289
2026-06-17T15:40:00+00:00,151.78999999999925,151.84999999999926,151.63999999999925,151.65999999999926,291
2026-06-17T15:45:00+00:00,151.65999999999926,151.70999999999924,151.48999999999924,151.60999999999925,341
2026-06-17T15:50:00+00:00,151.60999999999925,151.62999999999926,151.41999999999925,151.55999999999926,331
2026-06-17T15:55:00+00:00,151.55999999999926,151.55999999999926,151.37999999999926,151.37999999999926,255
2026-06-17T16:00:00+00:00,151.37999999999926,151.45999999999924,151.28999999999925,151.36999999999927,243
2026-06-17T16:05:00+00:00,151.36999999999927,151.51999999999924,151.28999999999925,151.39999999999924,281
2026-06-17T16:10:00+00:00,151.39999999999924,151.55999999999926,151.25999999999925,151.51999999999924,296
2026-06-17T16:15:00+00:00,151.51999999999924,151.56999999999925,151.40999999999926,151.46999999999926,332
2026-06-17T16:20:00+00:00,151.46999999999926,151.55999999999926,151.34999999999926,151.55999999999926,243
2026-06-17T16:25:00+00:00,151.55999999999926,151.55999999999926,151.36999999999927,151.42999999999924,178
2026-06-17T16:30:00+00:00,151.42999999999924,151.47999999999925,151.26999999999924,151.38999999999925,256
2026-06-17T16:35:00+00:00,151.38999999999925,151.52999999999926,151.34999999999926,151.45999999999924,213
2026-06-17T16:40:00+00:00,151.45999999999924,151.48999999999924,151.37999999999926,151.45999999999924,245
2026-06-17T16:45:00+00:00,151.45999999999924,151.81999999999925,151.45999999999924,151.77999999999926,248
2026-06-17T16:50:00+00:00,151.77999999999926,151.88999999999925,151.68999999999926,151.78999999999925,152
2026-06-17T16:55:00+00:00,151.78999999999925,152.03999999999925,151.78999999999925,151.93999999999926,231
2026-06-17T17:00:00+00:00,151.93999999999926,152.07999999999925,151.87999999999926,151.96999999999926,239
2026-06-17T17:05:00+00:00,151.96999999999926,152.05999999999926,151.46999999999926,151.95999999999924,306
2026-06-17T17:10:00+00:00,151.95999999999924,152.02999999999926,151.89999999999924,151.92999999999924,227
2026-06-17T17:15:00+00:00,151.92999999999924,151.94999999999925,151.81999999999925,151.89999999999924,237
2026-06-17T17:20:00+00:00,151.89999999999924,151.93999999999926,151.75999999999925,151.91999999999925,274
2026-06-17T17:25:00+00:00,151.91999999999925,152.09999999999926,151.90999999999926,152.01999999999924,292
2026-06-17T17:30:00+00:00,152.01999999999924,152.13999999999925,151.85999999999925,151.88999999999925,295
2026-06-17T17:35:00+00:00,151.88999999999925,151.96999999999926,151.84999999999926,151.95999999999924,173
2026-06-17T17:40:00+00:00,151.95999999999924,152.02999999999926,151.87999999999926,151.89999999999924,203
2026-06-17T17:45:00+00:00,151.89999999999924,151.94999999999925,151.77999999999926,151.85999999999925,204
2026-06-17T17:50:00+00:00,151.85999999999925,152.04999999999924,151.81999999999925,152.04999999999924,214
2026-06-17T17:55:00+00:00,152.04999999999924,152.27999999999926,151.96999999999926,152.25999999999925,155
2026-06-17T18:00:00+00:00,152.25999999999925,152.30999999999926,151.22999999999925,151.26999999999924,873
2026-06-17T18:05:00+00:00,151.26999999999924,151.97999999999925,150.97999999999925,151.77999999999926,1181
2026-06-17T18:10:00+00:00,151.77999999999926,151.89999999999924,151.39999999999924,151.57999999999925,649
2026-06-17T18:15:00+00:00,151.57999999999925,151.88999999999925,151.57999999999925,151.84999999999926,596
2026-06-17T18:20:00+00:00,151.84999999999926,151.93999999999926,151.67999999999924,151.68999999999926,529
2026-06-17T18:25:00+00:00,151.68999999999926,151.75999999999925,151.51999999999924,151.72999999999925,678
2026-06-17T18:30:00+00:00,151.72999999999925,152.24999999999926,151.51999999999924,151.57999999999925,868
2026-06-17T18:35:00+00:00,151.57999999999925,152.26999999999924,151.53999999999925,152.11999999999927,805
2026-06-17T18:40:00+00:00,152.11999999999927,152.43999999999926,152.01999999999924,152.29999999999924,898
2026-06-17T18:45:00+00:00,152.29999999999924,152.34999999999926,152.01999999999924,152.10999999999925,706
2026-06-17T18:50:00+00:00,152.10999999999925,152.14999999999924,151.84999999999926,151.90999999999926,617
2026-06-17T18:55:00+00:00,151.90999999999926,151.90999999999926,151.26999999999924,151.44999999999925,735
2026-06-17T19:00:00+00:00,151.44999999999925,151.56999999999925,151.19999999999925,151.27999999999926,771
2026-06-17T19:05:00+00:00,151.27999999999926,151.49999999999926,151.09999999999926,151.21999999999926,539
2026-06-17T19:10:00+00:00,151.21999999999926,151.25999999999925,150.71999999999926,150.83999999999926,568
2026-06-17T19:15:00+00:00,150.83999999999926,150.87999999999926,150.19999999999925,150.21999999999926,545
2026-06-17T19:20:00+00:00,150.21999999999926,150.37999999999926,149.93999999999926,150.05999999999926,790
2026-06-17T19:25:00+00:00,150.05999999999926,150.45999999999924,150.05999999999926,150.17999999999924,738
2026-06-17T19:30:00+00:00,150.17999999999924,150.20999999999924,149.58999999999926,149.60999999999925,703
2026-06-17T19:35:00+00:00,149.60999999999925,149.87999999999926,149.27999999999926,149.30999999999926,674
2026-06-17T19:40:00+00:00,149.30999999999926,149.77999999999926,149.30999999999926,149.65999999999926,887
2026-06-17T19:45:00+00:00,149.65999999999926,150.11999999999927,149.61999999999927,149.83999999999926,564
2026-06-17T19:50:00+00:00,149.83999999999926,150.00999999999925,149.46999999999926,149.69999999999925,821
2026-06-17T19:55:00+00:00,149.69999999999925,149.79999999999924,149.36999999999927,149.69999999999925,844
2026-06-18T13:30:00+00:00,149.69999999999925,153.72999999999925,149.69999999999925,152.93999999999926,252
2026-06-18T13:35:00+00:00,152.93999999999926,153.32999999999925,152.30999999999926,152.32999999999925,269
2026-06-18T13:40:00+00:00,152.32999999999925,152.97999999999925,152.30999999999926,152.84999999999926,253
2026-06-18T13:45:00+00:00,152.84999999999926,153.58999999999926,152.37999999999926,153.58999999999926,476
2026-06-18T13:50:00+00:00,153.58999999999926,153.58999999999926,152.89999999999924,153.06999999999925,410
2026-06-18T13:55:00+00:00,153.06999999999925,153.48999999999924,152.90999999999926,152.90999999999926,453
2026-06-18T14:00:00+00:00,152.90999999999926,153.49999999999926,152.80999999999926,153.25999999999925,601
2026-06-18T14:05:00+00:00,153.25999999999925,153.58999999999926,152.77999999999926,152.77999999999926,665
2026-06-18T14:10:00+00:00,152.77999999999926,152.86999999999927,152.30999999999926,152.42999999999924,518
2026-06-18T14:15:00+00:00,152.42999999999924,152.71999999999926,152.20999999999924,152.67999999999924,394
2026-06-18T14:20:00+00:00,152.67999999999924,153.07999999999925,152.55999999999926,152.91999999999925,560
2026-06-18T14:25:00+00:00,152.91999999999925,153.23999999999924,152.87999999999926,152.89999999999924,419
2026-06-18T14:30:00+00:00,152.89999999999924,153.05999999999926,152.70999999999924,152.79999999999924,379
2026-06-18T14:35:00+00:00,152.79999999999924,152.89999999999924,152.62999999999926,152.83999999999926,522
2026-06-18T14:40:00+00:00,152.83999999999926,152.88999999999925,152.38999999999925,152.40999999999926,596
2026-06-18T14:45:00+00:00,152.40999999999926,152.74999999999926,152.38999999999925,152.61999999999927,383
2026-06-18T14:50:00+00:00,152.61999999999927,152.61999999999927,152.35999999999925,152.59999999999926,471
2026-06-18T14:55:00+00:00,152.59999999999926,152.80999999999926,152.53999999999925,152.69999999999925,558.3155963302752
2026-06-18T15:00:00+00:00,152.69999999999925,152.75999999999925,152.18999999999923,152.34999999999926,765
2026-06-18T15:05:00+00:00,152.34999999999926,152.44999999999925,152.07999999999925,152.12999999999923,614
2026-06-18T15:10:00+00:00,152.12999999999923,152.35999999999925,151.95999999999924,151.97999999999925,491
2026-06-18T15:15:00+00:00,151.97999999999925,152.06999999999925,151.76999999999924,151.80999999999923,471
2026-06-18T15:20:00+00:00,151.80999999999923,152.01999999999924,151.43999999999923,151.52999999999923,737
2026-06-18T15:25:00+00:00,151.52999999999923,152.07999999999925,151.44999999999925,152.02999999999923,554
2026-06-18T15:30:00+00:00,152.02999999999923,152.14999999999924,151.88999999999925,152.14999999999924,494
2026-06-18T15:35:00+00:00,152.14999999999924,152.14999999999924,151.80999999999923,151.95999999999924,523
2026-06-18T15:40:00+00:00,151.95999999999924,151.98999999999924,151.77999999999923,151.80999999999923,387
2026-06-18T15:45:00+00:00,151.80999999999923,152.00999999999925,151.78999999999925,151.95999999999924,362
2026-06-18T15:50:00+00:00,151.95999999999924,152.03999999999925,151.86999999999924,151.98999999999924,355
2026-06-18T15:55:00+00:00,151.98999999999924,151.98999999999924,151.77999999999923,151.77999999999923,288
2026-06-18T16:00:00+00:00,151.77999999999923,151.88999999999925,151.36999999999924,151.39999999999924,432
2026-06-18T16:05:00+00:00,151.39999999999924,151.45999999999924,151.18999999999923,151.31999999999925,405
2026-06-18T16:10:00+00:00,151.31999999999925,151.52999999999923,151.25999999999925,151.42999999999924,287
2026-06-18T16:15:00+00:00,151.42999999999924,151.43999999999923,151.02999999999923,151.12999999999923,365
2026-06-18T16:20:00+00:00,151.12999999999923,151.40999999999923,151.10999999999925,151.14999999999924,566
2026-06-18T16:25:00+00:00,151.14999999999924,151.45999999999924,151.08999999999924,151.11999999999924,477
2026-06-18T16:30:00+00:00,151.11999999999924,151.17999999999924,150.80999999999923,150.91999999999925,415
2026-06-18T16:35:00+00:00,150.91999999999925,151.03999999999925,150.69999999999925,150.79999999999924,354
2026-06-18T16:40:00+00:00,150.79999999999924,150.80999999999923,150.56999999999925,150.58999999999924,266
2026-06-18T16:45:00+00:00,150.58999999999924,150.67999999999924,150.43999999999923,150.50999999999925,359
2026-06-18T16:50:00+00:00,150.50999999999925,150.52999999999923,150.07999999999925,150.07999999999925,417
2026-06-18T16:55:00+00:00,150.07999999999925,150.28999999999925,149.99999999999923,150.24999999999923,440
2026-06-18T17:00:00+00:00,150.24999999999923,150.49999999999923,150.19999999999925,150.49999999999923,409
2026-06-18T17:05:00+00:00,150.49999999999923,150.64999999999924,150.44999999999925,150.50999999999925,383
2026-06-18T17:10:00+00:00,150.50999999999925,150.69999999999925,150.46999999999923,150.65999999999923,252
2026-06-18T17:15:00+00:00,150.65999999999923,150.81999999999925,150.61999999999924,150.68999999999923,246
2026-06-18T17:20:00+00:00,150.68999999999923,150.74999999999923,150.38999999999925,150.45999999999924,359
2026-06-18T17:25:00+00:00,150.45999999999924,150.52999999999923,150.34999999999926,150.44999999999925,274
2026-06-18T17:30:00+00:00,150.44999999999925,150.51999999999924,150.05999999999923,150.39999999999924,294
2026-06-18T17:35:00+00:00,150.39999999999924,150.40999999999923,150.18999999999923,150.37999999999923,271
2026-06-18T17:40:00+00:00,150.37999999999923,150.43999999999923,150.30999999999923,150.39999999999924,233
2026-06-18T17:45:00+00:00,150.39999999999924,150.43999999999923,150.25999999999925,150.36999999999924,285
2026-06-18T17:50:00+00:00,150.36999999999924,150.44999999999925,150.29999999999924,150.30999999999923,161
2026-06-18T17:55:00+00:00,150.30999999999923,150.54999999999924,150.27999999999923,150.49999999999923,207
2026-06-18T18:00:00+00:00,150.49999999999923,150.49999999999923,150.11999999999924,150.13999999999925,310
2026-06-18T18:05:00+00:00,150.13999999999925,150.30999999999923,149.99999999999923,150.21999999999923,308
2026-06-18T18:10:00+00:00,150.21999999999923,150.29999999999924,149.92999999999924,149.94999999999925,300
2026-06-18T18:15:00+00:00,149.94999999999925,150.20999999999924,149.86999999999924,150.10999999999925,355
2026-06-18T18:20:00+00:00,150.10999999999925,150.15999999999923,149.98999999999924,150.12999999999923,263
2026-06-18T18:25:00+00:00,150.12999999999923,150.28999999999925,150.09999999999926,150.22999999999925,191
2026-06-18T18:30:00+00:00,150.22999999999925,150.40999999999923,150.22999999999925,150.30999999999923,217
2026-06-18T18:35:00+00:00,150.30999999999923,150.35999999999925,150.11999999999924,150.24999999999923,243
2026-06-18T18:40:00+00:00,150.24999999999923,150.31999999999925,150.18999999999923,150.26999999999924,187
2026-06-18T18:45:00+00:00,150.26999999999924,150.38999999999925,150.22999999999925,150.31999999999925,233
2026-06-18T18:50:00+00:00,150.31999999999925,150.34999999999926,150.16999999999925,150.21999999999923,214
2026-06-18T18:55:00+00:00,150.21999999999923,150.23999999999924,150.00999999999925,150.10999999999925,172
2026-06-18T19:00:00+00:00,150.10999999999925,150.18999999999923,149.92999999999924,149.96999999999923,253
2026-06-18T19:05:00+00:00,149.96999999999923,149.97999999999925,149.82999999999925,149.94999999999925,202
2026-06-18T19:10:00+00:00,149.94999999999925,149.97999999999925,149.68999999999923,149.79999999999924,359
2026-06-18T19:15:00+00:00,149.79999999999924,149.81999999999925,149.54999999999924,149.74999999999923,388
2026-06-18T19:20:00+00:00,149.74999999999923,149.83999999999924,149.71999999999923,149.74999999999923,255
2026-06-18T19:25:00+00:00,149.74999999999923,149.76999999999924,149.41999999999925,149.51999999999924,322
2026-06-18T19:30:00+00:00,149.51999999999924,149.63999999999925,149.31999999999925,149.63999999999925,378
2026-06-18T19:35:00+00:00,149.63999999999925,150.08999999999924,149.62999999999923,150.06999999999925,387
2026-06-18T19:40:00+00:00,150.06999999999925,150.10999999999925,149.92999999999924,150.02999999999923,384
2026-06-18T19:45:00+00:00,150.02999999999923,150.04999999999924,149.27999999999923,149.50999999999925,555
2026-06-18T19:50:00+00:00,149.50999999999925,149.89999999999924,149.05999999999923,149.05999999999923,662
2026-06-18T19:55:00+00:00,149.05999999999923,149.74999999999923,148.86999999999924,148.95999999999924,724
2026-06-22T13:30:00+00:00,148.95999999999924,151.12999999999923,148.95999999999924,150.12999999999923,149
2026-06-22T13:35:00+00:00,150.12999999999923,151.12999999999923,150.10999999999925,150.47999999999925,227
2026-06-22T13:40:00+00:00,150.47999999999925,151.11999999999924,150.28999999999925,151.04999999999924,232
2026-06-22T13:45:00+00:00,151.04999999999924,151.48999999999924,150.59999999999926,151.35999999999925,463
2026-06-22T13:50:00+00:00,151.35999999999925,152.01999999999924,151.16999999999925,151.60999999999925,478
2026-06-22T13:55:00+00:00,151.60999999999925,151.70999999999924,151.11999999999924,151.20999999999924,583
2026-06-22T14:00:00+00:00,151.20999999999924,151.30999999999923,150.66999999999925,151.24999999999923,697
2026-06-22T14:05:00+00:00,151.24999999999923,151.41999999999925,150.91999999999925,151.31999999999925,565
2026-06-22T14:10:00+00:00,151.31999999999925,152.06999999999925,151.29999999999924,151.98999999999924,619
2026-06-22T14:15:00+00:00,151.98999999999924,152.17999999999924,151.70999999999924,151.82999999999925,719
2026-06-22T14:20:00+00:00,151.82999999999925,152.19999999999925,151.56999999999925,151.70999999999924,657
2026-06-22T14:25:00+00:00,151.70999999999924,151.77999999999923,151.50999999999925,151.51999999999924,708
2026-06-22T14:30:00+00:00,151.51999999999924,151.72999999999925,151.23999999999924,151.56999999999925,793
2026-06-22T14:35:00+00:00,151.56999999999925,151.66999999999925,151.33999999999924,151.37999999999923,596
2026-06-22T14:40:00+00:00,151.37999999999923,151.45999999999924,151.09999999999926,151.12999999999923,606
2026-06-22T14:45:00+00:00,151.12999999999923,151.84999999999926,151.10999999999925,151.81999999999925,810
2026-06-22T14:50:00+00:00,151.81999999999925,151.84999999999926,151.35999999999925,151.38999999999925,568
2026-06-22T14:55:00+00:00,151.38999999999925,151.84999999999926,151.22999999999925,151.78999999999925,686
2026-06-22T15:00:00+00:00,151.78999999999925,152.03999999999925,151.71999999999923,151.71999999999923,494
2026-06-22T15:05:00+00:00,151.71999999999923,151.74999999999923,151.44999999999925,151.56999999999925,519
2026-06-22T15:10:00+00:00,151.56999999999925,151.74999999999923,151.49999999999923,151.60999999999925,426
2026-06-22T15:15:00+00:00,151.60999999999925,151.65999999999923,151.32999999999925,151.34999999999926,408
2026-06-22T15:20:00+00:00,151.34999999999926,151.63999999999925,151.22999999999925,151.51999999999924,391
2026-06-22T15:25:00+00:00,151.51999999999924,151.73999999999924,151.51999999999924,151.64999999999924,382
2026-06-22T15:30:00+00:00,151.64999999999924,151.82999999999925,151.52999999999923,151.79999999999924,466
2026-06-22T15:35:00+00:00,151.79999999999924,152.03999999999925,151.76999999999924,151.88999999999925,325
2026-06-22T15:40:00+00:00,151.88999999999925,151.97999999999925,151.58999999999924,151.60999999999925,393
2026-06-22T15:45:00+00:00,151.60999999999925,151.66999999999925,151.42999999999924,151.49999999999923,434
2026-06-22T15:50:00+00:00,151.49999999999923,151.63999999999925,151.36999999999924,151.57999999999925,586
2026-06-22T15:55:00+00:00,151.57999999999925,151.83999999999924,151.54999999999924,151.80999999999923,440
2026-06-22T16:00:00+00:00,151.80999999999923,151.84999999999926,151.37999999999923,151.49999999999923,438
2026-06-22T16:05:00+00:00,151.49999999999923,151.78999999999925,151.45999999999924,151.72999999999925,497
2026-06-22T16:10:00+00:00,151.72999999999925,152.05999999999923,151.68999999999923,151.91999999999925,447
2026-06-22T16:15:00+00:00,151.91999999999925,151.94999999999925,151.75999999999925,151.81999999999925,324
2026-06-22T16:20:00+00:00,151.81999999999925,151.92999999999924,151.75999999999925,151.84999999999926,381
2026-06-22T16:25:00+00:00,151.84999999999926,151.99999999999923,151.56999999999925,151.56999999999925,281
2026-06-22T16:30:00+00:00,151.56999999999925,151.74999999999923,151.54999999999924,151.71999999999923,329
2026-06-22T16:35:00+00:00,151.71999999999923,151.80999999999923,151.62999999999923,151.70999999999924,272
2026-06-22T16:40:00+00:00,151.70999999999924,151.78999999999925,151.55999999999923,151.72999999999925,227
2026-06-22T16:45:00+00:00,151.72999999999925,151.93999999999923,151.69999999999925,151.93999999999923,206
2026-06-22T16:50:00+00:00,151.93999999999923,152.05999999999923,151.85999999999925,151.93999999999923,272
2026-06-22T16:55:00+00:00,151.93999999999923,151.93999999999923,151.67999999999924,151.73999999999924,296
2026-06-22T17:00:00+00:00,151.73999999999924,151.81999999999925,151.55999999999923,151.56999999999925,302
2026-06-22T17:05:00+00:00,151.56999999999925,151.61999999999924,151.31999999999925,151.46999999999923,279
2026-06-22T17:10:00+00:00,151.46999999999923,151.72999999999925,151.41999999999925,151.67999999999924,414
2026-06-22T17:15:00+00:00,151.67999999999924,151.73999999999924,151.52999999999923,151.58999999999924,209
2026-06-22T17:20:00+00:00,151.58999999999924,151.67999999999924,151.50999999999925,151.59999999999926,232
2026-06-22T17:25:00+00:00,151.59999999999926,151.74999999999923,151.50999999999925,151.54999999999924,235
2026-06-22T17:30:00+00:00,151.54999999999924,151.61999999999924,151.34999999999926,151.35999999999925,323
2026-06-22T17:35:00+00:00,151.35999999999925,151.57999999999925,151.33999999999924,151.49999999999923,260
2026-06-22T17:40:00+00:00,151.49999999999923,151.65999999999923,151.46999999999923,151.59999999999926,187
2026-06-22T17:45:00+00:00,151.59999999999926,151.60999999999925,151.26999999999924,151.46999999999923,354
2026-06-22T17:50:00+00:00,151.46999999999923,151.56999999999925,151.37999999999923,151.52999999999923,275
2026-06-22T17:55:00+00:00,151.52999999999923,151.52999999999923,151.36999999999924,151.45999999999924,149
2026-06-22T18:00:00+00:00,151.45999999999924,151.60999999999925,151.39999999999924,151.46999999999923,247
2026-06-22T18:05:00+00:00,151.46999999999923,151.49999999999923,151.32999999999925,151.37999999999923,269
2026-06-22T18:10:00+00:00,151.37999999999923,151.40999999999923,151.16999999999925,151.17999999999924,245
2026-06-22T18:15:00+00:00,151.17999999999924,151.21999999999923,151.08999999999924,151.17999999999924,228
2026-06-22T18:20:00+00:00,151.17999999999924,151.32999999999925,151.16999999999925,151.25999999999925,219
2026-06-22T18:25:00+00:00,151.25999999999925,151.26999999999924,151.06999999999925,151.12999999999923,254
2026-06-22T18:30:00+00:00,151.12999999999923,151.26999999999924,151.01999999999924,151.02999999999923,284
2026-06-22T18:35:00+00:00,151.02999999999923,151.22999999999925,150.99999999999923,150.99999999999923,254
2026-06-22T18:40:00+00:00,150.99999999999923,151.04999999999924,150.87999999999923,150.91999999999925,223
2026-06-22T18:45:00+00:00,150.91999999999925,151.03999999999925,150.88999999999925,150.96999999999923,189
2026-06-22T18:50:00+00:00,150.96999999999923,150.99999999999923,150.80999999999923,150.87999999999923,270
2026-06-22T18:55:00+00:00,150.87999999999923,151.11999999999924,150.83999999999924,151.04999999999924,204
2026-06-22T19:00:00+00:00,151.04999999999924,151.21999999999923,151.04999999999924,151.21999999999923,258
2026-06-22T19:05:00+00:00,151.21999999999923,151.33999999999924,151.16999999999925,151.25999999999925,199
2026-06-22T19:10:00+00:00,151.25999999999925,151.44999999999925,151.23999999999924,151.34999999999926,178
2026-06-22T19:15:00+00:00,151.34999999999926,151.44999999999925,151.30999999999923,151.42999999999924,203
2026-06-22T19:20:00+00:00,151.42999999999924,151.50999999999925,151.36999999999924,151.41999999999925,212
2026-06-22T19:25:00+00:00,151.41999999999925,151.41999999999925,151.23999999999924,151.24999999999923,253
2026-06-22T19:30:00+00:00,151.24999999999923,151.51999999999924,151.24999999999923,151.37999999999923,325
2026-06-22T19:35:00+00:00,151.37999999999923,151.38999999999925,151.12999999999923,151.22999999999925,261
2026-06-22T19:40:00+00:00,151.22999999999925,151.22999999999925,150.93999999999923,150.99999999999923,331
2026-06-22T19:45:00+00:00,150.99999999999923,151.29999999999924,150.93999999999923,151.25999999999925,276
2026-06-22T19:50:00+00:00,151.25999999999925,151.30999999999923,150.93999999999923,151.30999999999923,428
2026-06-22T19:55:00+00:00,151.30999999999923,151.65999999999923,151.18999999999923,151.60999999999925,650
2026-06-23T13:30:00+00:00,151.60999999999925,151.60999999999925,148.95999999999924,150.02999999999923,262
2026-06-23T13:35:00+00:00,150.02999999999923,150.20999999999924,149.52999999999923,149.81999999999925,404
2026-06-23T13:40:00+00:00,149.81999999999925,150.18999999999923,149.52999999999923,149.98999999999924,391
2026-06-23T13:45:00+00:00,149.98999999999924,150.57999999999925,149.91999999999925,150.41999999999925,447
2026-06-23T13:50:00+00:00,150.41999999999925,150.78999999999925,150.07999999999925,150.12999999999923,452
2026-06-23T13:55:00+00:00,150.12999999999923,150.15999999999923,149.38999999999925,149.68999999999923,602
2026-06-23T14:00:00+00:00,149.68999999999923,150.02999999999923,149.54999999999924,149.95999999999924,793
2026-06-23T14:05:00+00:00,149.95999999999924,150.59999999999926,149.79999999999924,150.47999999999925,538
2026-06-23T14:10:00+00:00,150.47999999999925,150.95999999999924,150.40999999999923,150.70999999999924,725
2026-06-23T14:15:00+00:00,150.70999999999924,150.78999999999925,150.44999999999925,150.71999999999923,664
2026-06-23T14:20:00+00:00,150.71999999999923,150.82999999999925,150.33999999999924,150.56999999999925,510
2026-06-23T14:25:00+00:00,150.56999999999925,150.86999999999924,150.39999999999924,150.82999999999925,553
2026-06-23T14:30:00+00:00,150.82999999999925,150.89999999999924,150.55999999999923,150.69999999999925,656
2026-06-23T14:35:00+00:00,150.69999999999925,151.13999999999925,150.53999999999925,150.94999999999925,701
2026-06-23T14:40:00+00:00,150.94999999999925,151.10999999999925,150.70999999999924,150.98999999999924,647
2026-06-23T14:45:00+00:00,150.98999999999924,151.31999999999925,150.85999999999925,151.31999999999925,671
2026-06-23T14:50:00+00:00,151.31999999999925,151.69999999999925,151.22999999999925,151.65999999999923,775
2026-06-23T14:55:00+00:00,151.65999999999923,151.92999999999924,151.64999999999924,151.75999999999925,705
2026-06-23T15:00:00+00:00,151.75999999999925,151.80999999999923,151.33999999999924,151.58999999999924,756
2026-06-23T15:05:00+00:00,151.58999999999924,151.68999999999923,151.50999999999925,151.57999999999925,470
2026-06-23T15:10:00+00:00,151.57999999999925,151.66999999999925,151.42999999999924,151.60999999999925,431
2026-06-23T15:15:00+00:00,151.60999999999925,151.67999999999924,151.49999999999923,151.61999999999924,322
2026-06-23T15:20:00+00:00,151.61999999999924,151.76999999999924,151.48999999999924,151.52999999999923,464
2026-06-23T15:25:00+00:00,151.52999999999923,151.64999999999924,151.45999999999924,151.56999999999925,474
2026-06-23T15:30:00+00:00,151.56999999999925,151.93999999999923,151.56999999999925,151.78999999999925,586
2026-06-23T15:35:00+00:00,151.78999999999925,152.00999999999925,151.52999999999923,151.53999999999925,693
2026-06-23T15:40:00+00:00,151.53999999999925,151.73999999999924,151.43999999999923,151.58999999999924,495
2026-06-23T15:45:00+00:00,151.58999999999924,151.67999999999924,151.48999999999924,151.52999999999923,375
2026-06-23T15:50:00+00:00,151.52999999999923,151.62999999999923,151.37999999999923,151.37999999999923,459
2026-06-23T15:55:00+00:00,151.37999999999923,151.51999999999924,151.30999999999923,151.34999999999926,482
2026-06-23T16:00:00+00:00,151.34999999999926,151.64999999999924,151.34999999999926,151.55999999999923,479
2026-06-23T16:05:00+00:00,151.55999999999923,151.73999999999924,151.53999999999925,151.67999999999924,514
2026-06-23T16:10:00+00:00,151.67999999999924,151.85999999999925,151.67999999999924,151.77999999999923,413
2026-06-23T16:15:00+00:00,151.77999999999923,151.90999999999923,151.63999999999925,151.73999999999924,277
2026-06-23T16:20:00+00:00,151.73999999999924,151.75999999999925,151.55999999999923,151.70999999999924,319
2026-06-23T16:25:00+00:00,151.70999999999924,151.89999999999924,151.69999999999925,151.75999999999925,294
2026-06-23T16:30:00+00:00,151.75999999999925,151.83999999999924,151.71999999999923,151.73999999999924,189
2026-06-23T16:35:00+00:00,151.73999999999924,151.98999999999924,151.71999999999923,151.79999999999924,301
2026-06-23T16:40:00+00:00,151.79999999999924,151.88999999999925,151.70999999999924,151.82999999999925,331
2026-06-23T16:45:00+00:00,151.82999999999925,151.82999999999925,151.58999999999924,151.73999999999924,290
2026-06-23T16:50:00+00:00,151.73999999999924,151.74999999999923,151.47999999999925,151.50999999999925,322
2026-06-23T16:55:00+00:00,151.50999999999925,151.58999999999924,151.15999999999923,151.15999999999923,453
2026-06-23T17:00:00+00:00,151.15999999999923,151.22999999999925,151.01999999999924,151.09999999999926,369
2026-06-23T17:05:00+00:00,151.09999999999926,151.24999999999923,151.01999999999924,151.19999999999925,361
2026-06-23T17:10:00+00:00,151.19999999999925,151.34999999999926,151.16999999999925,151.26999999999924,373
2026-06-23T17:15:00+00:00,151.26999999999924,151.42999999999924,151.26999999999924,151.37999999999923,243
2026-06-23T17:20:00+00:00,151.37999999999923,151.49999999999923,151.31999999999925,151.43999999999923,261
2026-06-23T17:25:00+00:00,151.43999999999923,151.46999999999923,151.32999999999925,151.36999999999924,181
2026-06-23T17:30:00+00:00,151.36999999999924,151.70999999999924,151.36999999999924,151.63999999999925,250
2026-06-23T17:35:00+00:00,151.63999999999925,151.74999999999923,151.59999999999926,151.69999999999925,245
2026-06-23T17:40:00+00:00,151.69999999999925,151.78999999999925,151.62999999999923,151.66999999999925,241
2026-06-23T17:45:00+00:00,151.66999999999925,151.82999999999925,151.61999999999924,151.72999999999925,303
2026-06-23T17:50:00+00:00,151.72999999999925,151.74999999999923,151.58999999999924,151.58999999999924,248
2026-06-23T17:55:00+00:00,151.58999999999924,151.66999999999925,151.45999999999924,151.46999999999923,392
2026-06-23T18:00:00+00:00,151.46999999999923,151.61999999999924,151.42999999999924,151.56999999999925,387
2026-06-23T18:05:00+00:00,151.56999999999925,151.68999999999923,151.45999999999924,151.51999999999924,425
2026-06-23T18:10:00+00:00,151.51999999999924,151.54999999999924,151.21999999999923,151.23999999999924,287
2026-06-23T18:15:00+00:00,151.23999999999924,151.30999999999923,151.16999999999925,151.23999999999924,265
2026-06-23T18:20:00+00:00,151.23999999999924,151.43999999999923,151.15999999999923,151.35999999999925,313
2026-06-23T18:25:00+00:00,151.35999999999925,151.36999999999924,151.21999999999923,151.26999999999924,218
2026-06-23T18:30:00+00:00,151.26999999999924,151.37999999999923,151.22999999999925,151.30999999999923,198
2026-06-23T18:35:00+00:00,151.30999999999923,151.39999999999924,151.29999999999924,151.29999999999924,192
2026-06-23T18:40:00+00:00,151.29999999999924,151.30999999999923,151.08999999999924,151.09999999999926,253
2026-06-23T18:45:00+00:00,151.09999999999926,151.15999999999923,150.99999999999923,151.06999999999925,315
2026-06-23T18:50:00+00:00,151.06999999999925,151.14999999999924,150.99999999999923,151.10999999999925,191
2026-06-23T18:55:00+00:00,151.10999999999925,151.20999999999924,150.97999999999925,151.14999999999924,287
2026-06-23T19:00:00+00:00,151.14999999999924,151.22999999999925,151.08999999999924,151.17999999999924,252
2026-06-23T19:05:00+00:00,151.17999999999924,151.27999999999923,150.98999999999924,151.03999999999925,320
2026-06-23T19:10:00+00:00,151.03999999999925,151.07999999999925,150.85999999999925,150.95999999999924,251
2026-06-23T19:15:00+00:00,150.95999999999924,151.00999999999925,150.82999999999925,150.90999999999923,281
2026-06-23T19:20:00+00:00,150.90999999999923,151.24999999999923,150.88999999999925,151.22999999999925,251
2026-06-23T19:25:00+00:00,151.22999999999925,151.31999999999925,151.09999999999926,151.26999999999924,303
2026-06-23T19:30:00+00:00,151.26999999999924,151.38999999999925,151.20999999999924,151.24999999999923,286
2026-06-23T19:35:00+00:00,151.24999999999923,151.35999999999925,150.78999999999925,150.82999999999925,444
2026-06-23T19:40:00+00:00,150.82999999999925,150.85999999999925,150.65999999999923,150.66999999999925,331
2026-06-23T19:45:00+00:00,150.66999999999925,150.91999999999925,150.65999999999923,150.78999999999925,387
2026-06-23T19:50:00+00:00,150.78999999999925,151.38999999999925,150.77999999999923,151.33999999999924,514
2026-06-23T19:55:00+00:00,151.33999999999924,151.41999999999925,150.73999999999924,151.04999999999924,990
2026-06-24T13:30:00+00:00,151.04999999999924,151.65999999999923,149.79999999999924,150.86999999999924,224
2026-06-24T13:35:00+00:00,150.86999999999924,151.00999999999925,149.86999999999924,150.06999999999925,303
2026-06-24T13:40:00+00:00,150.06999999999925,150.20999999999924,149.20999999999924,149.20999999999924,343
2026-06-24T13:45:00+00:00,149.20999999999924,150.70999999999924,149.20999999999924,150.58999999999924,276
2026-06-24T13:50:00+00:00,150.58999999999924,150.85999999999925,150.35999999999925,150.50999999999925,353
2026-06-24T13:55:00+00:00,150.50999999999925,150.75999999999925,150.07999999999925,150.65999999999923,673
2026-06-24T14:00:00+00:00,150.65999999999923,150.92999999999924,150.29999999999924,150.36999999999924,686
2026-06-24T14:05:00+00:00,150.36999999999924,150.79999999999924,150.30999999999923,150.49999999999923,645
2026-06-24T14:10:00+00:00,150.49999999999923,150.61999999999924,150.20999999999924,150.47999999999925,585
2026-06-24T14:15:00+00:00,150.47999999999925,150.48999999999924,149.96999999999923,150.24999999999923,776
2026-06-24T14:20:00+00:00,150.24999999999923,150.38999999999925,149.96999999999923,150.06999999999925,695
2026-06-24T14:25:00+00:00,150.06999999999925,150.12999999999923,149.86999999999924,150.05999999999923,572
2026-06-24T14:30:00+00:00,150.05999999999923,150.59999999999926,150.05999999999923,150.52999999999923,598
2026-06-24T14:35:00+00:00,150.52999999999923,150.79999999999924,150.45999999999924,150.47999999999925,585
2026-06-24T14:40:00+00:00,150.47999999999925,150.51999999999924,150.18999999999923,150.42999999999924,550
2026-06-24T14:45:00+00:00,150.42999999999924,150.47999999999925,149.94999999999925,150.01999999999924,617
2026-06-24T14:50:00+00:00,150.01999999999924,150.23999999999924,149.86999999999924,150.21999999999923,480
2026-06-24T14:55:00+00:00,150.21999999999923,150.21999999999923,149.98999999999924,150.06999999999923,579.5325443786983
2026-06-24T15:00:00+00:00,150.06999999999923,150.2799999999992,149.9599999999992,150.13999999999922,560
2026-06-24T15:05:00+00:00,150.13999999999922,150.2099999999992,149.8699999999992,150.0599999999992,453
2026-06-24T15:10:00+00:00,150.0599999999992,150.2099999999992,149.8699999999992,149.9599999999992,501
2026-06-24T15:15:00+00:00,149.9599999999992,150.3699999999992,149.94999999999922,150.2799999999992,391
2026-06-24T15:20:00+00:00,150.2799999999992,150.28999999999922,149.9699999999992,150.09999999999923,517
2026-06-24T15:25:00+00:00,150.09999999999923,150.56999999999923,150.06999999999923,150.53999999999922,560
2026-06-24T15:30:00+00:00,150.53999999999922,150.66999999999922,150.28999999999922,150.59999999999923,497
2026-06-24T15:35:00+00:00,150.59999999999923,150.6599999999992,150.41999999999922,150.5599999999992,428
2026-06-24T15:40:00+00:00,150.5599999999992,150.66999999999922,150.4399999999992,150.4599999999992,320
2026-06-24T15:45:00+00:00,150.4599999999992,150.47999999999922,149.9699999999992,150.2199999999992,583
2026-06-24T15:50:00+00:00,150.2199999999992,150.2799999999992,150.07999999999922,150.2399999999992,535
2026-06-24T15:55:00+00:00,150.2399999999992,150.31999999999923,150.00999999999922,150.00999999999922,364
2026-06-24T16:00:00+00:00,150.00999999999922,150.0599999999992,149.79999999999922,149.84999999999923,369
2026-06-24T16:05:00+00:00,149.84999999999923,149.84999999999923,149.54999999999922,149.7099999999992,375
2026-06-24T16:10:00+00:00,149.7099999999992,149.7099999999992,149.28999999999922,149.29999999999922,405
2026-06-24T16:15:00+00:00,149.29999999999922,149.4899999999992,149.22999999999922,149.35999999999922,351
2026-06-24T16:20:00+00:00,149.35999999999922,149.75999999999922,149.31999999999923,149.63999999999922,421
2026-06-24T16:25:00+00:00,149.63999999999922,149.63999999999922,149.4099999999992,149.50999999999922,431
2026-06-24T16:30:00+00:00,149.50999999999922,149.59999999999923,149.3399999999992,149.5299999999992,333
2026-06-24T16:35:00+00:00,149.5299999999992,149.57999999999922,149.2399999999992,149.25999999999922,348
2026-06-24T16:40:00+00:00,149.25999999999922,149.4899999999992,149.09999999999923,149.3799999999992,473
2026-06-24T16:45:00+00:00,149.3799999999992,149.5899999999992,149.32999999999922,149.51999999999921,409
2026-06-24T16:50:00+00:00,149.51999999999921,149.60999999999922,149.31999999999923,149.31999999999923,413
2026-06-24T16:55:00+00:00,149.31999999999923,149.57999999999922,149.2799999999992,149.50999999999922,372
2026-06-24T17:00:00+00:00,149.50999999999922,149.6499999999992,149.4699999999992,149.5899999999992,327
2026-06-24T17:05:00+00:00,149.5899999999992,149.60999999999922,149.32999999999922,149.54999999999922,360
2026-06-24T17:10:00+00:00,149.54999999999922,149.7399999999992,149.47999999999922,149.63999999999922,270
2026-06-24T17:15:00+00:00,149.63999999999922,149.6899999999992,149.2799999999992,149.4999999999992,542
2026-06-24T17:20:00+00:00,149.4999999999992,149.53999999999922,149.29999999999922,149.32999999999922,382
2026-06-24T17:25:00+00:00,149.32999999999922,149.32999999999922,149.06999999999923,149.19999999999922,435
2026-06-24T17:30:00+00:00,149.19999999999922,149.26999999999921,149.03999999999922,149.0899999999992,726
2026-06-24T17:35:00+00:00,149.0899999999992,149.3399999999992,149.07999999999922,149.28999999999922,582
2026-06-24T17:40:00+00:00,149.28999999999922,149.6299999999992,149.2399999999992,149.4599999999992,507
2026-06-24T17:45:00+00:00,149.4599999999992,149.59999999999923,149.26999999999921,149.5299999999992,491
2026-06-24T17:50:00+00:00,149.5299999999992,149.7199999999992,149.4999999999992,149.6899999999992,271
2026-06-24T17:55:00+00:00,149.6899999999992,149.8699999999992,149.3799999999992,149.41999999999922,501
2026-06-24T18:00:00+00:00,149.41999999999922,149.63999999999922,149.31999999999923,149.5899999999992,537
2026-06-24T18:05:00+00:00,149.5899999999992,149.6599999999992,149.4999999999992,149.6199999999992,387
2026-06-24T18:10:00+00:00,149.6199999999992,149.6499999999992,149.4999999999992,149.59999999999923,341
2026-06-24T18:15:00+00:00,149.59999999999923,149.79999999999922,149.54999999999922,149.7099999999992,398
2026-06-24T18:20:00+00:00,149.7099999999992,149.8099999999992,149.6299999999992,149.79999999999922,346
2026-06-24T18:25:00+00:00,149.79999999999922,150.01999999999921,149.79999999999922,149.8799999999992,447
2026-06-24T18:30:00+00:00,149.8799999999992,150.1199999999992,149.85999999999922,150.1199999999992,408
2026-06-24T18:35:00+00:00,150.1199999999992,150.1899999999992,149.9699999999992,150.01999999999921,339
2026-06-24T18:40:00+00:00,150.01999999999921,150.04999999999922,149.8699999999992,150.01999999999921,302
2026-06-24T18:45:00+00:00,150.01999999999921,150.01999999999921,149.59999999999923,149.7099999999992,301
2026-06-24T18:50:00+00:00,149.7099999999992,149.94999999999922,149.63999999999922,149.88999999999922,433
2026-06-24T18:55:00+00:00,149.88999999999922,149.97999999999922,149.76999999999921,149.91999999999922,317
2026-06-24T19:00:00+00:00,149.91999999999922,150.16999999999922,149.81999999999923,150.09999999999923,370
2026-06-24T19:05:00+00:00,150.09999999999923,150.1199999999992,149.8399999999992,149.8999999999992,299
2026-06-24T19:10:00+00:00,149.8999999999992,150.13999999999922,149.8399999999992,150.1199999999992,262
2026-06-24T19:15:00+00:00,150.1199999999992,150.1499999999992,149.9699999999992,150.03999999999922,275
2026-06-24T19:20:00+00:00,150.03999999999922,150.1199999999992,149.94999999999922,150.0899999999992,233
2026-06-24T19:25:00+00:00,150.0899999999992,150.1899999999992,149.9699999999992,150.07999999999922,302
2026-06-24T19:30:00+00:00,150.07999999999922,150.1899999999992,149.9699999999992,150.07999999999922,405
2026-06-24T19:35:00+00:00,150.07999999999922,150.07999999999922,149.8099999999992,149.84999999999923,337
2026-06-24T19:40:00+00:00,149.84999999999923,149.9899999999992,149.7799999999992,149.9099999999992,292
2026-06-24T19:45:00+00:00,149.9099999999992,150.04999999999922,149.88999999999922,150.0299999999992,330
2026-06-24T19:50:00+00:00,150.0299999999992,150.0899999999992,149.6299999999992,149.9099999999992,576
2026-06-24T19:55:00+00:00,149.9099999999992,150.19999999999922,149.3099999999992,149.59999999999923,888
2026-06-25T13:30:00+00:00,149.59999999999923,152.10999999999922,149.59999999999923,151.56999999999923,145
2026-06-25T13:35:00+00:00,151.56999999999923,151.9299999999992,150.66999999999922,151.4599999999992,211
2026-06-25T13:40:00+00:00,151.4599999999992,151.59999999999923,150.88999999999922,150.9599999999992,159
2026-06-25T13:45:00+00:00,150.9599999999992,151.32999999999922,150.76999999999921,151.07999999999922,226
2026-06-25T13:50:00+00:00,151.07999999999922,151.63999999999922,151.0599999999992,151.16999999999922,486
2026-06-25T13:55:00+00:00,151.16999999999922,151.63999999999922,151.0599999999992,151.50999999999922,646
2026-06-25T14:00:00+00:00,151.50999999999922,152.10999999999922,151.47999999999922,152.06999999999923,745
2026-06-25T14:05:00+00:00,152.06999999999923,152.57999999999922,151.9999999999992,152.4899999999992,755
2026-06-25T14:10:00+00:00,152.4899999999992,152.69999999999922,152.16999999999922,152.2799999999992,752
2026-06-25T14:15:00+00:00,152.2799999999992,152.76999999999921,152.2199999999992,152.7199999999992,688
2026-06-25T14:20:00+00:00,152.7199999999992,152.9599999999992,152.6299999999992,152.88999999999922,729
2026-06-25T14:25:00+00:00,152.88999999999922,153.2199999999992,152.85999999999922,152.9299999999992,452
2026-06-25T14:30:00+00:00,152.9299999999992,153.5299999999992,152.9299999999992,153.4899999999992,548
2026-06-25T14:35:00+00:00,153.4899999999992,153.63999999999922,153.26999999999921,153.31999999999923,582
2026-06-25T14:40:00+00:00,153.31999999999923,153.34999999999923,152.94999999999922,152.9899999999992,677
2026-06-25T14:45:00+00:00,152.9899999999992,153.2099999999992,152.85999999999922,153.06999999999923,683
2026-06-25T14:50:00+00:00,153.06999999999923,153.28999999999922,153.00999999999922,153.25999999999922,523
2026-06-25T14:55:00+00:00,153.25999999999922,153.3699999999992,152.8699999999992,152.9099999999992,830
2026-06-25T15:00:00+00:00,152.9099999999992,153.1299999999992,152.78999999999922,152.9399999999992,721
2026-06-25T15:05:00+00:00,152.9399999999992,153.00999999999922,152.2499999999992,152.4899999999992,645
2026-06-25T15:10:00+00:00,152.4899999999992,152.5299999999992,151.8799999999992,151.91999999999922,712
2026-06-25T15:15:00+00:00,151.91999999999922,152.5899999999992,151.79999999999922,152.53999999999922,906
2026-06-25T15:20:00+00:00,152.53999999999922,152.7199999999992,152.3099999999992,152.63999999999922,590
2026-06-25T15:25:00+00:00,152.63999999999922,152.9699999999992,152.59999999999923,152.72999999999922,797
2026-06-25T15:30:00+00:00,152.72999999999922,152.79999999999922,152.4899999999992,152.53999999999922,658
2026-06-25T15:35:00+00:00,152.53999999999922,152.57999999999922,152.2199999999992,152.25999999999922,563
2026-06-25T15:40:00+00:00,152.25999999999922,152.25999999999922,152.06999999999923,152.1599999999992,530
2026-06-25T15:45:00+00:00,152.1599999999992,152.4099999999992,152.1199999999992,152.13999999999922,414
2026-06-25T15:50:00+00:00,152.13999999999922,152.2099999999992,152.04999999999922,152.13999999999922,485
2026-06-25T15:55:00+00:00,152.13999999999922,152.26999999999921,152.1299999999992,152.2399999999992,359
2026-06-25T16:00:00+00:00,152.2399999999992,152.26999999999921,152.0599999999992,152.10999999999922,310
2026-06-25T16:05:00+00:00,152.10999999999922,152.3099999999992,152.09999999999923,152.2099999999992,441
2026-06-25T16:10:00+00:00,152.2099999999992,152.3999999999992,152.2099999999992,152.3399999999992,499
2026-06-25T16:15:00+00:00,152.3399999999992,152.47999999999922,152.3099999999992,152.3999999999992,338
2026-06-25T16:20:00+00:00,152.3999999999992,152.41999999999922,152.1299999999992,152.16999999999922,383
2026-06-25T16:25:00+00:00,152.16999999999922,152.3099999999992,152.0599999999992,152.2799999999992,448
2026-06-25T16:30:00+00:00,152.2799999999992,152.31999999999923,151.8699999999992,151.97999999999922,514
2026-06-25T16:35:00+00:00,151.97999999999922,151.97999999999922,151.53999999999922,151.6299999999992,525
2026-06-25T16:40:00+00:00,151.6299999999992,151.6899999999992,151.4899999999992,151.4999999999992,523
2026-06-25T16:45:00+00:00,151.4999999999992,151.53999999999922,151.1199999999992,151.3799999999992,528
2026-06-25T16:50:00+00:00,151.3799999999992,151.44999999999922,151.3099999999992,151.3799999999992,300
2026-06-25T16:55:00+00:00,151.3799999999992,151.38999999999922,151.1199999999992,151.16999999999922,343
2026-06-25T17:00:00+00:00,151.16999999999922,151.2799999999992,151.0299999999992,151.04999999999922,406
2026-06-25T17:05:00+00:00,151.04999999999922,151.06999999999923,150.78999999999922,150.97999999999922,342
2026-06-25T17:10:00+00:00,150.97999999999922,151.2099999999992,150.9699999999992,151.00999999999922,366
2026-06-25T17:15:00+00:00,151.00999999999922,151.19999999999922,150.8399999999992,150.84999999999923,406
2026-06-25T17:20:00+00:00,150.84999999999923,151.0299999999992,150.76999999999921,151.00999999999922,329
2026-06-25T17:25:00+00:00,151.00999999999922,151.1599999999992,150.9099999999992,150.97999999999922,305
2026-06-25T17:30:00+00:00,150.97999999999922,151.1199999999992,150.8799999999992,151.0899999999992,398
2026-06-25T17:35:00+00:00,151.0899999999992,151.1499999999992,150.9599999999992,151.1199999999992,287
2026-06-25T17:40:00+00:00,151.1199999999992,151.22999999999922,150.88999999999922,150.9099999999992,365
2026-06-25T17:45:00+00:00,150.9099999999992,150.94999999999922,150.76999999999921,150.81999999999923,385
2026-06-25T17:50:00+00:00,150.81999999999923,150.9999999999992,150.76999999999921,150.9599999999992,291
2026-06-25T17:55:00+00:00,150.9599999999992,151.22999999999922,150.9099999999992,151.19999999999922,406
2026-06-25T18:00:00+00:00,151.19999999999922,151.25999999999922,150.8999999999992,151.0299999999992,601
2026-06-25T18:05:00+00:00,151.0299999999992,151.1799999999992,150.9699999999992,151.0899999999992,442
2026-06-25T18:10:00+00:00,151.0899999999992,151.2499999999992,151.07999999999922,151.1599999999992,374
2026-06-25T18:15:00+00:00,151.1599999999992,151.51999999999921,151.1599999999992,151.4099999999992,371
2026-06-25T18:20:00+00:00,151.4099999999992,151.6199999999992,151.34999999999923,151.50999999999922,480
2026-06-25T18:25:00+00:00,151.50999999999922,151.85999999999922,151.50999999999922,151.7099999999992,335
2026-06-25T18:30:00+00:00,151.7099999999992,151.7099999999992,151.1599999999992,151.1799999999992,404
2026-06-25T18:35:00+00:00,151.1799999999992,151.3099999999992,151.09999999999923,151.2199999999992,432
2026-06-25T18:40:00+00:00,151.2199999999992,151.2799999999992,150.9299999999992,150.94999999999922,454
2026-06-25T18:45:00+00:00,150.94999999999922,151.0299999999992,150.8699999999992,151.01999999999921,256
2026-06-25T18:50:00+00:00,151.01999999999921,151.25999999999922,150.9999999999992,151.19999999999922,270
2026-06-25T18:55:00+00:00,151.19999999999922,151.3699999999992,151.1799999999992,151.2499999999992,362
2026-06-25T19:00:00+00:00,151.2499999999992,151.29999999999922,151.1199999999992,151.2399999999992,309
2026-06-25T19:05:00+00:00,151.2399999999992,151.2399999999992,151.10999999999922,151.1799999999992,221
2026-06-25T19:10:00+00:00,151.1799999999992,151.3399999999992,151.0899999999992,151.09999999999923,219
2026-06-25T19:15:00+00:00,151.09999999999923,151.1899999999992,151.00999999999922,151.10999999999922,204
2026-06-25T19:20:00+00:00,151.10999999999922,151.19999999999922,150.9999999999992,151.07999999999922,437
2026-06-25T19:25:00+00:00,151.07999999999922,151.19999999999922,150.97999999999922,151.00999999999922,252
2026-06-25T19:30:00+00:00,151.00999999999922,151.0899999999992,150.79999999999922,150.85999999999922,370
2026-06-25T19:35:00+00:00,150.85999999999922,150.91999999999922,150.7199999999992,150.9099999999992,266
2026-06-25T19:40:00+00:00,150.9099999999992,150.9599999999992,150.7799999999992,150.8099999999992,201
2026-06-25T19:45:00+00:00,150.8099999999992,150.8999999999992,150.6799999999992,150.88999999999922,274
2026-06-25T19:50:00+00:00,150.88999999999922,151.06999999999923,150.6799999999992,150.6799999999992,398
2026-06-25T19:55:00+00:00,150.6799999999992,150.85999999999922,150.53999999999922,150.85999999999922,553
2026-06-26T13:30:00+00:00,150.85999999999922,150.85999999999922,148.3699999999992,148.47999999999922,237
2026-06-26T13:35:00+00:00,148.47999999999922,149.2799999999992,148.2399999999992,148.4899999999992,277
2026-06-26T13:40:00+00:00,148.4899999999992,148.6899999999992,146.8699999999992,146.8799999999992,382
2026-06-26T13:45:00+00:00,146.8799999999992,148.2399999999992,146.53999999999922,147.5299999999992,712
2026-06-26T13:50:00+00:00,147.5299999999992,147.9399999999992,147.4699999999992,147.59999999999923,430
2026-06-26T13:55:00+00:00,147.59999999999923,148.26999999999921,147.2799999999992,148.10999999999922,360
2026-06-26T14:00:00+00:00,148.10999999999922,148.47999999999922,147.8699999999992,148.29999999999922,537
2026-06-26T14:05:00+00:00,148.29999999999922,148.88999999999922,148.22999999999922,148.59999999999923,460
2026-06-26T14:10:00+00:00,148.59999999999923,148.78999999999922,148.25999999999922,148.32999999999922,358
2026-06-26T14:15:00+00:00,148.32999999999922,148.4899999999992,147.8799999999992,148.0599999999992,485
2026-06-26T14:20:00+00:00,148.0599999999992,148.5899999999992,147.9999999999992,148.25999999999922,564
2026-06-26T14:25:00+00:00,148.25999999999922,148.6499999999992,148.2199999999992,148.59999999999923,450
2026-06-26T14:30:00+00:00,148.59999999999923,148.7799999999992,148.4699999999992,148.50999999999922,548
2026-06-26T14:35:00+00:00,148.50999999999922,148.6599999999992,148.2799999999992,148.4599999999992,669
2026-06-26T14:40:00+00:00,148.4599999999992,148.8999999999992,148.3999999999992,148.63999999999922,833
2026-06-26T14:45:00+00:00,148.63999999999922,149.1799999999992,148.41999999999922,148.63999999999922,951
2026-06-26T14:50:00+00:00,148.63999999999922,148.6899999999992,148.0599999999992,148.1599999999992,836
2026-06-26T14:55:00+00:00,148.1599999999992,148.34999999999923,148.07999999999922,148.1299999999992,723.078008009751
2026-06-26T15:00:00+00:00,148.1299999999992,148.4999999999992,148.1199999999992,148.2899999999992,695
2026-06-26T15:05:00+00:00,148.2899999999992,148.3599999999992,148.01999999999921,148.2799999999992,665
2026-06-26T15:10:00+00:00,148.2799999999992,148.3399999999992,147.3199999999992,147.4299999999992,743
2026-06-26T15:15:00+00:00,147.4299999999992,148.0099999999992,147.3199999999992,147.9099999999992,575
2026-06-26T15:20:00+00:00,147.9099999999992,148.1899999999992,147.5399999999992,147.9499999999992,487
2026-06-26T15:25:00+00:00,147.9499999999992,148.5299999999992,147.8899999999992,148.4899999999992,665
2026-06-26T15:30:00+00:00,148.4899999999992,148.7099999999992,148.29999999999922,148.5399999999992,771
2026-06-26T15:35:00+00:00,148.5399999999992,148.9699999999992,148.51999999999921,148.79999999999922,709
2026-06-26T15:40:00+00:00,148.79999999999922,149.01999999999921,148.6399999999992,148.79999999999922,596
2026-06-26T15:45:00+00:00,148.79999999999922,148.9799999999992,148.6199999999992,148.7199999999992,622
2026-06-26T15:50:00+00:00,148.7199999999992,148.8099999999992,148.0999999999992,148.4699999999992,455
2026-06-26T15:55:00+00:00,148.4699999999992,148.9699999999992,148.4699999999992,148.8999999999992,407
2026-06-26T16:00:00+00:00,148.8999999999992,149.1599999999992,148.8599999999992,148.9399999999992,498
2026-06-26T16:05:00+00:00,148.9399999999992,149.0299999999992,148.3899999999992,148.4599999999992,545
2026-06-26T16:10:00+00:00,148.4599999999992,148.5699999999992,148.2099999999992,148.2499999999992,463
2026-06-26T16:15:00+00:00,148.2499999999992,148.3499999999992,148.0799999999992,148.2399999999992,404
2026-06-26T16:20:00+00:00,148.2399999999992,148.29999999999922,147.7099999999992,147.8199999999992,598
2026-06-26T16:25:00+00:00,147.8199999999992,148.0299999999992,147.8199999999992,147.9299999999992,438
2026-06-26T16:30:00+00:00,147.9299999999992,148.1899999999992,147.8999999999992,148.1299999999992,552
2026-06-26T16:35:00+00:00,148.1299999999992,148.1799999999992,148.0299999999992,148.04999999999922,456
2026-06-26T16:40:00+00:00,148.04999999999922,148.1399999999992,147.9399999999992,147.9799999999992,420
2026-06-26T16:45:00+00:00,147.9799999999992,148.0299999999992,147.8699999999992,147.8999999999992,298
2026-06-26T16:50:00+00:00,147.8999999999992,148.0099999999992,147.8699999999992,147.9499999999992,296
2026-06-26T16:55:00+00:00,147.9499999999992,148.0699999999992,147.9199999999992,147.9899999999992,182
2026-06-26T17:00:00+00:00,147.9899999999992,148.0599999999992,147.6999999999992,147.8999999999992,440
2026-06-26T17:05:00+00:00,147.8999999999992,148.1599999999992,147.8499999999992,148.0099999999992,478
2026-06-26T17:10:00+00:00,148.0099999999992,148.0699999999992,147.9599999999992,148.04999999999922,373
2026-06-26T17:15:00+00:00,148.04999999999922,148.0899999999992,147.8699999999992,147.8999999999992,298
2026-06-26T17:20:00+00:00,147.8999999999992,147.9999999999992,147.6399999999992,147.6399999999992,385
2026-06-26T17:25:00+00:00,147.6399999999992,147.8499999999992,147.4499999999992,147.6899999999992,412
2026-06-26T17:30:00+00:00,147.6899999999992,148.1399999999992,147.6899999999992,147.9999999999992,487
2026-06-26T17:35:00+00:00,147.9999999999992,148.0299999999992,147.7599999999992,147.76999999999921,354
2026-06-26T17:40:00+00:00,147.76999999999921,147.8999999999992,147.6499999999992,147.8099999999992,489
2026-06-26T17:45:00+00:00,147.8099999999992,147.8899999999992,147.6399999999992,147.6699999999992,345
2026-06-26T17:50:00+00:00,147.6699999999992,147.8099999999992,147.5999999999992,147.7199999999992,298
2026-06-26T17:55:00+00:00,147.7199999999992,147.7399999999992,147.51999999999921,147.5999999999992,386
2026-06-26T18:00:00+00:00,147.5999999999992,147.8399999999992,147.4999999999992,147.7799999999992,397
2026-06-26T18:05:00+00:00,147.7799999999992,147.8399999999992,147.6499999999992,147.6699999999992,337
2026-06-26T18:10:00+00:00,147.6699999999992,147.7399999999992,147.51999999999921,147.5899999999992,363
2026-06-26T18:15:00+00:00,147.5899999999992,147.6299999999992,147.3199999999992,147.3899999999992,422
2026-06-26T18:20:00+00:00,147.3899999999992,147.5099999999992,147.3199999999992,147.4999999999992,273
2026-06-26T18:25:00+00:00,147.4999999999992,147.5599999999992,147.2299999999992,147.3399999999992,289
2026-06-26T18:30:00+00:00,147.3399999999992,147.3899999999992,147.0899999999992,147.1199999999992,301
2026-06-26T18:35:00+00:00,147.1199999999992,147.1399999999992,146.9399999999992,147.0599999999992,285
2026-06-26T18:40:00+00:00,147.0599999999992,147.1299999999992,146.9799999999992,147.0599999999992,338
2026-06-26T18:45:00+00:00,147.0599999999992,147.0799999999992,146.8299999999992,146.9699999999992,371
2026-06-26T18:50:00+00:00,146.9699999999992,147.1299999999992,146.8599999999992,147.0099999999992,339
2026-06-26T18:55:00+00:00,147.0099999999992,147.1399999999992,146.9699999999992,147.0899999999992,301
2026-06-26T19:00:00+00:00,147.0899999999992,147.1899999999992,146.9799999999992,146.9799999999992,394
2026-06-26T19:05:00+00:00,146.9799999999992,147.1799999999992,146.9199999999992,147.1199999999992,344
2026-06-26T19:10:00+00:00,147.1199999999992,147.51999999999921,147.0699999999992,147.4999999999992,319
2026-06-26T19:15:00+00:00,147.4999999999992,147.6399999999992,147.4599999999992,147.6199999999992,476
2026-06-26T19:20:00+00:00,147.6199999999992,147.6299999999992,147.4599999999992,147.5599999999992,398
2026-06-26T19:25:00+00:00,147.5599999999992,147.6199999999992,147.4399999999992,147.4499999999992,310
2026-06-26T19:30:00+00:00,147.4499999999992,147.4799999999992,147.2299999999992,147.2299999999992,435
2026-06-26T19:35:00+00:00,147.2299999999992,147.3499999999992,146.9599999999992,147.0999999999992,400
2026-06-26T19:40:00+00:00,147.0999999999992,147.1599999999992,146.9499999999992,147.01999999999921,376
2026-06-26T19:45:00+00:00,147.01999999999921,147.2399999999992,146.7799999999992,146.9599999999992,505
2026-06-26T19:50:00+00:00,146.9599999999992,147.7499999999992,146.9599999999992,147.6999999999992,862
2026-06-26T19:55:00+00:00,147.6999999999992,147.8399999999992,147.1799999999992,147.4099999999992,881
2026-06-29T13:30:00+00:00,147.4099999999992,148.8699999999992,147.1299999999992,147.9099999999992,129
2026-06-29T13:35:00+00:00,147.9099999999992,149.04999999999922,147.9099999999992,148.3999999999992,115
2026-06-29T13:40:00+00:00,148.3999999999992,148.9899999999992,148.0099999999992,148.9899999999992,206
2026-06-29T13:45:00+00:00,148.9899999999992,148.9899999999992,148.0799999999992,148.4099999999992,203
2026-06-29T13:50:00+00:00,148.4099999999992,148.5799999999992,148.0799999999992,148.1799999999992,212
2026-06-29T13:55:00+00:00,148.1799999999992,148.1899999999992,147.8399999999992,147.9799999999992,198
2026-06-29T14:00:00+00:00,147.9799999999992,148.4399999999992,147.8399999999992,148.3999999999992,240
2026-06-29T14:05:00+00:00,148.3999999999992,148.4199999999992,147.8399999999992,148.0799999999992,227
2026-06-29T14:10:00+00:00,148.0799999999992,148.2099999999992,147.6399999999992,147.6499999999992,508
2026-06-29T14:15:00+00:00,147.6499999999992,148.1999999999992,147.5799999999992,147.9799999999992,579
2026-06-29T14:20:00+00:00,147.9799999999992,148.1599999999992,147.8599999999992,147.9299999999992,277
2026-06-29T14:25:00+00:00,147.9299999999992,148.6499999999992,147.9199999999992,148.3499999999992,362
2026-06-29T14:30:00+00:00,148.3499999999992,148.76999999999921,148.3499999999992,148.6199999999992,352
2026-06-29T14:35:00+00:00,148.6199999999992,148.8799999999992,148.5299999999992,148.7299999999992,421
2026-06-29T14:40:00+00:00,148.7299999999992,148.9099999999992,148.6099999999992,148.7299999999992,650
2026-06-29T14:45:00+00:00,148.7299999999992,148.76999999999921,148.3199999999992,148.6599999999992,904
2026-06-29T14:50:00+00:00,148.6599999999992,148.7599999999992,148.4999999999992,148.6899999999992,664
2026-06-29T14:55:00+00:00,148.6899999999992,148.7499999999992,148.5599999999992,148.6999999999992,546
2026-06-29T15:00:00+00:00,148.6999999999992,148.8299999999992,148.3699999999992,148.5899999999992,605
2026-06-29T15:05:00+00:00,148.5899999999992,148.8799999999992,148.4899999999992,148.6899999999992,389
2026-06-29T15:10:00+00:00,148.6899999999992,148.8199999999992,148.5399999999992,148.8099999999992,589
2026-06-29T15:15:00+00:00,148.8099999999992,148.8899999999992,148.5299999999992,148.5399999999992,549
2026-06-29T15:20:00+00:00,148.5399999999992,148.7399999999992,148.4799999999992,148.6799999999992,402
2026-06-29T15:25:00+00:00,148.6799999999992,148.7399999999992,148.4999999999992,148.6999999999992,369
2026-06-29T15:30:00+00:00,148.6999999999992,148.8699999999992,148.5599999999992,148.5799999999992,431
2026-06-29T15:35:00+00:00,148.5799999999992,148.8399999999992,148.5699999999992,148.8099999999992,414
2026-06-29T15:40:00+00:00,148.8099999999992,148.8099999999992,148.5599999999992,148.7499999999992,386
2026-06-29T15:45:00+00:00,148.7499999999992,148.8699999999992,148.6899999999992,148.7299999999992,261
2026-06-29T15:50:00+00:00,148.7299999999992,148.8099999999992,148.5699999999992,148.7599999999992,289
2026-06-29T15:55:00+00:00,148.7599999999992,148.8599999999992,148.5899999999992,148.7899999999992,323
2026-06-29T16:00:00+00:00,148.7899999999992,148.9699999999992,148.7599999999992,148.9399999999992,385
2026-06-29T16:05:00+00:00,148.9399999999992,149.0399999999992,148.8999999999992,148.9999999999992,274
2026-06-29T16:10:00+00:00,148.9999999999992,149.2099999999992,148.9799999999992,149.2099999999992,190
2026-06-29T16:15:00+00:00,149.2099999999992,149.2099999999992,149.0299999999992,149.1599999999992,334
2026-06-29T16:20:00+00:00,149.1599999999992,149.1699999999992,148.9699999999992,148.9699999999992,249
2026-06-29T16:25:00+00:00,148.9699999999992,149.0799999999992,148.8799999999992,148.9299999999992,267
2026-06-29T16:30:00+00:00,148.9299999999992,149.04999999999922,148.8399999999992,148.8799999999992,259
2026-06-29T16:35:00+00:00,148.8799999999992,148.9599999999992,148.8199999999992,148.9099999999992,202
2026-06-29T16:40:00+00:00,148.9099999999992,149.1399999999992,148.8299999999992,148.8599999999992,299
2026-06-29T16:45:00+00:00,148.8599999999992,148.8699999999992,148.6799999999992,148.7799999999992,236
2026-06-29T16:50:00+00:00,148.7799999999992,148.9599999999992,148.6799999999992,148.8599999999992,302
2026-06-29T16:55:00+00:00,148.8599999999992,148.9399999999992,148.76999999999921,148.8599999999992,224
2026-06-29T17:00:00+00:00,148.8599999999992,149.0299999999992,148.8199999999992,149.0299999999992,221
2026-06-29T17:05:00+00:00,149.0299999999992,149.1299999999992,148.9899999999992,149.1199999999992,150
2026-06-29T17:10:00+00:00,149.1199999999992,149.2199999999992,149.0699999999992,149.2199999999992,221
2026-06-29T17:15:00+00:00,149.2199999999992,149.2299999999992,148.9299999999992,149.0299999999992,267
2026-06-29T17:20:00+00:00,149.0299999999992,149.1299999999992,148.9199999999992,148.9399999999992,208
2026-06-29T17:25:00+00:00,148.9399999999992,149.04999999999922,148.8799999999992,148.9799999999992,208
2026-06-29T17:30:00+00:00,148.9799999999992,149.2199999999992,148.9399999999992,149.1899999999992,267
2026-06-29T17:35:00+00:00,149.1899999999992,149.3799999999992,149.1499999999992,149.3199999999992,316
2026-06-29T17:40:00+00:00,149.3199999999992,149.3599999999992,149.1699999999992,149.2899999999992,244
2026-06-29T17:45:00+00:00,149.2899999999992,149.3699999999992,149.1399999999992,149.1899999999992,265
2026-06-29T17:50:00+00:00,149.1899999999992,149.3599999999992,149.1799999999992,149.26999999999921,236
2026-06-29T17:55:00+00:00,149.26999999999921,149.3099999999992,149.0599999999992,149.2899999999992,223
2026-06-29T18:00:00+00:00,149.2899999999992,149.4099999999992,149.1899999999992,149.3499999999992,207
2026-06-29T18:05:00+00:00,149.3499999999992,149.4799999999992,149.3399999999992,149.3999999999992,148
2026-06-29T18:10:00+00:00,149.3999999999992,149.4599999999992,149.3599999999992,149.4299999999992,176
2026-06-29T18:15:00+00:00,149.4299999999992,149.5099999999992,149.2899999999992,149.3499999999992,172
2026-06-29T18:20:00+00:00,149.3499999999992,149.5099999999992,149.3199999999992,149.4699999999992,157
2026-06-29T18:25:00+00:00,149.4699999999992,149.54999999999922,149.4299999999992,149.5399999999992,141
2026-06-29T18:30:00+00:00,149.5399999999992,149.6399999999992,149.4799999999992,149.5099999999992,228
2026-06-29T18:35:00+00:00,149.5099999999992,149.54999999999922,149.3699999999992,149.4099999999992,179
2026-06-29T18:40:00+00:00,149.4099999999992,149.4499999999992,149.3099999999992,149.4399999999992,117
2026-06-29T18:45:00+00:00,149.4399999999992,149.5399999999992,149.3299999999992,149.5099999999992,189
2026-06-29T18:50:00+00:00,149.5099999999992,149.5299999999992,149.3699999999992,149.4099999999992,204
2026-06-29T18:55:00+00:00,149.4099999999992,149.4699999999992,149.29999999999922,149.29999999999922,247
2026-06-29T19:00:00+00:00,149.29999999999922,149.3799999999992,149.1999999999992,149.29999999999922,186
2026-06-29T19:05:00+00:00,149.29999999999922,149.3499999999992,149.2299999999992,149.2799999999992,150
2026-06-29T19:10:00+00:00,149.2799999999992,149.2799999999992,148.9299999999992,148.9799999999992,236
2026-06-29T19:15:00+00:00,148.9799999999992,149.01999999999921,148.8399999999992,148.9399999999992,283
2026-06-29T19:20:00+00:00,148.9399999999992,148.9499999999992,148.8199999999992,148.9099999999992,251
2026-06-29T19:25:00+00:00,148.9099999999992,149.0399999999992,148.8599999999992,148.8799999999992,186
2026-06-29T19:30:00+00:00,148.8799999999992,148.9699999999992,148.6999999999992,148.7799999999992,265
2026-06-29T19:35:00+00:00,148.7799999999992,148.8399999999992,148.5099999999992,148.5599999999992,244
2026-06-29T19:40:00+00:00,148.5599999999992,148.6699999999992,148.3399999999992,148.5799999999992,194
2026-06-29T19:45:00+00:00,148.5799999999992,148.6299999999992,148.4599999999992,148.6299999999992,269
2026-06-29T19:50:00+00:00,148.6299999999992,148.8099999999992,148.4799999999992,148.4899999999992,428
2026-06-29T19:55:00+00:00,148.4899999999992,148.5899999999992,148.1899999999992,148.3799999999992,582
2026-06-30T13:30:00+00:00,148.3799999999992,148.3799999999992,145.8699999999992,146.1299999999992,171
2026-06-30T13:35:00+00:00,146.1299999999992,146.4299999999992,145.8299999999992,145.8399999999992,271
2026-06-30T13:40:00+00:00,145.8399999999992,146.8199999999992,145.8299999999992,146.5999999999992,326
2026-06-30T13:45:00+00:00,146.5999999999992,147.1799999999992,146.0799999999992,146.4899999999992,209
2026-06-30T13:50:00+00:00,146.4899999999992,147.1899999999992,146.4799999999992,146.9299999999992,249
2026-06-30T13:55:00+00:00,146.9299999999992,147.6999999999992,146.9299999999992,147.4699999999992,334
2026-06-30T14:00:00+00:00,147.4699999999992,147.4899999999992,146.6999999999992,146.8199999999992,343
2026-06-30T14:05:00+00:00,146.8199999999992,146.8199999999992,146.0899999999992,146.3499999999992,462
2026-06-30T14:10:00+00:00,146.3499999999992,146.7499999999992,146.3399999999992,146.6099999999992,542
2026-06-30T14:15:00+00:00,146.6099999999992,146.8699999999992,146.3799999999992,146.4199999999992,508
2026-06-30T14:20:00+00:00,146.4199999999992,146.6999999999992,146.3599999999992,146.5899999999992,493
2026-06-30T14:25:00+00:00,146.5899999999992,146.9299999999992,146.51999999999921,146.9199999999992,455
2026-06-30T14:30:00+00:00,146.9199999999992,147.2799999999992,146.8399999999992,147.2199999999992,419
2026-06-30T14:35:00+00:00,147.2199999999992,147.2799999999992,146.8499999999992,146.9199999999992,368
2026-06-30T14:40:00+00:00,146.9199999999992,147.0399999999992,146.8299999999992,147.0099999999992,484
2026-06-30T14:45:00+00:00,147.0099999999992,147.3699999999992,146.9099999999992,146.9499999999992,532
2026-06-30T14:50:00+00:00,146.9499999999992,147.29999999999922,146.9299999999992,147.0399999999992,461
2026-06-30T14:55:00+00:00,147.0399999999992,147.1099999999992,146.7299999999992,146.7299999999992,374
2026-06-30T15:00:00+00:00,146.7299999999992,146.8599999999992,146.6199999999992,146.6599999999992,357
2026-06-30T15:05:00+00:00,146.6599999999992,146.8499999999992,146.3299999999992,146.7399999999992,263
2026-06-30T15:10:00+00:00,146.7399999999992,146.9499999999992,146.5099999999992,146.6099999999992,332
2026-06-30T15:15:00+00:00,146.6099999999992,146.6599999999992,146.3199999999992,146.4199999999992,338
2026-06-30T15:20:00+00:00,146.4199999999992,146.6299999999992,146.3699999999992,146.3799999999992,260
2026-06-30T15:25:00+00:00,146.3799999999992,146.4299999999992,146.3199999999992,146.3199999999992,295
2026-06-30T15:30:00+00:00,146.3199999999992,146.4399999999992,146.1199999999992,146.1699999999992,392
2026-06-30T15:35:00+00:00,146.1699999999992,146.2499999999992,145.6199999999992,145.6499999999992,357
2026-06-30T15:40:00+00:00,145.6499999999992,145.7599999999992,145.51999999999921,145.6199999999992,436
2026-06-30T15:45:00+00:00,145.6199999999992,146.0299999999992,145.6199999999992,145.9099999999992,479
2026-06-30T15:50:00+00:00,145.9099999999992,146.0299999999992,145.7499999999992,145.9799999999992,384
2026-06-30T15:55:00+00:00,145.9799999999992,146.2399999999992,145.9699999999992,146.1699999999992,457
2026-06-30T16:00:00+00:00,146.1699999999992,146.26999999999921,146.1299999999992,146.1599999999992,300
2026-06-30T16:05:00+00:00,146.1599999999992,146.2499999999992,146.0299999999992,146.0899999999992,307
2026-06-30T16:10:00+00:00,146.0899999999992,146.4999999999992,146.0899999999992,146.3599999999992,258
2026-06-30T16:15:00+00:00,146.3599999999992,146.5299999999992,146.29999999999922,146.4599999999992,348
2026-06-30T16:20:00+00:00,146.4599999999992,146.6699999999992,146.4199999999992,146.6399999999992,251
2026-06-30T16:25:00+00:00,146.6399999999992,146.6799999999992,146.4299999999992,146.6599999999992,282
2026-06-30T16:30:00+00:00,146.6599999999992,146.79999999999922,146.5399999999992,146.6299999999992,314
2026-06-30T16:35:00+00:00,146.6299999999992,146.6499999999992,146.5299999999992,146.6099999999992,183
2026-06-30T16:40:00+00:00,146.6099999999992,146.7199999999992,146.51999999999921,146.5599999999992,154
2026-06-30T16:45:00+00:00,146.5599999999992,146.6699999999992,146.51999999999921,146.5799999999992,187
2026-06-30T16:50:00+00:00,146.5799999999992,146.76999999999921,146.5399999999992,146.6999999999992,190
2026-06-30T16:55:00+00:00,146.6999999999992,146.8099999999992,146.6599999999992,146.7399999999992,201
2026-06-30T17:00:00+00:00,146.7399999999992,146.7599999999992,146.6399999999992,146.6699999999992,148
2026-06-30T17:05:00+00:00,146.6699999999992,146.6799999999992,146.5399999999992,146.5899999999992,192
2026-06-30T17:10:00+00:00,146.5899999999992,146.6099999999992,146.3999999999992,146.3999999999992,172
2026-06-30T17:15:00+00:00,146.3999999999992,146.4699999999992,146.2599999999992,146.2599999999992,177
2026-06-30T17:20:00+00:00,146.2599999999992,146.29999999999922,146.1499999999992,146.2199999999992,164
2026-06-30T17:25:00+00:00,146.2199999999992,146.3099999999992,146.1599999999992,146.2399999999992,134
2026-06-30T17:30:00+00:00,146.2399999999992,146.4399999999992,146.2399999999992,146.3099999999992,196
2026-06-30T17:35:00+00:00,146.3099999999992,146.3499999999992,146.1999999999992,146.1999999999992,199
2026-06-30T17:40:00+00:00,146.1999999999992,146.3599999999992,146.1899999999992,146.3599999999992,166
2026-06-30T17:45:00+00:00,146.3599999999992,146.4399999999992,146.3399999999992,146.4399999999992,171
2026-06-30T17:50:00+00:00,146.4399999999992,146.4599999999992,146.3399999999992,146.3999999999992,160
2026-06-30T17:55:00+00:00,146.3999999999992,146.4099999999992,146.2299999999992,146.2799999999992,130
2026-06-30T18:00:00+00:00,146.2799999999992,146.4099999999992,146.2199999999992,146.2399999999992,173
2026-06-30T18:05:00+00:00,146.2399999999992,146.3099999999992,146.0299999999992,146.0899999999992,188
2026-06-30T18:10:00+00:00,146.0899999999992,146.2099999999992,145.9699999999992,146.1399999999992,219
2026-06-30T18:15:00+00:00,146.1399999999992,146.2299999999992,146.04999999999922,146.0799999999992,186
2026-06-30T18:20:00+00:00,146.0799999999992,146.1099999999992,145.9899999999992,146.0799999999992,194
2026-06-30T18:25:00+00:00,146.0799999999992,146.1899999999992,146.04999999999922,146.1299999999992,188
2026-06-30T18:30:00+00:00,146.1299999999992,146.2499999999992,145.9699999999992,146.0599999999992,219
2026-06-30T18:35:00+00:00,146.0599999999992,146.1999999999992,146.0099999999992,146.1199999999992,211
2026-06-30T18:40:00+00:00,146.1199999999992,146.3199999999992,146.0799999999992,146.2599999999992,224
2026-06-30T18:45:00+00:00,146.2599999999992,146.4899999999992,146.2499999999992,146.4899999999992,210
2026-06-30T18:50:00+00:00,146.4899999999992,146.5599999999992,146.4199999999992,146.5099999999992,213
2026-06-30T18:55:00+00:00,146.5099999999992,146.5699999999992,146.3899999999992,146.4199999999992,157
2026-06-30T19:00:00+00:00,146.4199999999992,146.4399999999992,146.2299999999992,146.2499999999992,227
2026-06-30T19:05:00+00:00,146.2499999999992,146.26999999999921,146.1299999999992,146.1299999999992,230
2026-06-30T19:10:00+00:00,146.1299999999992,146.2499999999992,146.01999999999921,146.1899999999992,213
2026-06-30T19:15:00+00:00,146.1899999999992,146.29999999999922,146.1299999999992,146.2799999999992,201
2026-06-30T19:20:00+00:00,146.2799999999992,146.3099999999992,146.0999999999992,146.1099999999992,234
2026-06-30T19:25:00+00:00,146.1099999999992,146.1399999999992,145.8499999999992,145.9699999999992,235
2026-06-30T19:30:00+00:00,145.9699999999992,146.0099999999992,145.6299999999992,145.6499999999992,301
2026-06-30T19:35:00+00:00,145.6499999999992,145.7799999999992,145.5799999999992,145.6399999999992,293
2026-06-30T19:40:00+00:00,145.6399999999992,145.6599999999992,145.4299999999992,145.5599999999992,420
2026-06-30T19:45:00+00:00,145.5599999999992,145.6599999999992,145.4399999999992,145.5399999999992,326
2026-06-30T19:50:00+00:00,145.5399999999992,145.8099999999992,145.4299999999992,145.7599999999992,544
2026-06-30T19:55:00+00:00,145.7599999999992,145.8699999999992,145.1699999999992,145.8399999999992,1086
2026-07-01T13:30:00+00:00,145.8399999999992,145.8399999999992,144.3199999999992,144.4399999999992,193
2026-07-01T13:35:00+00:00,144.4399999999992,144.9199999999992,143.8999999999992,144.8399999999992,310
2026-07-01T13:40:00+00:00,144.8399999999992,145.4399999999992,144.6999999999992,145.3499999999992,349
2026-07-01T13:45:00+00:00,145.3499999999992,145.6699999999992,144.9099999999992,144.9099999999992,545
2026-07-01T13:50:00+00:00,144.9099999999992,145.2799999999992,144.4899999999992,144.5099999999992,435
2026-07-01T13:55:00+00:00,144.5099999999992,144.9799999999992,144.4899999999992,144.8899999999992,376
2026-07-01T14:00:00+00:00,144.8899999999992,144.9399999999992,144.5099999999992,144.7499999999992,372
2026-07-01T14:05:00+00:00,144.7499999999992,145.0299999999992,144.6499999999992,144.8899999999992,315
2026-07-01T14:10:00+00:00,144.8899999999992,145.6799999999992,144.8599999999992,145.6799999999992,400
2026-07-01T14:15:00+00:00,145.6799999999992,145.9999999999992,145.5799999999992,145.8799999999992,318
2026-07-01T14:20:00+00:00,145.8799999999992,146.0599999999992,145.4599999999992,145.5399999999992,300
2026-07-01T14:25:00+00:00,145.5399999999992,145.6499999999992,145.4399999999992,145.6199999999992,231
2026-07-01T14:30:00+00:00,145.6199999999992,145.7299999999992,145.5299999999992,145.6099999999992,351
2026-07-01T14:35:00+00:00,145.6099999999992,145.8499999999992,145.5399999999992,145.79999999999922,396
2026-07-01T14:40:00+00:00,145.79999999999922,145.9199999999992,145.7299999999992,145.8699999999992,474
2026-07-01T14:45:00+00:00,145.8699999999992,145.9999999999992,145.7899999999992,145.8399999999992,406
2026-07-01T14:50:00+00:00,145.8399999999992,145.9899999999992,145.3499999999992,145.7099999999992,496
2026-07-01T14:55:00+00:00,145.7099999999992,146.1899999999992,145.6699999999992,146.06999999999923,471.9749362786746
2026-07-01T15:00:00+00:00,146.06999999999923,146.07999999999922,145.60999999999922,145.8999999999992,504
2026-07-01T15:05:00+00:00,145.8999999999992,146.29999999999922,145.8099999999992,146.1799999999992,405
2026-07-01T15:10:00+00:00,146.1799999999992,146.63999999999922,146.1799999999992,146.50999999999922,400
2026-07-01T15:15:00+00:00,146.50999999999922,146.72999999999922,146.50999999999922,146.68999999999923,365
2026-07-01T15:20:00+00:00,146.68999999999923,146.76999999999921,146.54999999999922,146.63999999999922,390
2026-07-01T15:25:00+00:00,146.63999999999922,146.6499999999992,146.38999999999922,146.51999999999921,348
2026-07-01T15:30:00+00:00,146.51999999999921,146.52999999999923,145.94999999999922,145.97999999999922,498
2026-07-01T15:35:00+00:00,145.97999999999922,146.32999999999922,145.93999999999923,146.28999999999922,429
2026-07-01T15:40:00+00:00,146.28999999999922,146.35999999999922,146.16999999999922,146.31999999999923,321
2026-07-01T15:45:00+00:00,146.31999999999923,146.53999999999922,146.13999999999922,146.4599999999992,248
2026-07-01T15:50:00+00:00,146.4599999999992,146.65999999999923,146.3999999999992,146.62999999999923,332
2026-07-01T15:55:00+00:00,146.62999999999923,146.63999999999922,146.3699999999992,146.4299999999992,266
2026-07-01T16:00:00+00:00,146.4299999999992,146.6199999999992,146.3099999999992,146.52999999999923,355
2026-07-01T16:05:00+00:00,146.52999999999923,146.65999999999923,146.32999999999922,146.34999999999923,280
2026-07-01T16:10:00+00:00,146.34999999999923,146.69999999999922,146.32999999999922,146.65999999999923,308
2026-07-01T16:15:00+00:00,146.65999999999923,147.07999999999922,146.65999999999923,146.97999999999922,299
2026-07-01T16:20:00+00:00,146.97999999999922,146.97999999999922,146.77999999999923,146.8099999999992,310
2026-07-01T16:25:00+00:00,146.8099999999992,146.9299999999992,146.59999999999923,146.78999999999922,324
2026-07-01T16:30:00+00:00,146.78999999999922,146.9299999999992,146.60999999999922,146.60999999999922,251
2026-07-01T16:35:00+00:00,146.60999999999922,146.69999999999922,146.50999999999922,146.59999999999923,296
2026-07-01T16:40:00+00:00,146.59999999999923,146.72999999999922,146.57999999999922,146.6499999999992,233
2026-07-01T16:45:00+00:00,146.6499999999992,146.65999999999923,146.49999999999923,146.52999999999923,227
2026-07-01T16:50:00+00:00,146.52999999999923,146.53999999999922,146.1199999999992,146.13999999999922,341
2026-07-01T16:55:00+00:00,146.13999999999922,146.22999999999922,145.8999999999992,145.8999999999992,310
2026-07-01T17:00:00+00:00,145.8999999999992,146.02999999999923,145.62999999999923,145.66999999999922,404
2026-07-01T17:05:00+00:00,145.66999999999922,145.75999999999922,145.4899999999992,145.6799999999992,348
2026-07-01T17:10:00+00:00,145.6799999999992,145.71999999999923,145.56999999999923,145.62999999999923,249
2026-07-01T17:15:00+00:00,145.62999999999923,145.75999999999922,145.51999999999921,145.53999999999922,295
2026-07-01T17:20:00+00:00,145.53999999999922,145.85999999999922,145.51999999999921,145.7399999999992,187
2026-07-01T17:25:00+00:00,145.7399999999992,145.91999999999922,145.71999999999923,145.7399999999992,215
2026-07-01T17:30:00+00:00,145.7399999999992,145.8399999999992,145.7099999999992,145.7099999999992,234
2026-07-01T17:35:00+00:00,145.7099999999992,145.76999999999921,145.62999999999923,145.65999999999923,221
2026-07-01T17:40:00+00:00,145.65999999999923,145.7099999999992,145.47999999999922,145.4899999999992,223
2026-07-01T17:45:00+00:00,145.4899999999992,145.6499999999992,145.4899999999992,145.52999999999923,184
2026-07-01T17:50:00+00:00,145.52999999999923,145.60999999999922,145.4599999999992,145.49999999999923,233
2026-07-01T17:55:00+00:00,145.49999999999923,145.53999999999922,145.40999999999923,145.50999999999922,249
2026-07-01T18:00:00+00:00,145.50999999999922,145.7099999999992,145.41999999999922,145.52999999999923,314
2026-07-01T18:05:00+00:00,145.52999999999923,145.52999999999923,145.37999999999923,145.44999999999922,179
2026-07-01T18:10:00+00:00,145.44999999999922,145.56999999999923,145.3699999999992,145.49999999999923,197
2026-07-01T18:15:00+00:00,145.49999999999923,145.56999999999923,145.4299999999992,145.53999999999922,213
2026-07-01T18:20:00+00:00,145.53999999999922,145.66999999999922,145.53999999999922,145.63999999999922,197
2026-07-01T18:25:00+00:00,145.63999999999922,145.69999999999922,145.53999999999922,145.57999999999922,145
2026-07-01T18:30:00+00:00,145.57999999999922,145.7099999999992,145.54999999999922,145.68999999999923,156
2026-07-01T18:35:00+00:00,145.68999999999923,145.78999999999922,145.6499999999992,145.75999999999922,178
2026-07-01T18:40:00+00:00,145.75999999999922,146.03999999999922,145.74999999999923,146.02999999999923,220
2026-07-01T18:45:00+00:00,146.02999999999923,146.0899999999992,145.85999999999922,145.9299999999992,216
2026-07-01T18:50:00+00:00,145.9299999999992,146.03999999999922,145.85999999999922,145.9599999999992,258
2026-07-01T18:55:00+00:00,145.9599999999992,146.00999999999922,145.8099999999992,145.96999999999923,256
2026-07-01T19:00:00+00:00,145.96999999999923,146.1199999999992,145.91999999999922,146.04999999999922,270
2026-07-01T19:05:00+00:00,146.04999999999922,146.19999999999922,145.85999999999922,145.9599999999992,241
2026-07-01T19:10:00+00:00,145.9599999999992,146.12999999999923,145.8699999999992,146.06999999999923,181
2026-07-01T19:15:00+00:00,146.06999999999923,146.22999999999922,146.01999999999921,146.09999999999923,209
2026-07-01T19:20:00+00:00,146.09999999999923,146.22999999999922,146.02999999999923,146.19999999999922,220
2026-07-01T19:25:00+00:00,146.19999999999922,146.19999999999922,145.84999999999923,145.88999999999922,238
2026-07-01T19:30:00+00:00,145.88999999999922,146.0599999999992,145.84999999999923,145.93999999999923,203
2026-07-01T19:35:00+00:00,145.93999999999923,145.94999999999922,145.8099999999992,145.91999999999922,221
2026-07-01T19:40:00+00:00,145.91999999999922,146.16999999999922,145.91999999999922,146.10999999999922,261
2026-07-01T19:45:00+00:00,146.10999999999922,146.24999999999923,146.07999999999922,146.1499999999992,274
2026-07-01T19:50:00+00:00,146.1499999999992,146.35999999999922,146.03999999999922,146.3399999999992,455
2026-07-01T19:55:00+00:00,146.3399999999992,146.3699999999992,145.82999999999922,146.00999999999922,673
2026-07-02T13:30:00+00:00,146.00999999999922,147.6799999999992,146.00999999999922,146.6199999999992,170
2026-07-02T13:35:00+00:00,146.6199999999992,147.0899999999992,146.40999999999923,146.6199999999992,232
2026-07-02T13:40:00+00:00,146.6199999999992,146.99999999999923,146.29999999999922,146.81999999999923,226
2026-07-02T13:45:00+00:00,146.81999999999923,147.3699999999992,146.71999999999923,146.85999999999922,303
2026-07-02T13:50:00+00:00,146.85999999999922,147.01999999999921,146.16999999999922,146.1799999999992,271
2026-07-02T13:55:00+00:00,146.1799999999992,146.57999999999922,146.13999999999922,146.47999999999922,221
2026-07-02T14:00:00+00:00,146.47999999999922,146.7099999999992,146.2399999999992,146.3399999999992,224
2026-07-02T14:05:00+00:00,146.3399999999992,146.7399999999992,146.32999999999922,146.65999999999923,205
2026-07-02T14:10:00+00:00,146.65999999999923,146.9599999999992,146.56999999999923,146.9599999999992,195
2026-07-02T14:15:00+00:00,146.9599999999992,147.1199999999992,146.3099999999992,146.31999999999923,292
2026-07-02T14:20:00+00:00,146.31999999999923,146.32999999999922,145.9299999999992,145.94999999999922,213
2026-07-02T14:25:00+00:00,145.94999999999922,146.2099999999992,145.8099999999992,145.81999999999923,391
2026-07-02T14:30:00+00:00,145.81999999999923,146.12999999999923,145.8099999999992,146.0599999999992,360
2026-07-02T14:35:00+00:00,146.0599999999992,146.28999999999922,145.84999999999923,146.02999999999923,304
2026-07-02T14:40:00+00:00,146.02999999999923,146.02999999999923,145.32999999999922,145.37999999999923,399
2026-07-02T14:45:00+00:00,145.37999999999923,145.78999999999922,145.3699999999992,145.6799999999992,411
2026-07-02T14:50:00+00:00,145.6799999999992,146.0599999999992,145.53999999999922,145.65999999999923,465
2026-07-02T14:55:00+00:00,145.65999999999923,146.1199999999992,145.6199999999992,146.1199999999992,371.227418955704
2026-07-02T15:00:00+00:00,146.1199999999992,146.1999999999992,145.7299999999992,145.7299999999992,497
2026-07-02T15:05:00+00:00,145.7299999999992,145.7899999999992,145.3499999999992,145.6999999999992,682
2026-07-02T15:10:00+00:00,145.6999999999992,146.2199999999992,145.6299999999992,146.0099999999992,613
2026-07-02T15:15:00+00:00,146.0099999999992,146.1099999999992,145.5899999999992,145.6599999999992,564
2026-07-02T15:20:00+00:00,145.6599999999992,145.9999999999992,145.6399999999992,145.9299999999992,586
2026-07-02T15:25:00+00:00,145.9299999999992,146.0999999999992,145.76999999999921,145.76999999999921,578
2026-07-02T15:30:00+00:00,145.76999999999921,146.1299999999992,145.7599999999992,146.0799999999992,574
2026-07-02T15:35:00+00:00,146.0799999999992,146.2599999999992,145.9999999999992,146.0099999999992,475
2026-07-02T15:40:00+00:00,146.0099999999992,146.01999999999921,145.8399999999992,145.8399999999992,474
2026-07-02T15:45:00+00:00,145.8399999999992,145.9099999999992,145.4499999999992,145.4599999999992,472
2026-07-02T15:50:00+00:00,145.4599999999992,145.51999999999921,145.3299999999992,145.3799999999992,434
2026-07-02T15:55:00+00:00,145.3799999999992,145.3999999999992,145.0299999999992,145.1399999999992,407
2026-07-02T16:00:00+00:00,145.1399999999992,145.2099999999992,144.9699999999992,145.1499999999992,474
2026-07-02T16:05:00+00:00,145.1499999999992,145.3599999999992,145.0899999999992,145.3499999999992,402
2026-07-02T16:10:00+00:00,145.3499999999992,145.4299999999992,145.2399999999992,145.3799999999992,374
2026-07-02T16:15:00+00:00,145.3799999999992,145.4099999999992,145.2599999999992,145.3099999999992,325
2026-07-02T16:20:00+00:00,145.3099999999992,145.3199999999992,144.9899999999992,145.0099999999992,431
2026-07-02T16:25:00+00:00,145.0099999999992,145.1499999999992,144.8499999999992,144.9499999999992,462
2026-07-02T16:30:00+00:00,144.9499999999992,145.0799999999992,144.7899999999992,145.0799999999992,362
2026-07-02T16:35:00+00:00,145.0799999999992,145.1899999999992,144.9299999999992,145.0799999999992,448
2026-07-02T16:40:00+00:00,145.0799999999992,145.4299999999992,145.0699999999992,145.3199999999992,293
2026-07-02T16:45:00+00:00,145.3199999999992,145.3399999999992,145.0699999999992,145.1099999999992,319
2026-07-02T16:50:00+00:00,145.1099999999992,145.2299999999992,144.9899999999992,145.1499999999992,329
2026-07-02T16:55:00+00:00,145.1499999999992,145.1999999999992,144.9499999999992,144.9999999999992,319
2026-07-02T17:00:00+00:00,144.9999999999992,145.0899999999992,144.6399999999992,144.6899999999992,426
2026-07-02T17:05:00+00:00,144.6899999999992,144.8399999999992,144.51999999999921,144.5599999999992,441
2026-07-02T17:10:00+00:00,144.5599999999992,144.5699999999992,144.3799999999992,144.4999999999992,380
2026-07-02T17:15:00+00:00,144.4999999999992,144.6499999999992,144.3399999999992,144.3699999999992,353
2026-07-02T17:20:00+00:00,144.3699999999992,144.4599999999992,144.2899999999992,144.3299999999992,356
2026-07-02T17:25:00+00:00,144.3299999999992,144.4699999999992,144.2899999999992,144.3199999999992,285
2026-07-02T17:30:00+00:00,144.3199999999992,144.5699999999992,144.26999999999921,144.4999999999992,318
2026-07-02T17:35:00+00:00,144.4999999999992,144.5599999999992,144.26999999999921,144.3199999999992,421
2026-07-02T17:40:00+00:00,144.3199999999992,144.3499999999992,144.0499999999992,144.1199999999992,359
2026-07-02T17:45:00+00:00,144.1199999999992,144.1899999999992,144.0399999999992,144.1499999999992,344
2026-07-02T17:50:00+00:00,144.1499999999992,144.2399999999992,144.0299999999992,144.1799999999992,274
2026-07-02T17:55:00+00:00,144.1799999999992,144.2199999999992,144.0699999999992,144.0799999999992,302
2026-07-02T18:00:00+00:00,144.0799999999992,144.26999999999921,143.9599999999992,144.2199999999992,340
2026-07-02T18:05:00+00:00,144.2199999999992,144.5499999999992,144.1999999999992,144.5299999999992,321
2026-07-02T18:10:00+00:00,144.5299999999992,144.6099999999992,144.3999999999992,144.5499999999992,300
2026-07-02T18:15:00+00:00,144.5499999999992,144.6299999999992,144.1699999999992,144.2999999999992,346
2026-07-02T18:20:00+00:00,144.2999999999992,144.4699999999992,144.2799999999992,144.3999999999992,266
2026-07-02T18:25:00+00:00,144.3999999999992,144.5699999999992,144.3799999999992,144.5699999999992,264
2026-07-02T18:30:00+00:00,144.5699999999992,144.8299999999992,144.5299999999992,144.6999999999992,281
2026-07-02T18:35:00+00:00,144.6999999999992,144.8099999999992,144.6899999999992,144.7999999999992,212
2026-07-02T18:40:00+00:00,144.7999999999992,144.9199999999992,144.7799999999992,144.8099999999992,217
2026-07-02T18:45:00+00:00,144.8099999999992,144.8499999999992,144.6499999999992,144.7599999999992,242
2026-07-02T18:50:00+00:00,144.7599999999992,144.76999999999921,144.6499999999992,144.76999999999921,240
2026-07-02T18:55:00+00:00,144.76999999999921,144.8199999999992,144.6799999999992,144.76999999999921,228
2026-07-02T19:00:00+00:00,144.76999999999921,144.7999999999992,144.51999999999921,144.5799999999992,226
2026-07-02T19:05:00+00:00,144.5799999999992,144.7199999999992,144.51999999999921,144.6299999999992,388
2026-07-02T19:10:00+00:00,144.6299999999992,144.6399999999992,144.4699999999992,144.5699999999992,225
2026-07-02T19:15:00+00:00,144.5699999999992,144.5999999999992,144.3999999999992,144.4499999999992,180
2026-07-02T19:20:00+00:00,144.4499999999992,144.5499999999992,144.3799999999992,144.4999999999992,226
2026-07-02T19:25:00+00:00,144.4999999999992,144.6099999999992,144.3999999999992,144.4599999999992,308
2026-07-02T19:30:00+00:00,144.4599999999992,144.6699999999992,144.3899999999992,144.6199999999992,282
2026-07-02T19:35:00+00:00,144.6199999999992,144.9099999999992,144.6199999999992,144.8799999999992,354
2026-07-02T19:40:00+00:00,144.8799999999992,145.1099999999992,144.7899999999992,145.0899999999992,236
2026-07-02T19:45:00+00:00,145.0899999999992,145.3199999999992,144.9999999999992,145.1499999999992,468
2026-07-02T19:50:00+00:00,145.1499999999992,145.4399999999992,145.01999999999921,145.4399999999992,487
2026-07-02T19:55:00+00:00,145.4399999999992,145.7899999999992,145.3899999999992,145.6899999999992,529
2026-07-06T13:30:00+00:00,145.6899999999992,148.3399999999992,145.6899999999992,148.3299999999992,209
2026-07-06T13:35:00+00:00,148.3299999999992,148.9699999999992,148.1399999999992,148.4299999999992,331
2026-07-06T13:40:00+00:00,148.4299999999992,148.9099999999992,148.2899999999992,148.8699999999992,248
2026-07-06T13:45:00+00:00,148.8699999999992,149.1599999999992,148.4999999999992,148.5499999999992,256
2026-07-06T13:50:00+00:00,148.5499999999992,148.7899999999992,148.1599999999992,148.5799999999992,349
2026-07-06T13:55:00+00:00,148.5799999999992,148.8199999999992,148.2799999999992,148.6099999999992,248
2026-07-06T14:00:00+00:00,148.6099999999992,148.7399999999992,148.1199999999992,148.5599999999992,323
2026-07-06T14:05:00+00:00,148.5599999999992,148.6899999999992,148.3299999999992,148.4199999999992,382
2026-07-06T14:10:00+00:00,148.4199999999992,148.5799999999992,148.0899999999992,148.4699999999992,458
2026-07-06T14:15:00+00:00,148.4699999999992,148.7199999999992,148.3399999999992,148.6399999999992,409
2026-07-06T14:20:00+00:00,148.6399999999992,148.8299999999992,148.1999999999992,148.5999999999992,579
2026-07-06T14:25:00+00:00,148.5999999999992,148.76999999999921,148.51999999999921,148.7499999999992,362
2026-07-06T14:30:00+00:00,148.7499999999992,148.7599999999992,148.4599999999992,148.6399999999992,557
2026-07-06T14:35:00+00:00,148.6399999999992,148.8299999999992,148.6099999999992,148.8299999999992,439
2026-07-06T14:40:00+00:00,148.8299999999992,148.8699999999992,148.4199999999992,148.6999999999992,511
2026-07-06T14:45:00+00:00,148.6999999999992,148.7499999999992,148.4999999999992,148.5499999999992,384
2026-07-06T14:50:00+00:00,148.5499999999992,149.0099999999992,148.51999999999921,148.9499999999992,380
2026-07-06T14:55:00+00:00,148.9499999999992,149.1499999999992,148.8999999999992,149.1499999999992,370
2026-07-06T15:00:00+00:00,149.1499999999992,149.3599999999992,149.0699999999992,149.2399999999992,388
2026-07-06T15:05:00+00:00,149.2399999999992,149.3499999999992,149.1299999999992,149.1999999999992,368
2026-07-06T15:10:00+00:00,149.1999999999992,149.2799999999992,149.0999999999992,149.2399999999992,319
2026-07-06T15:15:00+00:00,149.2399999999992,149.3299999999992,149.1799999999992,149.1799999999992,252
2026-07-06T15:20:00+00:00,149.1799999999992,149.2799999999992,149.1099999999992,149.1899999999992,351
2026-07-06T15:25:00+00:00,149.1899999999992,149.1999999999992,149.0099999999992,149.0399999999992,289
2026-07-06T15:30:00+00:00,149.0399999999992,149.1999999999992,148.9899999999992,149.1499999999992,338
2026-07-06T15:35:00+00:00,149.1499999999992,149.1699999999992,148.7899999999992,148.9499999999992,250
2026-07-06T15:40:00+00:00,148.9499999999992,149.0399999999992,148.7599999999992,148.8599999999992,258
2026-07-06T15:45:00+00:00,148.8599999999992,148.9499999999992,148.7899999999992,148.8499999999992,203
2026-07-06T15:50:00+00:00,148.8499999999992,148.8899999999992,148.7299999999992,148.8699999999992,167
2026-07-06T15:55:00+00:00,148.8699999999992,148.9399999999992,148.8299999999992,148.8799999999992,160
2026-07-06T16:00:00+00:00,148.8799999999992,148.9899999999992,148.8099999999992,148.9799999999992,226
2026-07-06T16:05:00+00:00,148.9799999999992,148.9799999999992,148.8499999999992,148.8699999999992,161
2026-07-06T16:10:00+00:00,148.8699999999992,148.8799999999992,148.5999999999992,148.7299999999992,212
2026-07-06T16:15:00+00:00,148.7299999999992,148.8099999999992,148.6299999999992,148.6799999999992,217
2026-07-06T16:20:00+00:00,148.6799999999992,148.8499999999992,148.6699999999992,148.8099999999992,218
2026-07-06T16:25:00+00:00,148.8099999999992,148.9599999999992,148.7799999999992,148.8399999999992,145
2026-07-06T16:30:00+00:00,148.8399999999992,148.8399999999992,148.6399999999992,148.7099999999992,234
2026-07-06T16:35:00+00:00,148.7099999999992,148.7299999999992,148.5799999999992,148.5899999999992,167
2026-07-06T16:40:00+00:00,148.5899999999992,148.6999999999992,148.5599999999992,148.6599999999992,138
2026-07-06T16:45:00+00:00,148.6599999999992,148.7399999999992,148.6099999999992,148.6699999999992,160
2026-07-06T16:50:00+00:00,148.6699999999992,148.7099999999992,148.4899999999992,148.5099999999992,121
2026-07-06T16:55:00+00:00,148.5099999999992,148.51999999999921,148.4099999999992,148.4299999999992,139
2026-07-06T17:00:00+00:00,148.4299999999992,148.4899999999992,148.2999999999992,148.4799999999992,207
2026-07-06T17:05:00+00:00,148.4799999999992,148.6699999999992,148.4599999999992,148.5799999999992,211
2026-07-06T17:10:00+00:00,148.5799999999992,148.6899999999992,148.51999999999921,148.6799999999992,189
2026-07-06T17:15:00+00:00,148.6799999999992,148.7599999999992,148.5799999999992,148.7599999999992,146
2026-07-06T17:20:00+00:00,148.7599999999992,148.7799999999992,148.6899999999992,148.7199999999992,160
2026-07-06T17:25:00+00:00,148.7199999999992,148.7499999999992,148.5699999999992,148.5699999999992,109
2026-07-06T17:30:00+00:00,148.5699999999992,148.5999999999992,148.4299999999992,148.4699999999992,236
2026-07-06T17:35:00+00:00,148.4699999999992,148.5299999999992,148.3599999999992,148.5099999999992,214
2026-07-06T17:40:00+00:00,148.5099999999992,148.5299999999992,148.4299999999992,148.4499999999992,173
2026-07-06T17:45:00+00:00,148.4499999999992,148.6499999999992,148.4499999999992,148.6099999999992,171
2026-07-06T17:50:00+00:00,148.6099999999992,148.6799999999992,148.5599999999992,148.5599999999992,157
2026-07-06T17:55:00+00:00,148.5599999999992,148.6899999999992,148.5599999999992,148.6399999999992,158
2026-07-06T18:00:00+00:00,148.6399999999992,148.9099999999992,148.5899999999992,148.9099999999992,254
2026-07-06T18:05:00+00:00,148.9099999999992,148.9199999999992,148.7099999999992,148.7199999999992,214
2026-07-06T18:10:00+00:00,148.7199999999992,148.8099999999992,148.6499999999992,148.7899999999992,161
2026-07-06T18:15:00+00:00,148.7899999999992,149.0499999999992,148.7899999999992,148.9699999999992,194
2026-07-06T18:20:00+00:00,148.9699999999992,149.0799999999992,148.8999999999992,148.9199999999992,129
2026-07-06T18:25:00+00:00,148.9199999999992,148.9699999999992,148.8499999999992,148.9699999999992,149
2026-07-06T18:30:00+00:00,148.9699999999992,149.0099999999992,148.8299999999992,148.8399999999992,152
2026-07-06T18:35:00+00:00,148.8399999999992,148.9399999999992,148.8199999999992,148.8799999999992,128
2026-07-06T18:40:00+00:00,148.8799999999992,148.9499999999992,148.8199999999992,148.8399999999992,123
2026-07-06T18:45:00+00:00,148.8399999999992,148.9299999999992,148.7799999999992,148.8999999999992,182
2026-07-06T18:50:00+00:00,148.8999999999992,148.9999999999992,148.8199999999992,148.8899999999992,178
2026-07-06T18:55:00+00:00,148.8899999999992,149.1299999999992,148.8899999999992,149.1099999999992,158
2026-07-06T19:00:00+00:00,149.1099999999992,149.1499999999992,148.8599999999992,148.9299999999992,156
2026-07-06T19:05:00+00:00,148.9299999999992,148.9999999999992,148.7499999999992,148.7799999999992,157
2026-07-06T19:10:00+00:00,148.7799999999992,148.8099999999992,148.6699999999992,148.7499999999992,170
2026-07-06T19:15:00+00:00,148.7499999999992,148.9399999999992,148.6799999999992,148.9099999999992,208
2026-07-06T19:20:00+00:00,148.9099999999992,149.1999999999992,148.8699999999992,149.1299999999992,250
2026-07-06T19:25:00+00:00,149.1299999999992,149.1999999999992,148.8999999999992,148.9799999999992,291
2026-07-06T19:30:00+00:00,148.9799999999992,149.0699999999992,148.8299999999992,148.8799999999992,214
2026-07-06T19:35:00+00:00,148.8799999999992,149.1499999999992,148.8699999999992,149.1299999999992,237
2026-07-06T19:40:00+00:00,149.1299999999992,149.1699999999992,149.0299999999992,149.0999999999992,184
2026-07-06T19:45:00+00:00,149.0999999999992,149.2099999999992,148.8199999999992,148.8799999999992,338
2026-07-06T19:50:00+00:00,148.8799999999992,149.0899999999992,148.7099999999992,148.8999999999992,521
2026-07-06T19:55:00+00:00,148.8999999999992,149.5799999999992,148.7799999999992,149.5299999999992,769
2026-07-07T13:30:00+00:00,149.5299999999992,150.2199999999992,149.3899999999992,149.76999999999921,447
2026-07-07T13:35:00+00:00,149.76999999999921,149.8999999999992,148.9599999999992,149.1999999999992,376
2026-07-07T13:40:00+00:00,149.1999999999992,149.5499999999992,148.7999999999992,149.3899999999992,312
2026-07-07T13:45:00+00:00,149.3899999999992,149.8499999999992,149.3899999999992,149.6299999999992,256
2026-07-07T13:50:00+00:00,149.6299999999992,149.6899999999992,149.3299999999992,149.3699999999992,238
2026-07-07T13:55:00+00:00,149.3699999999992,149.6599999999992,149.2599999999992,149.4599999999992,363
2026-07-07T14:00:00+00:00,149.4599999999992,149.4999999999992,148.9999999999992,149.2999999999992,417
2026-07-07T14:05:00+00:00,149.2999999999992,149.6699999999992,149.1799999999992,149.5799999999992,340
2026-07-07T14:10:00+00:00,149.5799999999992,149.6399999999992,149.0399999999992,149.0599999999992,494
2026-07-07T14:15:00+00:00,149.0599999999992,149.4099999999992,148.9599999999992,149.26999999999921,376
2026-07-07T14:20:00+00:00,149.26999999999921,149.3199999999992,148.8299999999992,148.8399999999992,373
2026-07-07T14:25:00+00:00,148.8399999999992,148.9499999999992,148.6699999999992,148.8199999999992,375
2026-07-07T14:30:00+00:00,148.8199999999992,148.9599999999992,148.3899999999992,148.3899999999992,458
2026-07-07T14:35:00+00:00,148.3899999999992,148.5799999999992,147.8099999999992,147.8499999999992,467
2026-07-07T14:40:00+00:00,147.8499999999992,148.0799999999992,147.6499999999992,147.7099999999992,359
2026-07-07T14:45:00+00:00,147.7099999999992,147.9199999999992,147.5699999999992,147.7599999999992,406
2026-07-07T14:50:00+00:00,147.7599999999992,147.9799999999992,147.7199999999992,147.7999999999992,284
2026-07-07T14:55:00+00:00,147.7999999999992,147.9799999999992,147.7599999999992,147.7599999999992,316
2026-07-07T15:00:00+00:00,147.7599999999992,147.8599999999992,147.5999999999992,147.6699999999992,402
2026-07-07T15:05:00+00:00,147.6699999999992,147.8699999999992,147.6399999999992,147.76999999999921,399
2026-07-07T15:10:00+00:00,147.76999999999921,147.7999999999992,147.4099999999992,147.4099999999992,407
2026-07-07T15:15:00+00:00,147.4099999999992,147.6799999999992,147.3499999999992,147.5799999999992,430
2026-07-07T15:20:00+00:00,147.5799999999992,147.6399999999992,147.4599999999992,147.5499999999992,367
2026-07-07T15:25:00+00:00,147.5499999999992,147.9099999999992,147.4799999999992,147.8899999999992,382
2026-07-07T15:30:00+00:00,147.8899999999992,148.2399999999992,147.8299999999992,148.1199999999992,333
2026-07-07T15:35:00+00:00,148.1199999999992,148.1799999999992,147.8699999999992,147.9399999999992,338
2026-07-07T15:40:00+00:00,147.9399999999992,147.9599999999992,147.7299999999992,147.7799999999992,283
2026-07-07T15:45:00+00:00,147.7799999999992,147.9199999999992,147.6399999999992,147.6399999999992,356
2026-07-07T15:50:00+00:00,147.6399999999992,147.8699999999992,147.6399999999992,147.7099999999992,250
2026-07-07T15:55:00+00:00,147.7099999999992,147.7199999999992,147.4399999999992,147.5299999999992,306
2026-07-07T16:00:00+00:00,147.5299999999992,147.6899999999992,147.4399999999992,147.4799999999992,302
2026-07-07T16:05:00+00:00,147.4799999999992,147.51999999999921,147.01999999999921,147.3799999999992,279
2026-07-07T16:10:00+00:00,147.3799999999992,147.5999999999992,147.3799999999992,147.5499999999992,249
2026-07-07T16:15:00+00:00,147.5499999999992,147.6399999999992,147.4599999999992,147.5799999999992,220
2026-07-07T16:20:00+00:00,147.5799999999992,147.5999999999992,147.3699999999992,147.4999999999992,265
2026-07-07T16:25:00+00:00,147.4999999999992,147.6799999999992,147.4899999999992,147.5499999999992,227
2026-07-07T16:30:00+00:00,147.5499999999992,147.5899999999992,147.4399999999992,147.51999999999921,199
2026-07-07T16:35:00+00:00,147.51999999999921,147.6499999999992,147.4899999999992,147.5499999999992,214
2026-07-07T16:40:00+00:00,147.5499999999992,147.7199999999992,147.51999999999921,147.6299999999992,179
2026-07-07T16:45:00+00:00,147.6299999999992,147.6999999999992,147.6199999999992,147.6399999999992,114
2026-07-07T16:50:00+00:00,147.6399999999992,147.6799999999992,147.4799999999992,147.5399999999992,212
2026-07-07T16:55:00+00:00,147.5399999999992,147.6299999999992,147.5099999999992,147.6199999999992,148
2026-07-07T17:00:00+00:00,147.6199999999992,147.6499999999992,147.4899999999992,147.5099999999992,182
2026-07-07T17:05:00+00:00,147.5099999999992,147.7599999999992,147.4999999999992,147.5599999999992,183
2026-07-07T17:10:00+00:00,147.5599999999992,147.6799999999992,147.4599999999992,147.5799999999992,143
2026-07-07T17:15:00+00:00,147.5799999999992,147.6899999999992,147.5799999999992,147.6599999999992,114
2026-07-07T17:20:00+00:00,147.6599999999992,147.8099999999992,147.6299999999992,147.76999999999921,174
2026-07-07T17:25:00+00:00,147.76999999999921,147.9299999999992,147.7499999999992,147.8499999999992,166
2026-07-07T17:30:00+00:00,147.8499999999992,148.0899999999992,147.8499999999992,148.0399999999992,220
2026-07-07T17:35:00+00:00,148.0399999999992,148.0599999999992,147.8899999999992,147.8899999999992,145
2026-07-07T17:40:00+00:00,147.8899999999992,147.9699999999992,147.8199999999992,147.8399999999992,135
2026-07-07T17:45:00+00:00,147.8399999999992,147.8499999999992,147.6499999999992,147.7099999999992,169
2026-07-07T17:50:00+00:00,147.7099999999992,147.7399999999992,147.5899999999992,147.6599999999992,136
2026-07-07T17:55:00+00:00,147.6599999999992,147.7099999999992,147.6099999999992,147.6499999999992,144
2026-07-07T18:00:00+00:00,147.6499999999992,147.6999999999992,147.3599999999992,147.4999999999992,197
2026-07-07T18:05:00+00:00,147.4999999999992,147.5099999999992,147.2999999999992,147.3399999999992,204
2026-07-07T18:10:00+00:00,147.3399999999992,147.3899999999992,147.2599999999992,147.2799999999992,182
2026-07-07T18:15:00+00:00,147.2799999999992,147.4399999999992,147.2499999999992,147.3999999999992,176
2026-07-07T18:20:00+00:00,147.3999999999992,147.51999999999921,147.2999999999992,147.4699999999992,146
2026-07-07T18:25:00+00:00,147.4699999999992,147.5599999999992,147.3699999999992,147.4199999999992,156
2026-07-07T18:30:00+00:00,147.4199999999992,147.4799999999992,147.3099999999992,147.3199999999992,160
2026-07-07T18:35:00+00:00,147.3199999999992,147.4499999999992,147.2399999999992,147.3499999999992,141
2026-07-07T18:40:00+00:00,147.3499999999992,147.4299999999992,147.3099999999992,147.4299999999992,163
2026-07-07T18:45:00+00:00,147.4299999999992,147.4499999999992,147.1299999999992,147.2099999999992,263
2026-07-07T18:50:00+00:00,147.2099999999992,147.2999999999992,147.1499999999992,147.2999999999992,323
2026-07-07T18:55:00+00:00,147.2999999999992,147.3499999999992,147.2099999999992,147.2499999999992,175
2026-07-07T19:00:00+00:00,147.2499999999992,147.2799999999992,147.0699999999992,147.2499999999992,265
2026-07-07T19:05:00+00:00,147.2499999999992,147.2599999999992,147.0699999999992,147.0899999999992,233
2026-07-07T19:10:00+00:00,147.0899999999992,147.1099999999992,146.9399999999992,147.0299999999992,205
2026-07-07T19:15:00+00:00,147.0299999999992,147.0699999999992,146.8099999999992,146.8699999999992,318
2026-07-07T19:20:00+00:00,146.8699999999992,147.0499999999992,146.7899999999992,147.0099999999992,377
2026-07-07T19:25:00+00:00,147.0099999999992,147.0499999999992,146.6999999999992,146.7199999999992,279
2026-07-07T19:30:00+00:00,146.7199999999992,146.8199999999992,146.6299999999992,146.7099999999992,379
2026-07-07T19:35:00+00:00,146.7099999999992,146.8399999999992,146.6599999999992,146.6999999999992,246
2026-07-07T19:40:00+00:00,146.6999999999992,146.8099999999992,146.6099999999992,146.6699999999992,224
2026-07-07T19:45:00+00:00,146.6699999999992,146.7599999999992,146.6099999999992,146.6599999999992,260
2026-07-07T19:50:00+00:00,146.6599999999992,147.0499999999992,146.6299999999992,147.01999999999921,370
2026-07-07T19:55:00+00:00,147.01999999999921,147.0999999999992,146.3599999999992,146.4999999999992,537
2026-07-08T13:30:00+00:00,146.4999999999992,146.4999999999992,144.3699999999992,145.3899999999992,387
2026-07-08T13:35:00+00:00,145.3899999999992,145.4799999999992,144.9899999999992,145.1999999999992,282
2026-07-08T13:40:00+00:00,145.1999999999992,145.7299999999992,144.9699999999992,145.4699999999992,290
2026-07-08T13:45:00+00:00,145.4699999999992,145.9999999999992,144.9999999999992,145.4799999999992,273
2026-07-08T13:50:00+00:00,145.4799999999992,145.5999999999992,145.1699999999992,145.2599999999992,239
2026-07-08T13:55:00+00:00,145.2599999999992,145.5699999999992,144.9899999999992,145.4499999999992,269
2026-07-08T14:00:00+00:00,145.4499999999992,145.7099999999992,145.26999999999921,145.3799999999992,253
2026-07-08T14:05:00+00:00,145.3799999999992,145.7099999999992,145.26999999999921,145.2799999999992,356
2026-07-08T14:10:00+00:00,145.2799999999992,145.4599999999992,144.9499999999992,144.9499999999992,279
2026-07-08T14:15:00+00:00,144.9499999999992,144.9599999999992,143.9399999999992,144.01999999999921,459
2026-07-08T14:20:00+00:00,144.01999999999921,144.9399999999992,143.9099999999992,144.4899999999992,436
2026-07-08T14:25:00+00:00,144.4899999999992,144.9499999999992,144.1599999999992,144.7299999999992,347
2026-07-08T14:30:00+00:00,144.7299999999992,144.7399999999992,143.9999999999992,144.3599999999992,331
2026-07-08T14:35:00+00:00,144.3599999999992,144.3699999999992,143.3099999999992,143.3099999999992,385
2026-07-08T14:40:00+00:00,143.3099999999992,143.6499999999992,143.2299999999992,143.5099999999992,335
2026-07-08T14:45:00+00:00,143.5099999999992,143.5099999999992,142.9899999999992,142.9999999999992,331
2026-07-08T14:50:00+00:00,142.9999999999992,143.5999999999992,142.9199999999992,143.4999999999992,424
2026-07-08T14:55:00+00:00,143.4999999999992,143.6599999999992,143.3799999999992,143.6399999999992,339.76622834481316
2026-07-08T15:00:00+00:00,143.6399999999992,143.7099999999992,143.4599999999992,143.6099999999992,551
2026-07-08T15:05:00+00:00,143.6099999999992,144.0499999999992,143.5099999999992,143.9399999999992,535
2026-07-08T15:10:00+00:00,143.9399999999992,144.0199999999992,143.8599999999992,143.8899999999992,306
2026-07-08T15:15:00+00:00,143.8899999999992,144.0099999999992,143.6199999999992,143.8499999999992,524
2026-07-08T15:20:00+00:00,143.8499999999992,143.8699999999992,143.5699999999992,143.6299999999992,360
2026-07-08T15:25:00+00:00,143.6299999999992,143.6499999999992,143.3499999999992,143.5599999999992,434
2026-07-08T15:30:00+00:00,143.5599999999992,143.7299999999992,143.4199999999992,143.6299999999992,482
2026-07-08T15:35:00+00:00,143.6299999999992,143.7299999999992,143.5599999999992,143.5999999999992,346
2026-07-08T15:40:00+00:00,143.5999999999992,143.7999999999992,143.5799999999992,143.6099999999992,212
2026-07-08T15:45:00+00:00,143.6099999999992,143.6399999999992,143.2899999999992,143.2899999999992,313
2026-07-08T15:50:00+00:00,143.2899999999992,143.4599999999992,143.2499999999992,143.3999999999992,262
2026-07-08T15:55:00+00:00,143.3999999999992,143.5099999999992,143.3199999999992,143.4099999999992,304
2026-07-08T16:00:00+00:00,143.4099999999992,143.5299999999992,143.3699999999992,143.4399999999992,301
2026-07-08T16:05:00+00:00,143.4399999999992,143.6099999999992,143.3999999999992,143.6099999999992,283
2026-07-08T16:10:00+00:00,143.6099999999992,143.7999999999992,143.5699999999992,143.7399999999992,330
2026-07-08T16:15:00+00:00,143.7399999999992,143.8699999999992,143.7099999999992,143.7899999999992,263
2026-07-08T16:20:00+00:00,143.7899999999992,143.8099999999992,143.6499999999992,143.7599999999992,325
2026-07-08T16:25:00+00:00,143.7599999999992,143.8599999999992,143.6899999999992,143.8499999999992,230
2026-07-08T16:30:00+00:00,143.8499999999992,143.9599999999992,143.7199999999992,143.7499999999992,267
2026-07-08T16:35:00+00:00,143.7499999999992,143.8599999999992,143.6999999999992,143.8199999999992,293
2026-07-08T16:40:00+00:00,143.8199999999992,144.1799999999992,143.7599999999992,144.1399999999992,357
2026-07-08T16:45:00+00:00,144.1399999999992,144.1999999999992,143.9099999999992,144.0699999999992,344
2026-07-08T16:50:00+00:00,144.0699999999992,144.1399999999992,143.9999999999992,144.0599999999992,244
2026-07-08T16:55:00+00:00,144.0599999999992,144.1199999999992,143.9599999999992,144.0599999999992,172
2026-07-08T17:00:00+00:00,144.0599999999992,144.1099999999992,143.9599999999992,144.1099999999992,260
2026-07-08T17:05:00+00:00,144.1099999999992,144.1999999999992,143.9899999999992,144.0399999999992,302
2026-07-08T17:10:00+00:00,144.0399999999992,144.1099999999992,143.9499999999992,143.9899999999992,239
2026-07-08T17:15:00+00:00,143.9899999999992,144.1199999999992,143.9799999999992,144.0899999999992,147
2026-07-08T17:20:00+00:00,144.0899999999992,144.1599999999992,143.9899999999992,144.0599999999992,242
2026-07-08T17:25:00+00:00,144.0599999999992,144.1699999999992,144.0099999999992,144.1399999999992,217
2026-07-08T17:30:00+00:00,144.1399999999992,144.2999999999992,144.1199999999992,144.1599999999992,261
2026-07-08T17:35:00+00:00,144.1599999999992,144.2099999999992,144.0399999999992,144.0899999999992,226
2026-07-08T17:40:00+00:00,144.0899999999992,144.1299999999992,144.0099999999992,144.1299999999992,209
2026-07-08T17:45:00+00:00,144.1299999999992,144.1299999999992,143.9499999999992,143.9599999999992,226
2026-07-08T17:50:00+00:00,143.9599999999992,144.0499999999992,143.9099999999992,143.9599999999992,197
2026-07-08T17:55:00+00:00,143.9599999999992,143.9899999999992,143.7599999999992,143.8299999999992,197
2026-07-08T18:00:00+00:00,143.8299999999992,143.8799999999992,143.6599999999992,143.7499999999992,308
2026-07-08T18:05:00+00:00,143.7499999999992,143.8199999999992,143.5299999999992,143.6199999999992,238
2026-07-08T18:10:00+00:00,143.6199999999992,143.7999999999992,143.5399999999992,143.6799999999992,222
2026-07-08T18:15:00+00:00,143.6799999999992,143.7199999999992,143.4399999999992,143.4899999999992,269
2026-07-08T18:20:00+00:00,143.4899999999992,143.6299999999992,143.4299999999992,143.4899999999992,192
2026-07-08T18:25:00+00:00,143.4899999999992,143.5299999999992,143.3799999999992,143.4299999999992,148
2026-07-08T18:30:00+00:00,143.4299999999992,143.4299999999992,143.2599999999992,143.2699999999992,252
2026-07-08T18:35:00+00:00,143.2699999999992,143.6099999999992,143.2699999999992,143.5999999999992,228
2026-07-08T18:40:00+00:00,143.5999999999992,143.6699999999992,143.4299999999992,143.5999999999992,241
2026-07-08T18:45:00+00:00,143.5999999999992,143.6999999999992,143.5199999999992,143.6799999999992,207
2026-07-08T18:50:00+00:00,143.6799999999992,143.6799999999992,143.4899999999992,143.5299999999992,236
2026-07-08T18:55:00+00:00,143.5299999999992,143.5799999999992,143.3799999999992,143.5099999999992,181
2026-07-08T19:00:00+00:00,143.5099999999992,143.5299999999992,143.3399999999992,143.3999999999992,199
2026-07-08T19:05:00+00:00,143.3999999999992,143.5199999999992,143.3099999999992,143.4399999999992,158
2026-07-08T19:10:00+00:00,143.4399999999992,143.5099999999992,143.3499999999992,143.4599999999992,151
2026-07-08T19:15:00+00:00,143.4599999999992,143.5699999999992,143.4299999999992,143.4599999999992,165
2026-07-08T19:20:00+00:00,143.4599999999992,143.5199999999992,143.3399999999992,143.3999999999992,177
2026-07-08T19:25:00+00:00,143.3999999999992,143.4499999999992,143.3099999999992,143.4399999999992,136
2026-07-08T19:30:00+00:00,143.4399999999992,143.4699999999992,143.1299999999992,143.1399999999992,213
2026-07-08T19:35:00+00:00,143.1399999999992,143.3099999999992,143.0899999999992,143.1799999999992,236
2026-07-08T19:40:00+00:00,143.1799999999992,143.2599999999992,143.0799999999992,143.1399999999992,213
2026-07-08T19:45:00+00:00,143.1399999999992,143.1999999999992,142.9799999999992,143.1799999999992,263
2026-07-08T19:50:00+00:00,143.1799999999992,143.3799999999992,143.1299999999992,143.2999999999992,377
2026-07-08T19:55:00+00:00,143.2999999999992,143.3599999999992,143.0199999999992,143.2099999999992,600
2026-07-09T13:30:00+00:00,143.2099999999992,144.6299999999992,143.2099999999992,143.7799999999992,273
2026-07-09T13:35:00+00:00,143.7799999999992,144.4799999999992,143.7599999999992,143.8999999999992,128
2026-07-09T13:40:00+00:00,143.8999999999992,144.2799999999992,143.7599999999992,144.1599999999992,127
2026-07-09T13:45:00+00:00,144.1599999999992,144.5099999999992,144.0999999999992,144.1099999999992,202
2026-07-09T13:50:00+00:00,144.1099999999992,144.2399999999992,143.7799999999992,144.1299999999992,256
2026-07-09T13:55:00+00:00,144.1299999999992,144.3299999999992,143.8999999999992,144.0999999999992,284
2026-07-09T14:00:00+00:00,144.0999999999992,144.5899999999992,144.0699999999992,144.3599999999992,314
2026-07-09T14:05:00+00:00,144.3599999999992,144.7199999999992,144.3199999999992,144.5899999999992,266
2026-07-09T14:10:00+00:00,144.5899999999992,144.8499999999992,144.5899999999992,144.7299999999992,352
2026-07-09T14:15:00+00:00,144.7299999999992,144.9499999999992,144.6399999999992,144.8699999999992,298
2026-07-09T14:20:00+00:00,144.8699999999992,145.0199999999992,144.6599999999992,144.8399999999992,392
2026-07-09T14:25:00+00:00,144.8399999999992,144.9499999999992,144.5899999999992,144.7199999999992,401
2026-07-09T14:30:00+00:00,144.7199999999992,144.9199999999992,144.5999999999992,144.8499999999992,290
2026-07-09T14:35:00+00:00,144.8499999999992,144.9899999999992,144.6999999999992,144.8999999999992,289
2026-07-09T14:40:00+00:00,144.8999999999992,144.9499999999992,144.7199999999992,144.8099999999992,401
2026-07-09T14:45:00+00:00,144.8099999999992,144.9099999999992,144.6799999999992,144.7199999999992,306
2026-07-09T14:50:00+00:00,144.7199999999992,144.8899999999992,144.5299999999992,144.8399999999992,384
2026-07-09T14:55:00+00:00,144.8399999999992,145.1699999999992,144.8199999999992,145.1399999999992,308
2026-07-09T15:00:00+00:00,145.1399999999992,145.1399999999992,144.8199999999992,144.8299999999992,236
2026-07-09T15:05:00+00:00,144.8299999999992,144.8599999999992,144.5999999999992,144.5999999999992,310
2026-07-09T15:10:00+00:00,144.5999999999992,144.6799999999992,144.4599999999992,144.5099999999992,249
2026-07-09T15:15:00+00:00,144.5099999999992,144.6499999999992,144.4899999999992,144.5799999999992,307
2026-07-09T15:20:00+00:00,144.5799999999992,144.7799999999992,144.5499999999992,144.6299999999992,355
2026-07-09T15:25:00+00:00,144.6299999999992,144.6999999999992,144.5099999999992,144.5299999999992,157
2026-07-09T15:30:00+00:00,144.5299999999992,144.6999999999992,144.4599999999992,144.6799999999992,217
2026-07-09T15:35:00+00:00,144.6799999999992,144.6899999999992,144.5899999999992,144.6899999999992,160
2026-07-09T15:40:00+00:00,144.6899999999992,144.7799999999992,144.6099999999992,144.7099999999992,208
2026-07-09T15:45:00+00:00,144.7099999999992,144.7599999999992,144.5899999999992,144.6699999999992,155
2026-07-09T15:50:00+00:00,144.6699999999992,144.7299999999992,144.5899999999992,144.6099999999992,132
2026-07-09T15:55:00+00:00,144.6099999999992,144.6999999999992,144.5799999999992,144.6199999999992,185
2026-07-09T16:00:00+00:00,144.6199999999992,144.8799999999992,144.6199999999992,144.8799999999992,223
2026-07-09T16:05:00+00:00,144.8799999999992,145.0399999999992,144.8599999999992,144.9999999999992,220
2026-07-09T16:10:00+00:00,144.9999999999992,145.1999999999992,144.9599999999992,145.1899999999992,184
2026-07-09T16:15:00+00:00,145.1899999999992,145.2099999999992,145.0299999999992,145.1699999999992,252
2026-07-09T16:20:00+00:00,145.1699999999992,145.2199999999992,145.1099999999992,145.1199999999992,143
2026-07-09T16:25:00+00:00,145.1199999999992,145.2099999999992,145.0499999999992,145.0899999999992,214
2026-07-09T16:30:00+00:00,145.0899999999992,145.1099999999992,144.8699999999992,144.8899999999992,197
2026-07-09T16:35:00+00:00,144.8899999999992,145.0199999999992,144.8699999999992,144.9699999999992,266
2026-07-09T16:40:00+00:00,144.9699999999992,144.9899999999992,144.8499999999992,144.9599999999992,135
2026-07-09T16:45:00+00:00,144.9599999999992,145.0299999999992,144.9099999999992,144.9799999999992,174
2026-07-09T16:50:00+00:00,144.9799999999992,144.9999999999992,144.7999999999992,144.8199999999992,141
2026-07-09T16:55:00+00:00,144.8199999999992,144.8599999999992,144.6699999999992,144.6999999999992,191
2026-07-09T17:00:00+00:00,144.6999999999992,144.8399999999992,144.6899999999992,144.7899999999992,196
2026-07-09T17:05:00+00:00,144.7899999999992,144.9299999999992,144.7299999999992,144.8699999999992,169
2026-07-09T17:10:00+00:00,144.8699999999992,144.8999999999992,144.6999999999992,144.7199999999992,136
2026-07-09T17:15:00+00:00,144.7199999999992,144.8299999999992,144.7099999999992,144.7299999999992,146
2026-07-09T17:20:00+00:00,144.7299999999992,144.7699999999992,144.6599999999992,144.7199999999992,102
2026-07-09T17:25:00+00:00,144.7199999999992,145.0999999999992,144.6899999999992,145.0299999999992,236
2026-07-09T17:30:00+00:00,145.0299999999992,145.1299999999992,144.9599999999992,145.0799999999992,185
2026-07-09T17:35:00+00:00,145.0799999999992,145.1999999999992,144.9199999999992,144.9199999999992,241
2026-07-09T17:40:00+00:00,144.9199999999992,145.1799999999992,144.9199999999992,145.0799999999992,179
2026-07-09T17:45:00+00:00,145.0799999999992,145.1599999999992,144.9899999999992,145.0099999999992,126
2026-07-09T17:50:00+00:00,145.0099999999992,145.0799999999992,144.9599999999992,144.9799999999992,93
2026-07-09T17:55:00+00:00,144.9799999999992,144.9999999999992,144.7899999999992,144.9399999999992,200
2026-07-09T18:00:00+00:00,144.9399999999992,145.0399999999992,144.8399999999992,144.9899999999992,274
2026-07-09T18:05:00+00:00,144.9899999999992,145.2499999999992,144.9599999999992,145.1999999999992,246
2026-07-09T18:10:00+00:00,145.1999999999992,145.3999999999992,145.1799999999992,145.3599999999992,150
2026-07-09T18:15:00+00:00,145.3599999999992,145.4699999999992,145.2899999999992,145.3899999999992,172
2026-07-09T18:20:00+00:00,145.3899999999992,145.4299999999992,145.2299999999992,145.3199999999992,254
2026-07-09T18:25:00+00:00,145.3199999999992,145.4499999999992,145.2599999999992,145.4499999999992,187
2026-07-09T18:30:00+00:00,145.4499999999992,145.4899999999992,145.3099999999992,145.3299999999992,195
2026-07-09T18:35:00+00:00,145.3299999999992,145.4199999999992,145.2699999999992,145.3299999999992,165
2026-07-09T18:40:00+00:00,145.3299999999992,145.4799999999992,145.3099999999992,145.3799999999992,199
2026-07-09T18:45:00+00:00,145.3799999999992,145.4399999999992,145.3099999999992,145.4199999999992,147
2026-07-09T18:50:00+00:00,145.4199999999992,145.5899999999992,145.3899999999992,145.5699999999992,114
2026-07-09T18:55:00+00:00,145.5699999999992,145.5899999999992,145.3999999999992,145.4299999999992,129
2026-07-09T19:00:00+00:00,145.4299999999992,145.4999999999992,145.3599999999992,145.4299999999992,142
2026-07-09T19:05:00+00:00,145.4299999999992,145.4899999999992,145.2699999999992,145.3399999999992,109
2026-07-09T19:10:00+00:00,145.3399999999992,145.4699999999992,145.2999999999992,145.4299999999992,106
2026-07-09T19:15:00+00:00,145.4299999999992,145.4999999999992,145.3699999999992,145.3999999999992,189
2026-07-09T19:20:00+00:00,145.3999999999992,145.4199999999992,145.1299999999992,145.2299999999992,184
2026-07-09T19:25:00+00:00,145.2299999999992,145.2699999999992,145.1099999999992,145.1599999999992,156
2026-07-09T19:30:00+00:00,145.1599999999992,145.3799999999992,145.0999999999992,145.3299999999992,237
2026-07-09T19:35:00+00:00,145.3299999999992,145.4299999999992,145.2999999999992,145.3699999999992,166
2026-07-09T19:40:00+00:00,145.3699999999992,145.5399999999992,145.3699999999992,145.4799999999992,187
2026-07-09T19:45:00+00:00,145.4799999999992,145.4799999999992,145.1499999999992,145.2599999999992,239
2026-07-09T19:50:00+00:00,145.2599999999992,145.4599999999992,145.1199999999992,145.3499999999992,389
2026-07-09T19:55:00+00:00,145.3499999999992,145.4499999999992,145.2299999999992,145.3299999999992,427
2026-07-10T13:30:00+00:00,145.3299999999992,146.9499999999992,145.3299999999992,146.4699999999992,219
2026-07-10T13:35:00+00:00,146.4699999999992,146.5999999999992,145.8899999999992,146.2999999999992,170
2026-07-10T13:40:00+00:00,146.2999999999992,146.5299999999992,145.8799999999992,146.2299999999992,346
2026-07-10T13:45:00+00:00,146.2299999999992,146.7999999999992,145.9999999999992,146.4399999999992,343
2026-07-10T13:50:00+00:00,146.4399999999992,146.7199999999992,146.3899999999992,146.5399999999992,245
2026-07-10T13:55:00+00:00,146.5399999999992,146.5399999999992,146.1799999999992,146.3399999999992,269
2026-07-10T14:00:00+00:00,146.3399999999992,146.6699999999992,146.3099999999992,146.5699999999992,345
2026-07-10T14:05:00+00:00,146.5699999999992,146.5699999999992,146.1099999999992,146.4099999999992,274
2026-07-10T14:10:00+00:00,146.4099999999992,146.4399999999992,145.8099999999992,145.8399999999992,267
2026-07-10T14:15:00+00:00,145.8399999999992,146.1899999999992,145.8199999999992,146.1899999999992,252
2026-07-10T14:20:00+00:00,146.1899999999992,146.5399999999992,146.1299999999992,146.3999999999992,320
2026-07-10T14:25:00+00:00,146.3999999999992,146.8699999999992,146.3399999999992,146.6499999999992,329
2026-07-10T14:30:00+00:00,146.6499999999992,146.7099999999992,145.4599999999992,145.9399999999992,563
2026-07-10T14:35:00+00:00,145.9399999999992,146.3399999999992,145.8199999999992,146.1899999999992,300
2026-07-10T14:40:00+00:00,146.1899999999992,146.6299999999992,146.1899999999992,146.4599999999992,219
2026-07-10T14:45:00+00:00,146.4599999999992,146.6599999999992,146.4499999999992,146.5499999999992,221
2026-07-10T14:50:00+00:00,146.5499999999992,146.5799999999992,146.3199999999992,146.4699999999992,165
2026-07-10T14:55:00+00:00,146.4699999999992,146.4699999999992,146.1799999999992,146.26999999999921,218.6311121219013
2026-07-10T15:00:00+00:00,146.26999999999921,146.4599999999992,146.19999999999922,146.38999999999922,344
2026-07-10T15:05:00+00:00,146.38999999999922,146.4999999999992,146.2899999999992,146.44999999999922,224
2026-07-10T15:10:00+00:00,146.44999999999922,146.8099999999992,146.44999999999922,146.6199999999992,279
2026-07-10T15:15:00+00:00,146.6199999999992,146.8499999999992,146.60999999999922,146.63999999999922,352
2026-07-10T15:20:00+00:00,146.63999999999922,146.72999999999922,146.50999999999922,146.5999999999992,252
2026-07-10T15:25:00+00:00,146.5999999999992,146.72999999999922,146.5599999999992,146.57999999999922,295
2026-07-10T15:30:00+00:00,146.57999999999922,146.5999999999992,146.4299999999992,146.44999999999922,314
2026-07-10T15:35:00+00:00,146.44999999999922,146.6299999999992,146.3799999999992,146.51999999999921,278
2026-07-10T15:40:00+00:00,146.51999999999921,146.7799999999992,146.4699999999992,146.6599999999992,299
2026-07-10T15:45:00+00:00,146.6599999999992,146.9399999999992,146.6299999999992,146.8999999999992,214
2026-07-10T15:50:00+00:00,146.8999999999992,147.04999999999922,146.88999999999922,146.91999999999922,156
2026-07-10T15:55:00+00:00,146.91999999999922,146.91999999999922,146.7399999999992,146.7399999999992,209
2026-07-10T16:00:00+00:00,146.7399999999992,146.82999999999922,146.7099999999992,146.7399999999992,143
2026-07-10T16:05:00+00:00,146.7399999999992,146.79999999999922,146.63999999999922,146.6799999999992,122
2026-07-10T16:10:00+00:00,146.6799999999992,146.7899999999992,146.6499999999992,146.76999999999921,153
2026-07-10T16:15:00+00:00,146.76999999999921,146.9699999999992,146.7399999999992,146.7799999999992,205
2026-07-10T16:20:00+00:00,146.7799999999992,146.8199999999992,146.63999999999922,146.6499999999992,149
2026-07-10T16:25:00+00:00,146.6499999999992,146.8199999999992,146.6299999999992,146.72999999999922,222
2026-07-10T16:30:00+00:00,146.72999999999922,146.9599999999992,146.7199999999992,146.8799999999992,249
2026-07-10T16:35:00+00:00,146.8799999999992,146.94999999999922,146.7199999999992,146.8099999999992,144
2026-07-10T16:40:00+00:00,146.8099999999992,146.9299999999992,146.7899999999992,146.8999999999992,174
2026-07-10T16:45:00+00:00,146.8999999999992,146.9699999999992,146.8799999999992,146.9399999999992,123
2026-07-10T16:50:00+00:00,146.9399999999992,147.0599999999992,146.9299999999992,146.9699999999992,157
2026-07-10T16:55:00+00:00,146.9699999999992,147.04999999999922,146.94999999999922,146.9899999999992,136
2026-07-10T17:00:00+00:00,146.9899999999992,147.0299999999992,146.8999999999992,146.9399999999992,182
2026-07-10T17:05:00+00:00,146.9399999999992,147.0299999999992,146.8999999999992,146.9599999999992,124
2026-07-10T17:10:00+00:00,146.9599999999992,147.04999999999922,146.94999999999922,147.0299999999992,124
2026-07-10T17:15:00+00:00,147.0299999999992,147.0899999999992,147.00999999999922,147.0399999999992,59
2026-07-10T17:20:00+00:00,147.0399999999992,147.0599999999992,146.8999999999992,146.9699999999992,143
2026-07-10T17:25:00+00:00,146.9699999999992,147.0999999999992,146.9599999999992,147.0999999999992,115
2026-07-10T17:30:00+00:00,147.0999999999992,147.16999999999922,147.04999999999922,147.0999999999992,159
2026-07-10T17:35:00+00:00,147.0999999999992,147.1799999999992,147.0399999999992,147.1599999999992,186
2026-07-10T17:40:00+00:00,147.1599999999992,147.2199999999992,147.0299999999992,147.0299999999992,175
2026-07-10T17:45:00+00:00,147.0299999999992,147.0699999999992,146.8999999999992,146.9299999999992,176
2026-07-10T17:50:00+00:00,146.9299999999992,146.9999999999992,146.8999999999992,146.9699999999992,123
2026-07-10T17:55:00+00:00,146.9699999999992,146.97999999999922,146.7899999999992,146.8699999999992,118
2026-07-10T18:00:00+00:00,146.8699999999992,146.8699999999992,146.6799999999992,146.72999999999922,128
2026-07-10T18:05:00+00:00,146.72999999999922,146.79999999999922,146.69999999999922,146.76999999999921,152
2026-07-10T18:10:00+00:00,146.76999999999921,146.7799999999992,146.6599999999992,146.7199999999992,128
2026-07-10T18:15:00+00:00,146.7199999999992,146.76999999999921,146.69999999999922,146.75999999999922,144
2026-07-10T18:20:00+00:00,146.75999999999922,146.8799999999992,146.72999999999922,146.76999999999921,184
2026-07-10T18:25:00+00:00,146.76999999999921,146.8199999999992,146.72999999999922,146.75999999999922,106
2026-07-10T18:30:00+00:00,146.75999999999922,146.8799999999992,146.7499999999992,146.8199999999992,66
2026-07-10T18:35:00+00:00,146.8199999999992,146.8399999999992,146.7099999999992,146.7199999999992,51
2026-07-10T18:40:00+00:00,146.7199999999992,146.85999999999922,146.69999999999922,146.79999999999922,107
2026-07-10T18:45:00+00:00,146.79999999999922,146.8199999999992,146.72999999999922,146.7499999999992,90
2026-07-10T18:50:00+00:00,146.7499999999992,146.76999999999921,146.6899999999992,146.72999999999922,112
2026-07-10T18:55:00+00:00,146.72999999999922,146.75999999999922,146.6799999999992,146.7199999999992,73
2026-07-10T19:00:00+00:00,146.7199999999992,146.72999999999922,146.5999999999992,146.6599999999992,122
2026-07-10T19:05:00+00:00,146.6599999999992,146.6799999999992,146.5699999999992,146.60999999999922,84
2026-07-10T19:10:00+00:00,146.60999999999922,146.6199999999992,146.5399999999992,146.5599999999992,90
2026-07-10T19:15:00+00:00,146.5599999999992,146.5699999999992,146.3799999999992,146.41999999999922,139
2026-07-10T19:20:00+00:00,146.41999999999922,146.44999999999922,146.32999999999922,146.4299999999992,86
2026-07-10T19:25:00+00:00,146.4299999999992,146.5699999999992,146.4099999999992,146.5299999999992,129
2026-07-10T19:30:00+00:00,146.5299999999992,146.54999999999922,146.3999999999992,146.4099999999992,171
2026-07-10T19:35:00+00:00,146.4099999999992,146.5399999999992,146.3799999999992,146.50999999999922,152
2026-07-10T19:40:00+00:00,146.50999999999922,146.6199999999992,146.41999999999922,146.54999999999922,256
2026-07-10T19:45:00+00:00,146.54999999999922,146.6899999999992,146.54999999999922,146.6199999999992,129
2026-07-10T19:50:00+00:00,146.6199999999992,146.9999999999992,146.51999999999921,146.9699999999992,345
2026-07-10T19:55:00+00:00,146.9699999999992,146.9899999999992,146.26999999999921,146.4699999999992,614
2026-07-13T13:30:00+00:00,146.4699999999992,147.04999999999922,146.10999999999922,146.63999999999922,219
2026-07-13T13:35:00+00:00,146.63999999999922,146.75999999999922,145.2099999999992,145.82999999999922,512
2026-07-13T13:40:00+00:00,145.82999999999922,145.82999999999922,145.01999999999921,145.04999999999922,410
2026-07-13T13:45:00+00:00,145.04999999999922,145.26999999999921,144.8099999999992,145.1799999999992,505
2026-07-13T13:50:00+00:00,145.1799999999992,145.3399999999992,144.7799999999992,145.19999999999922,412
2026-07-13T13:55:00+00:00,145.19999999999922,145.2899999999992,144.6799999999992,144.8999999999992,335
2026-07-13T14:00:00+00:00,144.8999999999992,144.9999999999992,144.32999999999922,144.47999999999922,533
2026-07-13T14:05:00+00:00,144.47999999999922,144.51999999999921,144.19999999999922,144.35999999999922,433
2026-07-13T14:10:00+00:00,144.35999999999922,144.97999999999922,144.1899999999992,144.8499999999992,330
2026-07-13T14:15:00+00:00,144.8499999999992,144.9299999999992,143.47999999999922,144.5299999999992,789
2026-07-13T14:20:00+00:00,144.5299999999992,144.8099999999992,144.38999999999922,144.6299999999992,388
2026-07-13T14:25:00+00:00,144.6299999999992,145.0399999999992,144.5999999999992,144.94999999999922,211
2026-07-13T14:30:00+00:00,144.94999999999922,144.94999999999922,144.7199999999992,144.8099999999992,155
2026-07-13T14:35:00+00:00,144.8099999999992,144.8099999999992,144.3799999999992,144.5399999999992,281
2026-07-13T14:40:00+00:00,144.5399999999992,144.5599999999992,144.1499999999992,144.1599999999992,359
2026-07-13T14:45:00+00:00,144.1599999999992,144.2099999999992,143.9299999999992,144.01999999999921,348
2026-07-13T14:50:00+00:00,144.01999999999921,144.0599999999992,143.82999999999922,143.9699999999992,348
2026-07-13T14:55:00+00:00,143.9699999999992,144.1299999999992,143.8099999999992,143.8499999999992,323
2026-07-13T15:00:00+00:00,143.8499999999992,143.91999999999922,143.32999999999922,143.66999999999922,553
2026-07-13T15:05:00+00:00,143.66999999999922,144.04999999999922,143.60999999999922,143.94999999999922,349
2026-07-13T15:10:00+00:00,143.94999999999922,144.10999999999922,143.9099999999992,144.01999999999921,332
2026-07-13T15:15:00+00:00,144.01999999999921,144.0999999999992,143.7799999999992,143.7799999999992,289
2026-07-13T15:20:00+00:00,143.7799999999992,143.85999999999922,143.6799999999992,143.7199999999992,337
2026-07-13T15:25:00+00:00,143.7199999999992,143.75999999999922,143.5999999999992,143.66999999999922,319
2026-07-13T15:30:00+00:00,143.66999999999922,143.8699999999992,143.5699999999992,143.76999999999921,412
2026-07-13T15:35:00+00:00,143.76999999999921,144.01999999999921,143.76999999999921,143.8099999999992,283
2026-07-13T15:40:00+00:00,143.8099999999992,144.00999999999922,143.6799999999992,143.8399999999992,352
2026-07-13T15:45:00+00:00,143.8399999999992,143.94999999999922,143.76999999999921,143.8799999999992,278
2026-07-13T15:50:00+00:00,143.8799999999992,143.9399999999992,143.7499999999992,143.91999999999922,324
2026-07-13T15:55:00+00:00,143.91999999999922,143.9699999999992,143.6799999999992,143.9399999999992,294
2026-07-13T16:00:00+00:00,143.9399999999992,144.07999999999922,143.8399999999992,144.0299999999992,328
2026-07-13T16:05:00+00:00,144.0299999999992,144.04999999999922,143.9099999999992,143.94999999999922,305
2026-07-13T16:10:00+00:00,143.94999999999922,144.0899999999992,143.8999999999992,143.9699999999992,229
2026-07-13T16:15:00+00:00,143.9699999999992,143.9899999999992,143.7799999999992,143.85999999999922,335
2026-07-13T16:20:00+00:00,143.85999999999922,144.1199999999992,143.7799999999992,143.9599999999992,297
2026-07-13T16:25:00+00:00,143.9599999999992,143.9999999999992,143.8099999999992,143.8799999999992,297
2026-07-13T16:30:00+00:00,143.8799999999992,143.91999999999922,143.6299999999992,143.7199999999992,358
2026-07-13T16:35:00+00:00,143.7199999999992,143.91999999999922,143.5899999999992,143.8799999999992,412
2026-07-13T16:40:00+00:00,143.8799999999992,144.2199999999992,143.8399999999992,144.2099999999992,418
2026-07-13T16:45:00+00:00,144.2099999999992,144.3399999999992,144.13999999999922,144.1499999999992,286
2026-07-13T16:50:00+00:00,144.1499999999992,144.1899999999992,144.0299999999992,144.07999999999922,287
2026-07-13T16:55:00+00:00,144.07999999999922,144.29999999999922,144.04999999999922,144.1199999999992,338
2026-07-13T17:00:00+00:00,144.1199999999992,144.3099999999992,144.04999999999922,144.2099999999992,282
2026-07-13T17:05:00+00:00,144.2099999999992,144.3199999999992,144.13999999999922,144.2099999999992,244
2026-07-13T17:10:00+00:00,144.2099999999992,144.4999999999992,144.19999999999922,144.41999999999922,301
2026-07-13T17:15:00+00:00,144.41999999999922,144.4699999999992,144.29999999999922,144.44999999999922,375
2026-07-13T17:20:00+00:00,144.44999999999922,144.44999999999922,144.1599999999992,144.16999999999922,342
2026-07-13T17:25:00+00:00,144.16999999999922,144.3699999999992,144.1499999999992,144.25999999999922,279
2026-07-13T17:30:00+00:00,144.25999999999922,144.4099999999992,144.1899999999992,144.32999999999922,305
2026-07-13T17:35:00+00:00,144.32999999999922,144.4899999999992,144.29999999999922,144.4399999999992,195
2026-07-13T17:40:00+00:00,144.4399999999992,144.88999999999922,144.35999999999922,144.6799999999992,374
2026-07-13T17:45:00+00:00,144.6799999999992,144.88999999999922,144.6499999999992,144.7799999999992,390
2026-07-13T17:50:00+00:00,144.7799999999992,144.8399999999992,144.47999999999922,144.5399999999992,385
2026-07-13T17:55:00+00:00,144.5399999999992,144.5899999999992,144.41999999999922,144.4899999999992,332
2026-07-13T18:00:00+00:00,144.4899999999992,144.76999999999921,144.4699999999992,144.6499999999992,462
2026-07-13T18:05:00+00:00,144.6499999999992,144.8099999999992,144.57999999999922,144.60999999999922,279
2026-07-13T18:10:00+00:00,144.60999999999922,144.6599999999992,144.4999999999992,144.6299999999992,319
2026-07-13T18:15:00+00:00,144.6299999999992,144.7099999999992,144.5599999999992,144.5899999999992,268
2026-07-13T18:20:00+00:00,144.5899999999992,144.97999999999922,144.57999999999922,144.9099999999992,438
2026-07-13T18:25:00+00:00,144.9099999999992,144.94999999999922,144.72999999999922,144.76999999999921,350
2026-07-13T18:30:00+00:00,144.76999999999921,144.7899999999992,144.6299999999992,144.69999999999922,246
2026-07-13T18:35:00+00:00,144.69999999999922,144.97999999999922,144.69999999999922,144.8099999999992,298
2026-07-13T18:40:00+00:00,144.8099999999992,145.00999999999922,144.76999999999921,144.9099999999992,280
2026-07-13T18:45:00+00:00,144.9099999999992,144.9899999999992,144.8199999999992,144.94999999999922,354
2026-07-13T18:50:00+00:00,144.94999999999922,145.1199999999992,144.9399999999992,145.0599999999992,298
2026-07-13T18:55:00+00:00,145.0599999999992,145.1199999999992,144.9999999999992,145.07999999999922,207
2026-07-13T19:00:00+00:00,145.07999999999922,145.26999999999921,145.0399999999992,145.22999999999922,321
2026-07-13T19:05:00+00:00,145.22999999999922,145.2799999999992,145.0899999999992,145.10999999999922,258
2026-07-13T19:10:00+00:00,145.10999999999922,145.3199999999992,145.04999999999922,145.26999999999921,325
2026-07-13T19:15:00+00:00,145.26999999999921,145.3999999999992,145.2099999999992,145.2099999999992,271
2026-07-13T19:20:00+00:00,145.2099999999992,145.2799999999992,145.07999999999922,145.2099999999992,299
2026-07-13T19:25:00+00:00,145.2099999999992,145.22999999999922,144.97999999999922,145.1899999999992,363
2026-07-13T19:30:00+00:00,145.1899999999992,145.3499999999992,145.1299999999992,145.3199999999992,378
2026-07-13T19:35:00+00:00,145.3199999999992,145.4599999999992,145.2099999999992,145.3999999999992,352
2026-07-13T19:40:00+00:00,145.3999999999992,145.75999999999922,145.3999999999992,145.7399999999992,438
2026-07-13T19:45:00+00:00,145.7399999999992,146.0299999999992,145.7199999999992,145.7899999999992,375
2026-07-13T19:50:00+00:00,145.7899999999992,146.3799999999992,145.7399999999992,146.29999999999922,669
2026-07-13T19:55:00+00:00,146.29999999999922,146.5399999999992,145.8799999999992,146.3699999999992,1191
2026-07-14T13:30:00+00:00,146.3699999999992,148.2099999999992,142.7899999999992,146.79999999999922,357
2026-07-14T13:35:00+00:00,146.79999999999922,148.29999999999922,146.7899999999992,148.07999999999922,246
2026-07-14T13:40:00+00:00,148.07999999999922,149.01999999999921,147.10999999999922,148.7899999999992,287
2026-07-14T13:45:00+00:00,148.7899999999992,149.38999999999922,147.3699999999992,148.22999999999922,331
2026-07-14T13:50:00+00:00,148.22999999999922,148.9999999999992,148.0599999999992,148.1199999999992,295
2026-07-14T13:55:00+00:00,148.1199999999992,148.4699999999992,147.85999999999922,147.8699999999992,274
2026-07-14T14:00:00+00:00,147.8699999999992,149.9399999999992,147.85999999999922,149.7199999999992,515
2026-07-14T14:05:00+00:00,149.7199999999992,149.8499999999992,148.79999999999922,149.3099999999992,521
2026-07-14T14:10:00+00:00,149.3099999999992,149.91999999999922,149.0899999999992,149.7899999999992,365
2026-07-14T14:15:00+00:00,149.7899999999992,149.91999999999922,149.0599999999992,149.44999999999922,269
2026-07-14T14:20:00+00:00,149.44999999999922,149.44999999999922,147.8699999999992,148.0999999999992,278
2026-07-14T14:25:00+00:00,148.0999999999992,149.01999999999921,147.97999999999922,148.94999999999922,264
2026-07-14T14:30:00+00:00,148.94999999999922,149.5399999999992,148.8499999999992,149.1899999999992,401
2026-07-14T14:35:00+00:00,149.1899999999992,149.4299999999992,149.00999999999922,149.0599999999992,316
2026-07-14T14:40:00+00:00,149.0599999999992,149.3799999999992,148.9299999999992,149.2099999999992,275
2026-07-14T14:45:00+00:00,149.2099999999992,149.25999999999922,148.7099999999992,148.7099999999992,241
2026-07-14T14:50:00+00:00,148.7099999999992,148.9299999999992,148.54999999999922,148.7099999999992,349
2026-07-14T14:55:00+00:00,148.7099999999992,149.0399999999992,148.5599999999992,148.8399999999992,326
2026-07-14T15:00:00+00:00,148.8399999999992,149.1799999999992,148.6299999999992,148.9699999999992,407
2026-07-14T15:05:00+00:00,148.9699999999992,149.10999999999922,148.79999999999922,148.9699999999992,322
2026-07-14T15:10:00+00:00,148.9699999999992,149.3499999999992,147.7899999999992,148.07999999999922,454
2026-07-14T15:15:00+00:00,148.07999999999922,148.0999999999992,146.3799999999992,146.3999999999992,399
2026-07-14T15:20:00+00:00,146.3999999999992,146.97999999999922,144.7799999999992,145.2799999999992,346
2026-07-14T15:25:00+00:00,145.2799999999992,146.19999999999922,143.0899999999992,143.7199999999992,489
2026-07-14T15:30:00+00:00,143.7199999999992,143.79999999999922,140.9699999999992,141.2499999999992,459
2026-07-14T15:35:00+00:00,141.2499999999992,141.2499999999992,139.54999999999922,139.6799999999992,614
2026-07-14T15:40:00+00:00,139.6799999999992,139.7499999999992,138.2099999999992,139.0299999999992,571
2026-07-14T15:45:00+00:00,139.0299999999992,140.4699999999992,138.79999999999922,140.26999999999921,600
2026-07-14T15:50:00+00:00,140.26999999999921,140.60999999999922,139.7199999999992,139.8399999999992,471
2026-07-14T15:55:00+00:00,139.8399999999992,140.6899999999992,139.63999999999922,140.4599999999992,396
2026-07-14T16:00:00+00:00,140.4599999999992,141.3099999999992,140.4599999999992,140.76999999999921,463
2026-07-14T16:05:00+00:00,140.76999999999921,140.9299999999992,140.4599999999992,140.6199999999992,521
2026-07-14T16:10:00+00:00,140.6199999999992,140.8699999999992,140.13999999999922,140.7199999999992,445
2026-07-14T16:15:00+00:00,140.7199999999992,140.7399999999992,139.7799999999992,139.7799999999992,324
2026-07-14T16:20:00+00:00,139.7799999999992,140.5899999999992,139.7799999999992,140.4699999999992,277
2026-07-14T16:25:00+00:00,140.4699999999992,140.47999999999922,139.38999999999922,139.69999999999922,380
2026-07-14T16:30:00+00:00,139.69999999999922,141.0899999999992,139.3499999999992,140.8199999999992,517
2026-07-14T16:35:00+00:00,140.8199999999992,140.9399999999992,140.0399999999992,140.5699999999992,359
2026-07-14T16:40:00+00:00,140.5699999999992,140.9299999999992,140.2099999999992,140.47999999999922,354
2026-07-14T16:45:00+00:00,140.47999999999922,140.60999999999922,139.69999999999922,139.8199999999992,279
2026-07-14T16:50:00+00:00,139.8199999999992,140.3099999999992,139.69999999999922,140.25999999999922,262
2026-07-14T16:55:00+00:00,140.25999999999922,140.4299999999992,139.6799999999992,140.1799999999992,267
2026-07-14T17:00:00+00:00,140.1799999999992,140.72999999999922,140.04999999999922,140.7099999999992,261
2026-07-14T17:05:00+00:00,140.7099999999992,140.88999999999922,140.4299999999992,140.47999999999922,311
2026-07-14T17:10:00+00:00,140.47999999999922,140.5299999999992,140.0399999999992,140.3099999999992,309
2026-07-14T17:15:00+00:00,140.3099999999992,140.69999999999922,140.2099999999992,140.6499999999992,200
2026-07-14T17:20:00+00:00,140.6499999999992,140.72999999999922,140.0999999999992,140.3099999999992,261
2026-07-14T17:25:00+00:00,140.3099999999992,140.3999999999992,139.6199999999992,139.76999999999921,313
2026-07-14T17:30:00+00:00,139.76999999999921,139.76999999999921,138.8099999999992,139.0399999999992,375
2026-07-14T17:35:00+00:00,139.0399999999992,139.2399999999992,138.88999999999922,139.04999999999922,218
2026-07-14T17:40:00+00:00,139.04999999999922,139.1499999999992,138.82999999999922,138.91999999999922,284
2026-07-14T17:45:00+00:00,138.91999999999922,139.01999999999921,138.1799999999992,138.3099999999992,276
2026-07-14T17:50:00+00:00,138.3099999999992,138.5599999999992,138.2799999999992,138.32999999999922,234
2026-07-14T17:55:00+00:00,138.32999999999922,138.32999999999922,137.8199999999992,138.13999999999922,253
2026-07-14T18:00:00+00:00,138.13999999999922,138.4899999999992,137.9899999999992,138.4399999999992,288
2026-07-14T18:05:00+00:00,138.4399999999992,139.00999999999922,138.2799999999992,138.4399999999992,335
2026-07-14T18:10:00+00:00,138.4399999999992,138.5399999999992,138.2799999999992,138.3499999999992,300
2026-07-14T18:15:00+00:00,138.3499999999992,138.6899999999992,138.2799999999992,138.4899999999992,274
2026-07-14T18:20:00+00:00,138.4899999999992,138.8099999999992,138.2799999999992,138.2799999999992,261
2026-07-14T18:25:00+00:00,138.2799999999992,138.47999999999922,138.07999999999922,138.3499999999992,269
2026-07-14T18:30:00+00:00,138.3499999999992,139.1299999999992,138.3399999999992,138.85999999999922,324
2026-07-14T18:35:00+00:00,138.85999999999922,139.1499999999992,138.7199999999992,139.0899999999992,246
2026-07-14T18:40:00+00:00,139.0899999999992,139.29999999999922,139.00999999999922,139.0699999999992,290
2026-07-14T18:45:00+00:00,139.0699999999992,139.19999999999922,138.9899999999992,139.10999999999922,198
2026-07-14T18:50:00+00:00,139.10999999999922,139.8199999999992,139.0399999999992,139.5899999999992,384
2026-07-14T18:55:00+00:00,139.5899999999992,139.75999999999922,139.1199999999992,139.6799999999992,296
2026-07-14T19:00:00+00:00,139.6799999999992,140.07999999999922,139.6799999999992,140.01999999999921,371
2026-07-14T19:05:00+00:00,140.01999999999921,140.0699999999992,139.57999999999922,139.6799999999992,294
2026-07-14T19:10:00+00:00,139.6799999999992,139.69999999999922,139.4399999999992,139.6499999999992,298
2026-07-14T19:15:00+00:00,139.6499999999992,139.72999999999922,139.2799999999992,139.3499999999992,338
2026-07-14T19:20:00+00:00,139.3499999999992,139.4899999999992,139.2799999999992,139.4099999999992,306
2026-07-14T19:25:00+00:00,139.4099999999992,139.50999999999922,139.0899999999992,139.4099999999992,446
2026-07-14T19:30:00+00:00,139.4099999999992,139.5899999999992,139.1799999999992,139.26999999999921,479
2026-07-14T19:35:00+00:00,139.26999999999921,139.60999999999922,139.22999999999922,139.3999999999992,484
2026-07-14T19:40:00+00:00,139.3999999999992,139.5999999999992,139.00999999999922,139.07999999999922,481
2026-07-14T19:45:00+00:00,139.07999999999922,140.4299999999992,138.97999999999922,140.3699999999992,547
2026-07-14T19:50:00+00:00,140.3699999999992,140.4699999999992,139.4999999999992,139.51999999999921,700
2026-07-14T19:55:00+00:00,139.51999999999921,139.6799999999992,138.7899999999992,138.9599999999992,1193
2026-07-15T13:30:00+00:00,138.9599999999992,139.7399999999992,137.5299999999992,138.79999999999922,285
2026-07-15T13:35:00+00:00,138.79999999999922,140.2499999999992,138.63999999999922,139.19999999999922,299
2026-07-15T13:40:00+00:00,139.19999999999922,140.00999999999922,139.13999999999922,139.91999999999922,291
2026-07-15T13:45:00+00:00,139.91999999999922,139.9399999999992,138.8499999999992,139.51999999999921,431
2026-07-15T13:50:00+00:00,139.51999999999921,139.9099999999992,139.1899999999992,139.5999999999992,332
2026-07-15T13:55:00+00:00,139.5999999999992,140.2499999999992,139.47999999999922,139.8799999999992,584
2026-07-15T14:00:00+00:00,139.8799999999992,139.9699999999992,139.01999999999921,139.01999999999921,368
2026-07-15T14:05:00+00:00,139.01999999999921,139.0699999999992,138.5599999999992,138.94999999999922,484
2026-07-15T14:10:00+00:00,138.94999999999922,139.2899999999992,138.3999999999992,139.19999999999922,335
2026-07-15T14:15:00+00:00,139.19999999999922,139.9599999999992,139.19999999999922,139.6599999999992,465
2026-07-15T14:20:00+00:00,139.6599999999992,139.6599999999992,139.1599999999992,139.3199999999992,385
2026-07-15T14:25:00+00:00,139.3199999999992,139.76999999999921,139.25999999999922,139.7099999999992,458
2026-07-15T14:30:00+00:00,139.7099999999992,140.6199999999992,139.5999999999992,140.26999999999921,490
2026-07-15T14:35:00+00:00,140.26999999999921,140.47999999999922,139.3499999999992,139.4599999999992,449
2026-07-15T14:40:00+00:00,139.4599999999992,140.07999999999922,138.7799999999992,139.94999999999922,470
2026-07-15T14:45:00+00:00,139.94999999999922,140.3499999999992,139.66999999999922,140.00999999999922,397
2026-07-15T14:50:00+00:00,140.00999999999922,140.00999999999922,139.3099999999992,139.54999999999922,442
2026-07-15T14:55:00+00:00,139.54999999999922,139.63999999999922,138.97999999999922,139.49999999999923,438.46353522867736
2026-07-15T15:00:00+00:00,139.49999999999923,139.74999999999923,139.3699999999992,139.56999999999923,337
2026-07-15T15:05:00+00:00,139.56999999999923,139.6499999999992,139.1199999999992,139.57999999999922,283
2026-07-15T15:10:00+00:00,139.57999999999922,139.8399999999992,139.4299999999992,139.59999999999923,285
2026-07-15T15:15:00+00:00,139.59999999999923,139.99999999999923,139.28999999999922,139.78999999999922,361
2026-07-15T15:20:00+00:00,139.78999999999922,139.87999999999923,139.54999999999922,139.69999999999922,234
2026-07-15T15:25:00+00:00,139.69999999999922,139.7399999999992,139.10999999999922,139.53999999999922,348
2026-07-15T15:30:00+00:00,139.53999999999922,139.9899999999992,139.50999999999922,139.74999999999923,338
2026-07-15T15:35:00+00:00,139.74999999999923,139.8999999999992,139.46999999999923,139.63999999999922,372
2026-07-15T15:40:00+00:00,139.63999999999922,139.87999999999923,139.5899999999992,139.63999999999922,220
2026-07-15T15:45:00+00:00,139.63999999999922,139.85999999999922,139.59999999999923,139.6199999999992,305
2026-07-15T15:50:00+00:00,139.6199999999992,140.35999999999922,139.5899999999992,140.26999999999921,276
2026-07-15T15:55:00+00:00,140.26999999999921,140.74999999999923,140.2099999999992,140.6499999999992,431
2026-07-15T16:00:00+00:00,140.6499999999992,140.8099999999992,140.40999999999923,140.49999999999923,337
2026-07-15T16:05:00+00:00,140.49999999999923,140.62999999999923,140.28999999999922,140.4599999999992,381
2026-07-15T16:10:00+00:00,140.4599999999992,140.76999999999921,140.29999999999922,140.3399999999992,454
2026-07-15T16:15:00+00:00,140.3399999999992,140.41999999999922,139.46999999999923,139.4899999999992,586
2026-07-15T16:20:00+00:00,139.4899999999992,139.56999999999923,139.09999999999923,139.28999999999922,558
2026-07-15T16:25:00+00:00,139.28999999999922,139.81999999999923,139.13999999999922,139.72999999999922,446
2026-07-15T16:30:00+00:00,139.72999999999922,139.9599999999992,139.2399999999992,139.32999999999922,407
2026-07-15T16:35:00+00:00,139.32999999999922,139.46999999999923,139.22999999999922,139.31999999999923,276
2026-07-15T16:40:00+00:00,139.31999999999923,139.54999999999922,139.29999999999922,139.47999999999922,288
2026-07-15T16:45:00+00:00,139.47999999999922,139.84999999999923,139.47999999999922,139.62999999999923,362
2026-07-15T16:50:00+00:00,139.62999999999923,139.8399999999992,139.59999999999923,139.79999999999922,358
2026-07-15T16:55:00+00:00,139.79999999999922,139.8399999999992,139.57999999999922,139.74999999999923,338
2026-07-15T17:00:00+00:00,139.74999999999923,140.10999999999922,139.65999999999923,139.66999999999922,368
2026-07-15T17:05:00+00:00,139.66999999999922,139.8699999999992,139.4899999999992,139.50999999999922,387
2026-07-15T17:10:00+00:00,139.50999999999922,139.62999999999923,139.40999999999923,139.49999999999923,307
2026-07-15T17:15:00+00:00,139.49999999999923,139.56999999999923,139.13999999999922,139.13999999999922,346
2026-07-15T17:20:00+00:00,139.13999999999922,139.21999999999923,138.87999999999923,139.16999999999922,379
2026-07-15T17:25:00+00:00,139.16999999999922,139.27999999999923,139.09999999999923,139.21999999999923,298
2026-07-15T17:30:00+00:00,139.21999999999923,139.82999999999922,139.19999999999922,139.71999999999923,409
2026-07-15T17:35:00+00:00,139.71999999999923,139.76999999999921,139.4899999999992,139.7399999999992,274
2026-07-15T17:40:00+00:00,139.7399999999992,139.8399999999992,139.57999999999922,139.8099999999992,248
2026-07-15T17:45:00+00:00,139.8099999999992,140.16999999999922,139.71999999999923,140.1499999999992,229
2026-07-15T17:50:00+00:00,140.1499999999992,140.27999999999923,140.00999999999922,140.15999999999923,308
2026-07-15T17:55:00+00:00,140.15999999999923,140.19999999999922,139.94999999999922,140.0599999999992,233
2026-07-15T18:00:00+00:00,140.0599999999992,140.21999999999923,139.99999999999923,140.12999999999923,282
2026-07-15T18:05:00+00:00,140.12999999999923,140.32999999999922,140.09999999999923,140.18999999999923,279
2026-07-15T18:10:00+00:00,140.18999999999923,140.3099999999992,140.01999999999921,140.03999999999922,265
2026-07-15T18:15:00+00:00,140.03999999999922,140.12999999999923,139.9299999999992,139.99999999999923,262
2026-07-15T18:20:00+00:00,139.99999999999923,140.09999999999923,139.8099999999992,139.8099999999992,268
2026-07-15T18:25:00+00:00,139.8099999999992,139.90999999999923,139.7099999999992,139.8699999999992,313
2026-07-15T18:30:00+00:00,139.8699999999992,140.00999999999922,139.85999999999922,139.93999999999923,200
2026-07-15T18:35:00+00:00,139.93999999999923,140.03999999999922,139.84999999999923,139.99999999999923,253
2026-07-15T18:40:00+00:00,139.99999999999923,140.0899999999992,139.87999999999923,140.01999999999921,253
2026-07-15T18:45:00+00:00,140.01999999999921,140.13999999999922,139.84999999999923,139.90999999999923,328
2026-07-15T18:50:00+00:00,139.90999999999923,140.15999999999923,139.8999999999992,140.0899999999992,233
2026-07-15T18:55:00+00:00,140.0899999999992,140.25999999999922,139.9899999999992,140.01999999999921,257
2026-07-15T19:00:00+00:00,140.01999999999921,140.15999999999923,139.88999999999922,139.9599999999992,248
2026-07-15T19:05:00+00:00,139.9599999999992,140.04999999999922,139.88999999999922,139.91999999999922,188
2026-07-15T19:10:00+00:00,139.91999999999922,139.97999999999922,139.82999999999922,139.88999999999922,188
2026-07-15T19:15:00+00:00,139.88999999999922,140.0899999999992,139.85999999999922,139.91999999999922,218
2026-07-15T19:20:00+00:00,139.91999999999922,140.04999999999922,139.85999999999922,139.99999999999923,223
2026-07-15T19:25:00+00:00,139.99999999999923,140.52999999999923,139.9299999999992,140.28999999999922,337
2026-07-15T19:30:00+00:00,140.28999999999922,140.7099999999992,140.16999999999922,140.19999999999922,416
2026-07-15T19:35:00+00:00,140.19999999999922,140.32999999999922,140.07999999999922,140.18999999999923,282
2026-07-15T19:40:00+00:00,140.18999999999923,140.5899999999992,139.85999999999922,140.52999999999923,313
2026-07-15T19:45:00+00:00,140.52999999999923,140.71999999999923,140.32999999999922,140.50999999999922,380
2026-07-15T19:50:00+00:00,140.50999999999922,140.6799999999992,140.24999999999923,140.49999999999923,554
2026-07-15T19:55:00+00:00,140.49999999999923,140.91999999999922,140.40999999999923,140.8399999999992,711
2026-07-16T13:30:00+00:00,140.8399999999992,140.8399999999992,139.5299999999992,139.5299999999992,140.65432621112757
2026-07-16T13:35:00+00:00,139.5299999999992,139.79999999999922,138.6599999999992,138.6999999999992,222
2026-07-16T13:40:00+00:00,138.6999999999992,139.29999999999922,138.6599999999992,139.2399999999992,298
2026-07-16T13:45:00+00:00,139.2399999999992,139.3699999999992,138.4699999999992,138.8699999999992,385
2026-07-16T13:50:00+00:00,138.8699999999992,139.04999999999922,137.9099999999992,137.9299999999992,402
2026-07-16T13:55:00+00:00,137.9299999999992,138.0899999999992,137.4399999999992,137.7899999999992,386
2026-07-16T14:00:00+00:00,137.7899999999992,139.0399999999992,137.7599999999992,139.0399999999992,364
2026-07-16T14:05:00+00:00,139.0399999999992,139.1499999999992,138.60999999999922,138.9399999999992,367
2026-07-16T14:10:00+00:00,138.9399999999992,139.29999999999922,138.8499999999992,139.1899999999992,396
2026-07-16T14:15:00+00:00,139.1899999999992,139.2199999999992,138.82999999999922,139.1499999999992,372
2026-07-16T14:20:00+00:00,139.1499999999992,139.4899999999992,139.01999999999921,139.4699999999992,345
2026-07-16T14:25:00+00:00,139.4699999999992,139.5599999999992,139.0699999999992,139.54999999999922,391
2026-07-16T14:30:00+00:00,139.54999999999922,139.6999999999992,139.38999999999922,139.5699999999992,455
2026-07-16T14:35:00+00:00,139.5699999999992,139.5999999999992,139.3499999999992,139.54999999999922,311
2026-07-16T14:40:00+00:00,139.54999999999922,139.88999999999922,139.5299999999992,139.7399999999992,321
2026-07-16T14:45:00+00:00,139.7399999999992,139.7499999999992,139.5299999999992,139.63999999999922,268
2026-07-16T14:50:00+00:00,139.63999999999922,139.7099999999992,139.4699999999992,139.5599999999992,228
2026-07-16T14:55:00+00:00,139.5599999999992,139.7799999999992,139.5399999999992,139.6299999999992,309
2026-07-16T15:00:00+00:00,139.6299999999992,139.6299999999992,139.4399999999992,139.5699999999992,250
2026-07-16T15:05:00+00:00,139.5699999999992,139.76999999999921,139.5399999999992,139.6799999999992,247
2026-07-16T15:10:00+00:00,139.6799999999992,139.7499999999992,139.4399999999992,139.5299999999992,245
2026-07-16T15:15:00+00:00,139.5299999999992,139.7799999999992,139.0599999999992,139.0699999999992,249
2026-07-16T15:20:00+00:00,139.0699999999992,139.1299999999992,138.7499999999992,138.9199999999992,299
2026-07-16T15:25:00+00:00,138.9199999999992,139.10999999999922,138.6799999999992,138.6899999999992,254
2026-07-16T15:30:00+00:00,138.6899999999992,138.8999999999992,138.5299999999992,138.8499999999992,313
2026-07-16T15:35:00+00:00,138.8499999999992,138.9099999999992,138.6199999999992,138.7199999999992,248
2026-07-16T15:40:00+00:00,138.7199999999992,138.8199999999992,138.60999999999922,138.6199999999992,198
2026-07-16T15:45:00+00:00,138.6199999999992,138.6199999999992,138.26999999999921,138.4499999999992,282
2026-07-16T15:50:00+00:00,138.4499999999992,138.7299999999992,138.4499999999992,138.60999999999922,221
2026-07-16T15:55:00+00:00,138.60999999999922,138.7599999999992,138.4399999999992,138.6199999999992,325
2026-07-16T16:00:00+00:00,138.6199999999992,138.6199999999992,138.2199999999992,138.29999999999922,307
2026-07-16T16:05:00+00:00,138.29999999999922,138.6299999999992,138.2099999999992,138.57999999999922,363
2026-07-16T16:10:00+00:00,138.57999999999922,138.63999999999922,138.2499999999992,138.3099999999992,274
2026-07-16T16:15:00+00:00,138.3099999999992,138.38999999999922,138.2199999999992,138.29999999999922,242
2026-07-16T16:20:00+00:00,138.29999999999922,138.4599999999992,138.0399999999992,138.3499999999992,437
2026-07-16T16:25:00+00:00,138.3499999999992,138.4899999999992,138.1499999999992,138.1799999999992,347
2026-07-16T16:30:00+00:00,138.1799999999992,138.38999999999922,138.04999999999922,138.04999999999922,356
2026-07-16T16:35:00+00:00,138.04999999999922,138.4099999999992,137.9499999999992,138.2099999999992,358
2026-07-16T16:40:00+00:00,138.2099999999992,138.4399999999992,138.10999999999922,138.3699999999992,274
2026-07-16T16:45:00+00:00,138.3699999999992,138.6299999999992,138.32999999999922,138.6299999999992,259
2026-07-16T16:50:00+00:00,138.6299999999992,138.6599999999992,138.4899999999992,138.51999999999921,323
2026-07-16T16:55:00+00:00,138.51999999999921,138.6799999999992,138.5099999999992,138.57999999999922,385
2026-07-16T17:00:00+00:00,138.57999999999922,138.6299999999992,138.5099999999992,138.54999999999922,356
2026-07-16T17:05:00+00:00,138.54999999999922,138.7399999999992,138.5099999999992,138.6199999999992,361
2026-07-16T17:10:00+00:00,138.6199999999992,138.6499999999992,138.3399999999992,138.4099999999992,265
2026-07-16T17:15:00+00:00,138.4099999999992,138.4899999999992,138.2299999999992,138.3799999999992,278
2026-07-16T17:20:00+00:00,138.3799999999992,138.38999999999922,138.0699999999992,138.1899999999992,261
2026-07-16T17:25:00+00:00,138.1899999999992,138.2299999999992,138.04999999999922,138.0999999999992,383
2026-07-16T17:30:00+00:00,138.0999999999992,138.2799999999992,137.9999999999992,138.0999999999992,374
2026-07-16T17:35:00+00:00,138.0999999999992,138.2199999999992,137.9099999999992,137.9399999999992,278
2026-07-16T17:40:00+00:00,137.9399999999992,137.9699999999992,137.7099999999992,137.9199999999992,299
2026-07-16T17:45:00+00:00,137.9199999999992,138.0299999999992,137.8199999999992,137.9299999999992,238
2026-07-16T17:50:00+00:00,137.9299999999992,137.9299999999992,137.5599999999992,137.60999999999922,220
2026-07-16T17:55:00+00:00,137.60999999999922,137.6299999999992,137.1199999999992,137.3499999999992,322
2026-07-16T18:00:00+00:00,137.3499999999992,137.4299999999992,137.1299999999992,137.1799999999992,301
2026-07-16T18:05:00+00:00,137.1799999999992,137.4799999999992,137.1199999999992,137.3699999999992,342
2026-07-16T18:10:00+00:00,137.3699999999992,137.5899999999992,137.2399999999992,137.3499999999992,322
2026-07-16T18:15:00+00:00,137.3499999999992,137.6499999999992,137.2399999999992,137.60999999999922,293
2026-07-16T18:20:00+00:00,137.60999999999922,137.9199999999992,137.5699999999992,137.85999999999922,269
2026-07-16T18:25:00+00:00,137.85999999999922,137.9799999999992,137.7099999999992,137.8199999999992,329
2026-07-16T18:30:00+00:00,137.8199999999992,137.9499999999992,137.6599999999992,137.6999999999992,308
2026-07-16T18:35:00+00:00,137.6999999999992,137.8199999999992,137.5999999999992,137.6499999999992,294
2026-07-16T18:40:00+00:00,137.6499999999992,137.76999999999921,137.5599999999992,137.6999999999992,304
2026-07-16T18:45:00+00:00,137.6999999999992,137.9099999999992,137.6699999999992,137.8399999999992,257
2026-07-16T18:50:00+00:00,137.8399999999992,137.8999999999992,137.76999999999921,137.8199999999992,210
2026-07-16T18:55:00+00:00,137.8199999999992,137.85999999999922,137.6499999999992,137.7099999999992,381
2026-07-16T19:00:00+00:00,137.7099999999992,138.01999999999921,137.7099999999992,137.9199999999992,260
2026-07-16T19:05:00+00:00,137.9199999999992,138.1599999999992,137.9099999999992,137.9099999999992,207
2026-07-16T19:10:00+00:00,137.9099999999992,137.9899999999992,137.8199999999992,137.9599999999992,281
2026-07-16T19:15:00+00:00,137.9599999999992,138.4199999999992,137.9099999999992,138.3999999999992,331
2026-07-16T19:20:00+00:00,138.3999999999992,138.4799999999992,138.10999999999922,138.1199999999992,314
2026-07-16T19:25:00+00:00,138.1199999999992,138.1999999999992,137.7399999999992,137.9199999999992,259
2026-07-16T19:30:00+00:00,137.9199999999992,137.9799999999992,137.54999999999922,137.5599999999992,313
2026-07-16T19:35:00+00:00,137.5599999999992,137.7199999999992,137.4799999999992,137.6799999999992,282
2026-07-16T19:40:00+00:00,137.6799999999992,137.76999999999921,137.4099999999992,137.4299999999992,324
2026-07-16T19:45:00+00:00,137.4299999999992,137.7199999999992,137.3399999999992,137.6299999999992,357
2026-07-16T19:50:00+00:00,137.6299999999992,137.9099999999992,137.5999999999992,137.5999999999992,443
2026-07-16T19:55:00+00:00,137.5999999999992,137.7399999999992,137.2599999999992,137.7399999999992,719
2026-07-17T13:30:00+00:00,137.7399999999992,137.7399999999992,132.91999999999922,133.45999999999924,301
2026-07-17T13:35:00+00:00,133.45999999999924,134.15999999999926,133.20999999999924,133.72999999999928,318
2026-07-17T13:40:00+00:00,133.72999999999928,135.09999999999928,133.7199999999993,134.9699999999993,389
2026-07-17T13:45:00+00:00,134.9699999999993,136.2499999999993,134.8299999999993,136.06999999999928,436
2026-07-17T13:50:00+00:00,136.06999999999928,136.2499999999993,135.4999999999993,135.8099999999993,372
2026-07-17T13:55:00+00:00,135.8099999999993,135.8999999999993,135.53999999999928,135.59999999999928,280
2026-07-17T14:00:00+00:00,135.59999999999928,136.0199999999993,135.53999999999928,135.6099999999993,365
2026-07-17T14:05:00+00:00,135.6099999999993,136.2099999999993,135.53999999999928,135.9299999999993,375
2026-07-17T14:10:00+00:00,135.9299999999993,136.87999999999928,135.91999999999928,136.69999999999928,496
2026-07-17T14:15:00+00:00,136.69999999999928,136.97999999999928,136.6099999999993,136.6899999999993,413
2026-07-17T14:20:00+00:00,136.6899999999993,136.9299999999993,136.4599999999993,136.8399999999993,318
2026-07-17T14:25:00+00:00,136.8399999999993,137.0499999999993,136.62999999999928,136.7499999999993,395
2026-07-17T14:30:00+00:00,136.7499999999993,136.94999999999928,136.47999999999928,136.7199999999993,466
2026-07-17T14:35:00+00:00,136.7199999999993,137.12999999999928,136.5899999999993,136.6599999999993,507
2026-07-17T14:40:00+00:00,136.6599999999993,136.75999999999928,136.2699999999993,136.2999999999993,437
2026-07-17T14:45:00+00:00,136.2999999999993,136.5899999999993,136.1899999999993,136.5299999999993,419
2026-07-17T14:50:00+00:00,136.5299999999993,136.6499999999993,136.4399999999993,136.4999999999993,337
2026-07-17T14:55:00+00:00,136.4999999999993,136.8299999999993,136.3999999999993,136.4699999999993,440
2026-07-17T15:00:00+00:00,136.4699999999993,136.66999999999928,136.25999999999928,136.4899999999993,412
2026-07-17T15:05:00+00:00,136.4899999999993,136.7199999999993,136.4099999999993,136.4999999999993,307
2026-07-17T15:10:00+00:00,136.4999999999993,136.56999999999928,136.3599999999993,136.50999999999928,313
2026-07-17T15:15:00+00:00,136.50999999999928,136.5299999999993,136.2199999999993,136.2999999999993,356
2026-07-17T15:20:00+00:00,136.2999999999993,136.4899999999993,136.2099999999993,136.2699999999993,359
2026-07-17T15:25:00+00:00,136.2699999999993,136.72999999999928,136.2499999999993,136.59999999999928,328
2026-07-17T15:30:00+00:00,136.59999999999928,136.72999999999928,136.1499999999993,136.2099999999993,487
2026-07-17T15:35:00+00:00,136.2099999999993,136.28999999999928,136.03999999999928,136.2699999999993,355
2026-07-17T15:40:00+00:00,136.2699999999993,136.41999999999928,136.2099999999993,136.31999999999928,266
2026-07-17T15:45:00+00:00,136.31999999999928,136.4399999999993,136.25999999999928,136.34999999999928,317
2026-07-17T15:50:00+00:00,136.34999999999928,136.44999999999928,136.2099999999993,136.3699999999993,346
2026-07-17T15:55:00+00:00,136.3699999999993,136.3999999999993,136.1599999999993,136.1799999999993,343
2026-07-17T16:00:00+00:00,136.1799999999993,136.31999999999928,135.91999999999928,136.0799999999993,344
2026-07-17T16:05:00+00:00,136.0799999999993,136.37999999999928,136.0499999999993,136.37999999999928,342
2026-07-17T16:10:00+00:00,136.37999999999928,136.4999999999993,136.2499999999993,136.4299999999993,223
2026-07-17T16:15:00+00:00,136.4299999999993,136.47999999999928,136.0899999999993,136.12999999999928,274
2026-07-17T16:20:00+00:00,136.12999999999928,136.2199999999993,135.9399999999993,135.9899999999993,306
2026-07-17T16:25:00+00:00,135.9899999999993,136.1899999999993,135.81999999999928,136.1399999999993,273
2026-07-17T16:30:00+00:00,136.1399999999993,136.1599999999993,135.8999999999993,136.00999999999928,304
2026-07-17T16:35:00+00:00,136.00999999999928,136.25999999999928,135.9899999999993,136.0499999999993,316
2026-07-17T16:40:00+00:00,136.0499999999993,136.19999999999928,136.0299999999993,136.0899999999993,243
2026-07-17T16:45:00+00:00,136.0899999999993,136.2499999999993,135.9899999999993,136.19999999999928,238
2026-07-17T16:50:00+00:00,136.19999999999928,136.2999999999993,136.0599999999993,136.0799999999993,216
2026-07-17T16:55:00+00:00,136.0799999999993,136.0799999999993,135.9099999999993,135.9599999999993,170
2026-07-17T17:00:00+00:00,135.9599999999993,136.1199999999993,135.9099999999993,135.9099999999993,273
2026-07-17T17:05:00+00:00,135.9099999999993,136.0599999999993,135.81999999999928,135.9399999999993,181
2026-07-17T17:10:00+00:00,135.9399999999993,136.1199999999993,135.9299999999993,136.0899999999993,219
2026-07-17T17:15:00+00:00,136.0899999999993,136.09999999999928,135.9599999999993,135.97999999999928,239
2026-07-17T17:20:00+00:00,135.97999999999928,136.0199999999993,135.8999999999993,135.91999999999928,173
2026-07-17T17:25:00+00:00,135.91999999999928,135.9699999999993,135.87999999999928,135.9699999999993,127
2026-07-17T17:30:00+00:00,135.9699999999993,136.0899999999993,135.9599999999993,136.0799999999993,167
2026-07-17T17:35:00+00:00,136.0799999999993,136.09999999999928,135.7399999999993,135.8599999999993,260
2026-07-17T17:40:00+00:00,135.8599999999993,135.8999999999993,135.7799999999993,135.8599999999993,180
2026-07-17T17:45:00+00:00,135.8599999999993,136.09999999999928,135.8299999999993,136.0499999999993,256
2026-07-17T17:50:00+00:00,136.0499999999993,136.1099999999993,135.7499999999993,135.8399999999993,225
2026-07-17T17:55:00+00:00,135.8399999999993,135.9099999999993,135.7199999999993,135.8699999999993,263
2026-07-17T18:00:00+00:00,135.8699999999993,136.06999999999928,135.7999999999993,136.00999999999928,310
2026-07-17T18:05:00+00:00,136.00999999999928,136.1099999999993,135.78999999999928,135.9399999999993,256
2026-07-17T18:10:00+00:00,135.9399999999993,135.97999999999928,135.8099999999993,135.8299999999993,153
2026-07-17T18:15:00+00:00,135.8299999999993,135.8599999999993,135.53999999999928,135.59999999999928,214
2026-07-17T18:20:00+00:00,135.59999999999928,135.6599999999993,135.3599999999993,135.3899999999993,185
2026-07-17T18:25:00+00:00,135.3899999999993,135.4099999999993,135.19999999999928,135.28999999999928,265
2026-07-17T18:30:00+00:00,135.28999999999928,135.4999999999993,135.2499999999993,135.3399999999993,269
2026-07-17T18:35:00+00:00,135.3399999999993,135.3599999999993,135.1599999999993,135.28999999999928,190
2026-07-17T18:40:00+00:00,135.28999999999928,135.31999999999928,135.22999999999928,135.2999999999993,135
2026-07-17T18:45:00+00:00,135.2999999999993,135.4899999999993,135.2499999999993,135.3699999999993,242
2026-07-17T18:50:00+00:00,135.3699999999993,135.56999999999928,135.3599999999993,135.4999999999993,235
2026-07-17T18:55:00+00:00,135.4999999999993,135.50999999999928,135.2399999999993,135.2499999999993,146
2026-07-17T19:00:00+00:00,135.2499999999993,135.25999999999928,134.9999999999993,135.16999999999928,227
2026-07-17T19:05:00+00:00,135.16999999999928,135.3599999999993,135.12999999999928,135.28999999999928,160
2026-07-17T19:10:00+00:00,135.28999999999928,135.4399999999993,135.1599999999993,135.31999999999928,231
2026-07-17T19:15:00+00:00,135.31999999999928,135.3999999999993,135.1199999999993,135.2199999999993,296
2026-07-17T19:20:00+00:00,135.2199999999993,135.2399999999993,134.9999999999993,134.9999999999993,211
2026-07-17T19:25:00+00:00,134.9999999999993,135.2399999999993,134.9699999999993,135.19999999999928,213
2026-07-17T19:30:00+00:00,135.19999999999928,135.25999999999928,134.9999999999993,135.0299999999993,298
2026-07-17T19:35:00+00:00,135.0299999999993,135.3299999999993,134.9899999999993,135.22999999999928,246
2026-07-17T19:40:00+00:00,135.22999999999928,135.62999999999928,135.2099999999993,135.62999999999928,281
2026-07-17T19:45:00+00:00,135.62999999999928,135.8599999999993,135.59999999999928,135.72999999999928,402
2026-07-17T19:50:00+00:00,135.72999999999928,135.72999999999928,135.5499999999993,135.56999999999928,365
2026-07-17T19:55:00+00:00,135.56999999999928,135.66999999999928,135.06999999999928,135.31999999999928,655
2026-07-20T13:30:00+00:00,135.31999999999928,136.6899999999993,135.31999999999928,136.5299999999993,233
2026-07-20T13:35:00+00:00,136.5299999999993,137.1399999999993,136.0199999999993,137.0499999999993,379
2026-07-20T13:40:00+00:00,137.0499999999993,137.12999999999928,136.00999999999928,136.2399999999993,418
2026-07-20T13:45:00+00:00,136.2399999999993,136.2699999999993,135.5599999999993,135.7099999999993,493
2026-07-20T13:50:00+00:00,135.7099999999993,135.9399999999993,135.41999999999928,135.4999999999993,412
2026-07-20T13:55:00+00:00,135.4999999999993,135.7699999999993,135.4099999999993,135.62999999999928,408
2026-07-20T14:00:00+00:00,135.62999999999928,135.9699999999993,135.34999999999928,135.7499999999993,469
2026-07-20T14:05:00+00:00,135.7499999999993,135.75999999999928,134.9899999999993,135.5599999999993,455
2026-07-20T14:10:00+00:00,135.5599999999993,135.8099999999993,135.3399999999993,135.6599999999993,396
2026-07-20T14:15:00+00:00,135.6599999999993,135.7999999999993,135.22999999999928,135.2699999999993,353
2026-07-20T14:20:00+00:00,135.2699999999993,135.3399999999993,135.0599999999993,135.2999999999993,421
2026-07-20T14:25:00+00:00,135.2999999999993,135.37999999999928,135.0899999999993,135.1599999999993,405
2026-07-20T14:30:00+00:00,135.1599999999993,135.3699999999993,135.0899999999993,135.2099999999993,413
2026-07-20T14:35:00+00:00,135.2099999999993,135.6499999999993,135.09999999999928,135.6199999999993,348
2026-07-20T14:40:00+00:00,135.6199999999993,135.9599999999993,135.50999999999928,135.81999999999928,466
2026-07-20T14:45:00+00:00,135.81999999999928,136.1399999999993,135.8099999999993,135.8999999999993,397
2026-07-20T14:50:00+00:00,135.8999999999993,136.2399999999993,135.8699999999993,135.8999999999993,359
2026-07-20T14:55:00+00:00,135.8999999999993,136.0199999999993,135.7199999999993,135.91999999999928,357.1226808027262
2026-07-20T15:00:00+00:00,135.91999999999928,136.28999999999928,135.85999999999927,136.17999999999927,388
2026-07-20T15:05:00+00:00,136.17999999999927,136.24999999999926,135.82999999999927,135.96999999999926,409
2026-07-20T15:10:00+00:00,135.96999999999926,136.08999999999926,135.88999999999928,135.97999999999928,339
2026-07-20T15:15:00+00:00,135.97999999999928,136.05999999999926,135.82999999999927,136.01999999999927,279
2026-07-20T15:20:00+00:00,136.01999999999927,136.30999999999926,135.98999999999927,136.19999999999928,294
2026-07-20T15:25:00+00:00,136.19999999999928,136.29999999999927,136.04999999999927,136.04999999999927,304
2026-07-20T15:30:00+00:00,136.04999999999927,136.19999999999928,136.02999999999926,136.11999999999927,291
2026-07-20T15:35:00+00:00,136.11999999999927,136.15999999999926,135.98999999999927,135.99999999999926,275
2026-07-20T15:40:00+00:00,135.99999999999926,136.03999999999928,135.81999999999928,135.94999999999928,332
2026-07-20T15:45:00+00:00,135.94999999999928,136.09999999999928,135.85999999999927,136.01999999999927,312
2026-07-20T15:50:00+00:00,136.01999999999927,136.33999999999926,135.97999999999928,136.26999999999927,252
2026-07-20T15:55:00+00:00,136.26999999999927,136.41999999999928,136.24999999999926,136.24999999999926,234
2026-07-20T16:00:00+00:00,136.24999999999926,136.52999999999926,136.01999999999927,136.01999999999927,322
2026-07-20T16:05:00+00:00,136.01999999999927,136.15999999999926,135.86999999999927,136.01999999999927,234
2026-07-20T16:10:00+00:00,136.01999999999927,136.06999999999928,135.86999999999927,135.91999999999928,213
2026-07-20T16:15:00+00:00,135.91999999999928,135.91999999999928,135.74999999999926,135.75999999999928,171
2026-07-20T16:20:00+00:00,135.75999999999928,135.93999999999926,135.73999999999927,135.87999999999928,157
2026-07-20T16:25:00+00:00,135.87999999999928,135.87999999999928,135.73999999999927,135.82999999999927,113
2026-07-20T16:30:00+00:00,135.82999999999927,135.93999999999926,135.79999999999927,135.81999999999928,149
2026-07-20T16:35:00+00:00,135.81999999999928,135.88999999999928,135.74999999999926,135.87999999999928,153
2026-07-20T16:40:00+00:00,135.87999999999928,135.87999999999928,135.49999999999926,135.77999999999926,358
2026-07-20T16:45:00+00:00,135.77999999999926,135.96999999999926,135.71999999999926,135.91999999999928,332
2026-07-20T16:50:00+00:00,135.91999999999928,135.92999999999927,135.59999999999928,135.62999999999928,272
2026-07-20T16:55:00+00:00,135.62999999999928,135.76999999999927,135.45999999999927,135.51999999999927,222
2026-07-20T17:00:00+00:00,135.51999999999927,135.68999999999926,135.43999999999926,135.52999999999926,299
2026-07-20T17:05:00+00:00,135.52999999999926,135.55999999999926,135.39999999999927,135.48999999999927,232
2026-07-20T17:10:00+00:00,135.48999999999927,135.54999999999927,135.39999999999927,135.45999999999927,207
2026-07-20T17:15:00+00:00,135.45999999999927,135.49999999999926,135.34999999999928,135.34999999999928,168
2026-07-20T17:20:00+00:00,135.34999999999928,135.42999999999927,135.26999999999927,135.30999999999926,173
2026-07-20T17:25:00+00:00,135.30999999999926,135.36999999999927,135.20999999999927,135.36999999999927,176
2026-07-20T17:30:00+00:00,135.36999999999927,135.38999999999928,135.19999999999928,135.28999999999928,217
2026-07-20T17:35:00+00:00,135.28999999999928,135.33999999999926,135.16999999999928,135.21999999999926,163
2026-07-20T17:40:00+00:00,135.21999999999926,135.31999999999928,135.09999999999928,135.30999999999926,214
2026-07-20T17:45:00+00:00,135.30999999999926,135.34999999999928,135.15999999999926,135.24999999999926,160
2026-07-20T17:50:00+00:00,135.24999999999926,135.43999999999926,135.22999999999928,135.38999999999928,169
2026-07-20T17:55:00+00:00,135.38999999999928,135.47999999999928,135.32999999999927,135.44999999999928,130
2026-07-20T18:00:00+00:00,135.44999999999928,135.52999999999926,135.42999999999927,135.47999999999928,226
2026-07-20T18:05:00+00:00,135.47999999999928,135.52999999999926,135.28999999999928,135.36999999999927,225
2026-07-20T18:10:00+00:00,135.36999999999927,135.44999999999928,135.28999999999928,135.38999999999928,196
2026-07-20T18:15:00+00:00,135.38999999999928,135.54999999999927,135.38999999999928,135.47999999999928,223
2026-07-20T18:20:00+00:00,135.47999999999928,135.53999999999928,135.35999999999927,135.42999999999927,204
2026-07-20T18:25:00+00:00,135.42999999999927,135.51999999999927,135.34999999999928,135.51999999999927,196
2026-07-20T18:30:00+00:00,135.51999999999927,135.53999999999928,135.35999999999927,135.39999999999927,209
2026-07-20T18:35:00+00:00,135.39999999999927,135.53999999999928,135.33999999999926,135.36999999999927,206
2026-07-20T18:40:00+00:00,135.36999999999927,135.36999999999927,135.16999999999928,135.16999999999928,269
2026-07-20T18:45:00+00:00,135.16999999999928,135.24999999999926,135.07999999999927,135.08999999999926,298
2026-07-20T18:50:00+00:00,135.08999999999926,135.28999999999928,135.06999999999928,135.23999999999927,230
2026-07-20T18:55:00+00:00,135.23999999999927,135.42999999999927,135.23999999999927,135.41999999999928,161
2026-07-20T19:00:00+00:00,135.41999999999928,135.41999999999928,135.09999999999928,135.11999999999927,219
2026-07-20T19:05:00+00:00,135.11999999999927,135.14999999999927,134.99999999999926,135.11999999999927,196
2026-07-20T19:10:00+00:00,135.11999999999927,135.16999999999928,134.80999999999926,134.80999999999926,169
2026-07-20T19:15:00+00:00,134.80999999999926,134.99999999999926,134.74999999999926,134.81999999999928,194
2026-07-20T19:20:00+00:00,134.81999999999928,134.88999999999928,134.51999999999927,134.56999999999928,208
2026-07-20T19:25:00+00:00,134.56999999999928,134.79999999999927,134.45999999999927,134.77999999999926,244
2026-07-20T19:30:00+00:00,134.77999999999926,134.86999999999927,134.61999999999927,134.67999999999927,259
2026-07-20T19:35:00+00:00,134.67999999999927,134.69999999999928,134.43999999999926,134.45999999999927,320
2026-07-20T19:40:00+00:00,134.45999999999927,134.58999999999926,134.41999999999928,134.49999999999926,267
2026-07-20T19:45:00+00:00,134.49999999999926,134.64999999999927,134.49999999999926,134.58999999999926,300
2026-07-20T19:50:00+00:00,134.58999999999926,134.65999999999926,134.34999999999928,134.52999999999926,416
2026-07-20T19:55:00+00:00,134.52999999999926,134.69999999999928,134.23999999999927,134.68999999999926,791
2026-07-21T13:30:00+00:00,134.68999999999926,135.99999999999926,134.68999999999926,135.90999999999926,182
2026-07-21T13:35:00+00:00,135.90999999999926,136.98999999999927,135.76999999999927,136.23999999999927,304
2026-07-21T13:40:00+00:00,136.23999999999927,136.56999999999928,135.94999999999928,136.39999999999927,165
2026-07-21T13:45:00+00:00,136.39999999999927,137.51999999999927,136.39999999999927,137.41999999999928,287
2026-07-21T13:50:00+00:00,137.41999999999928,137.73999999999927,137.19999999999928,137.64999999999927,406
2026-07-21T13:55:00+00:00,137.64999999999927,137.93999999999926,137.46999999999926,137.83999999999926,385
2026-07-21T14:00:00+00:00,137.83999999999926,138.31999999999928,137.79999999999927,138.20999999999927,464
2026-07-21T14:05:00+00:00,138.20999999999927,138.22999999999928,137.78999999999928,137.91999999999928,373
2026-07-21T14:10:00+00:00,137.91999999999928,138.17999999999927,137.71999999999926,137.98999999999927,384
2026-07-21T14:15:00+00:00,137.98999999999927,138.06999999999928,137.74999999999926,137.86999999999927,352
2026-07-21T14:20:00+00:00,137.86999999999927,137.91999999999928,137.62999999999928,137.91999999999928,367
2026-07-21T14:25:00+00:00,137.91999999999928,137.95999999999927,137.65999999999926,137.92999999999927,311
2026-07-21T14:30:00+00:00,137.92999999999927,138.05999999999926,137.71999999999926,137.93999999999926,302
2026-07-21T14:35:00+00:00,137.93999999999926,138.10999999999927,137.65999999999926,137.65999999999926,324
2026-07-21T14:40:00+00:00,137.65999999999926,137.97999999999928,137.42999999999927,137.86999999999927,264
2026-07-21T14:45:00+00:00,137.86999999999927,138.12999999999928,137.71999999999926,138.05999999999926,239
2026-07-21T14:50:00+00:00,138.05999999999926,138.22999999999928,137.70999999999927,137.80999999999926,268
2026-07-21T14:55:00+00:00,137.80999999999926,137.84999999999928,137.69999999999928,137.77999999999926,249
2026-07-21T15:00:00+00:00,137.77999999999926,138.08999999999926,137.77999999999926,138.03999999999928,339
2026-07-21T15:05:00+00:00,138.03999999999928,138.38999999999928,137.98999999999927,138.31999999999928,307
2026-07-21T15:10:00+00:00,138.31999999999928,138.39999999999927,138.19999999999928,138.35999999999927,281
2026-07-21T15:15:00+00:00,138.35999999999927,138.49999999999926,138.28999999999928,138.47999999999928,280
2026-07-21T15:20:00+00:00,138.47999999999928,138.54999999999927,138.31999999999928,138.41999999999928,332
2026-07-21T15:25:00+00:00,138.41999999999928,138.50999999999928,138.22999999999928,138.50999999999928,287
2026-07-21T15:30:00+00:00,138.50999999999928,138.56999999999928,138.32999999999927,138.41999999999928,220
2026-07-21T15:35:00+00:00,138.41999999999928,138.48999999999927,138.10999999999927,138.24999999999926,186
2026-07-21T15:40:00+00:00,138.24999999999926,138.44999999999928,138.24999999999926,138.29999999999927,220
2026-07-21T15:45:00+00:00,138.29999999999927,138.47999999999928,138.24999999999926,138.45999999999927,243
2026-07-21T15:50:00+00:00,138.45999999999927,138.55999999999926,138.39999999999927,138.41999999999928,252
2026-07-21T15:55:00+00:00,138.41999999999928,138.55999999999926,138.37999999999928,138.42999999999927,259
2026-07-21T16:00:00+00:00,138.42999999999927,138.68999999999926,138.42999999999927,138.68999999999926,235
2026-07-21T16:05:00+00:00,138.68999999999926,138.92999999999927,138.59999999999928,138.85999999999927,224
2026-07-21T16:10:00+00:00,138.85999999999927,139.00999999999928,138.84999999999928,138.92999999999927,206
2026-07-21T16:15:00+00:00,138.92999999999927,139.15999999999926,138.90999999999926,139.08999999999926,203
2026-07-21T16:20:00+00:00,139.08999999999926,139.15999999999926,138.98999999999927,138.99999999999926,238
2026-07-21T16:25:00+00:00,138.99999999999926,139.15999999999926,138.98999999999927,139.10999999999927,196
2026-07-21T16:30:00+00:00,139.10999999999927,139.20999999999927,138.99999999999926,139.15999999999926,152
2026-07-21T16:35:00+00:00,139.15999999999926,139.15999999999926,138.98999999999927,139.07999999999927,111
2026-07-21T16:40:00+00:00,139.07999999999927,139.21999999999926,139.03999999999928,139.15999999999926,153
2026-07-21T16:45:00+00:00,139.15999999999926,139.21999999999926,139.02999999999926,139.11999999999927,164
2026-07-21T16:50:00+00:00,139.11999999999927,139.32999999999927,139.05999999999926,139.29999999999927,173
2026-07-21T16:55:00+00:00,139.29999999999927,139.38999999999928,139.26999999999927,139.30999999999926,158
2026-07-21T17:00:00+00:00,139.30999999999926,139.42999999999927,139.28999999999928,139.31999999999928,172
2026-07-21T17:05:00+00:00,139.31999999999928,139.39999999999927,139.27999999999926,139.29999999999927,143
2026-07-21T17:10:00+00:00,139.29999999999927,139.31999999999928,139.14999999999927,139.27999999999926,160
2026-07-21T17:15:00+00:00,139.27999999999926,139.29999999999927,139.15999999999926,139.20999999999927,157
2026-07-21T17:20:00+00:00,139.20999999999927,139.26999999999927,139.05999999999926,139.16999999999928,189
2026-07-21T17:25:00+00:00,139.16999999999928,139.23999999999927,139.06999999999928,139.08999999999926,141
2026-07-21T17:30:00+00:00,139.08999999999926,139.13999999999928,139.01999999999927,139.05999999999926,144
2026-07-21T17:35:00+00:00,139.05999999999926,139.15999999999926,139.02999999999926,139.10999999999927,111
2026-07-21T17:40:00+00:00,139.10999999999927,139.14999999999927,139.01999999999927,139.05999999999926,134
2026-07-21T17:45:00+00:00,139.05999999999926,139.07999999999927,138.92999999999927,139.02999999999926,133
2026-07-21T17:50:00+00:00,139.02999999999926,139.10999999999927,138.96999999999926,138.98999999999927,165
2026-07-21T17:55:00+00:00,138.98999999999927,138.99999999999926,138.75999999999928,138.82999999999927,258
2026-07-21T18:00:00+00:00,138.82999999999927,138.91999999999928,138.71999999999926,138.89999999999927,222
2026-07-21T18:05:00+00:00,138.89999999999927,138.89999999999927,138.73999999999927,138.84999999999928,145
2026-07-21T18:10:00+00:00,138.84999999999928,138.86999999999927,138.65999999999926,138.67999999999927,137
2026-07-21T18:15:00+00:00,138.67999999999927,138.81999999999928,138.66999999999928,138.81999999999928,131
2026-07-21T18:20:00+00:00,138.81999999999928,138.87999999999928,138.78999999999928,138.81999999999928,154
2026-07-21T18:25:00+00:00,138.81999999999928,138.92999999999927,138.70999999999927,138.87999999999928,129
2026-07-21T18:30:00+00:00,138.87999999999928,138.91999999999928,138.72999999999928,138.77999999999926,151
2026-07-21T18:35:00+00:00,138.77999999999926,138.91999999999928,138.71999999999926,138.88999999999928,148
2026-07-21T18:40:00+00:00,138.88999999999928,138.95999999999927,138.78999999999928,138.92999999999927,147
2026-07-21T18:45:00+00:00,138.92999999999927,138.94999999999928,138.77999999999926,138.85999999999927,149
2026-07-21T18:50:00+00:00,138.85999999999927,138.88999999999928,138.73999999999927,138.76999999999927,110
2026-07-21T18:55:00+00:00,138.76999999999927,138.83999999999926,138.67999999999927,138.67999999999927,144
2026-07-21T19:00:00+00:00,138.67999999999927,138.77999999999926,138.61999999999927,138.71999999999926,121
2026-07-21T19:05:00+00:00,138.71999999999926,138.81999999999928,138.67999999999927,138.68999999999926,148
2026-07-21T19:10:00+00:00,138.68999999999926,138.71999999999926,138.60999999999927,138.63999999999928,97
2026-07-21T19:15:00+00:00,138.63999999999928,138.66999999999928,138.57999999999927,138.60999999999927,124
2026-07-21T19:20:00+00:00,138.60999999999927,138.67999999999927,138.55999999999926,138.57999999999927,100
2026-07-21T19:25:00+00:00,138.57999999999927,138.65999999999926,138.49999999999926,138.58999999999926,140
2026-07-21T19:30:00+00:00,138.58999999999926,138.69999999999928,138.43999999999926,138.50999999999928,212
2026-07-21T19:35:00+00:00,138.50999999999928,138.65999999999926,138.45999999999927,138.53999999999928,207
2026-07-21T19:40:00+00:00,138.53999999999928,138.57999999999927,138.39999999999927,138.52999999999926,193
2026-07-21T19:45:00+00:00,138.52999999999926,138.66999999999928,138.41999999999928,138.45999999999927,261
2026-07-21T19:50:00+00:00,138.45999999999927,138.60999999999927,138.40999999999926,138.41999999999928,338
2026-07-21T19:55:00+00:00,138.41999999999928,138.73999999999927,138.32999999999927,138.68999999999926,521
2026-07-22T13:30:00+00:00,138.68999999999926,139.71999999999926,138.49999999999926,138.88999999999928,147
2026-07-22T13:35:00+00:00,138.88999999999928,139.08999999999926,138.44999999999928,138.53999999999928,244
2026-07-22T13:40:00+00:00,138.53999999999928,139.04999999999927,138.44999999999928,139.03999999999928,231
2026-07-22T13:45:00+00:00,139.03999999999928,139.32999999999927,138.55999999999926,138.86999999999927,358
2026-07-22T13:50:00+00:00,138.86999999999927,139.02999999999926,138.55999999999926,138.62999999999928,346
2026-07-22T13:55:00+00:00,138.62999999999928,139.08999999999926,138.58999999999926,138.91999999999928,388
2026-07-22T14:00:00+00:00,138.91999999999928,138.91999999999928,138.53999999999928,138.60999999999927,336
2026-07-22T14:05:00+00:00,138.60999999999927,138.68999999999926,138.02999999999926,138.40999999999926,303
2026-07-22T14:10:00+00:00,138.40999999999926,138.41999999999928,137.98999999999927,137.98999999999927,314
2026-07-22T14:15:00+00:00,137.98999999999927,138.33999999999926,137.93999999999926,138.10999999999927,353
2026-07-22T14:20:00+00:00,138.10999999999927,138.45999999999927,138.08999999999926,138.41999999999928,389
2026-07-22T14:25:00+00:00,138.41999999999928,138.82999999999927,138.32999999999927,138.45999999999927,394
2026-07-22T14:30:00+00:00,138.45999999999927,138.78999999999928,138.41999999999928,138.59999999999928,281
2026-07-22T14:35:00+00:00,138.59999999999928,138.85999999999927,138.39999999999927,138.81999999999928,306
2026-07-22T14:40:00+00:00,138.81999999999928,139.02999999999926,138.60999999999927,139.01999999999927,335
2026-07-22T14:45:00+00:00,139.01999999999927,139.30999999999926,138.92999999999927,139.01999999999927,312
2026-07-22T14:50:00+00:00,139.01999999999927,139.06999999999928,138.78999999999928,138.78999999999928,275
2026-07-22T14:55:00+00:00,138.78999999999928,138.95999999999927,138.70999999999927,138.87999999999928,272
2026-07-22T15:00:00+00:00,138.87999999999928,139.12999999999928,138.81999999999928,139.05999999999926,276
2026-07-22T15:05:00+00:00,139.05999999999926,139.11999999999927,138.93999999999926,139.00999999999928,295
2026-07-22T15:10:00+00:00,139.00999999999928,139.19999999999928,139.00999999999928,139.15999999999926,266
2026-07-22T15:15:00+00:00,139.15999999999926,139.38999999999928,139.09999999999928,139.33999999999926,202
2026-07-22T15:20:00+00:00,139.33999999999926,139.67999999999927,139.33999999999926,139.52999999999926,211
2026-07-22T15:25:00+00:00,139.52999999999926,139.69999999999928,139.51999999999927,139.62999999999928,227
2026-07-22T15:30:00+00:00,139.62999999999928,139.71999999999926,139.46999999999926,139.46999999999926,244
2026-07-22T15:35:00+00:00,139.46999999999926,139.56999999999928,139.37999999999928,139.54999999999927,221
2026-07-22T15:40:00+00:00,139.54999999999927,139.61999999999927,139.42999999999927,139.46999999999926,217
2026-07-22T15:45:00+00:00,139.46999999999926,139.57999999999927,139.44999999999928,139.51999999999927,242
2026-07-22T15:50:00+00:00,139.51999999999927,139.52999999999926,139.24999999999926,139.31999999999928,196
2026-07-22T15:55:00+00:00,139.31999999999928,139.47999999999928,139.27999999999926,139.39999999999927,146
2026-07-22T16:00:00+00:00,139.39999999999927,139.39999999999927,139.28999999999928,139.35999999999927,150
2026-07-22T16:05:00+00:00,139.35999999999927,139.50999999999928,139.32999999999927,139.40999999999926,150
2026-07-22T16:10:00+00:00,139.40999999999926,139.48999999999927,139.38999999999928,139.44999999999928,120
2026-07-22T16:15:00+00:00,139.44999999999928,139.45999999999927,139.23999999999927,139.30999999999926,161
2026-07-22T16:20:00+00:00,139.30999999999926,139.35999999999927,139.09999999999928,139.35999999999927,131
2026-07-22T16:25:00+00:00,139.35999999999927,139.42999999999927,139.29999999999927,139.42999999999927,161
2026-07-22T16:30:00+00:00,139.42999999999927,139.47999999999928,139.33999999999926,139.37999999999928,128
2026-07-22T16:35:00+00:00,139.37999999999928,139.45999999999927,139.33999999999926,139.36999999999927,121
2026-07-22T16:40:00+00:00,139.36999999999927,139.42999999999927,139.29999999999927,139.34999999999928,123
2026-07-22T16:45:00+00:00,139.34999999999928,139.38999999999928,139.17999999999927,139.21999999999926,109
2026-07-22T16:50:00+00:00,139.21999999999926,139.22999999999928,139.08999999999926,139.08999999999926,106
2026-07-22T16:55:00+00:00,139.08999999999926,139.17999999999927,139.04999999999927,139.12999999999928,127
2026-07-22T17:00:00+00:00,139.12999999999928,139.21999999999926,139.04999999999927,139.12999999999928,167
2026-07-22T17:05:00+00:00,139.12999999999928,139.12999999999928,138.98999999999927,139.02999999999926,166
2026-07-22T17:10:00+00:00,139.02999999999926,139.06999999999928,138.89999999999927,138.89999999999927,165
2026-07-22T17:15:00+00:00,138.89999999999927,138.98999999999927,138.83999999999926,138.90999999999926,158
2026-07-22T17:20:00+00:00,138.90999999999926,138.92999999999927,138.78999999999928,138.81999999999928,117
2026-07-22T17:25:00+00:00,138.81999999999928,138.81999999999928,138.61999999999927,138.61999999999927,117
2026-07-22T17:30:00+00:00,138.61999999999927,138.80999999999926,138.61999999999927,138.78999999999928,128
2026-07-22T17:35:00+00:00,138.78999999999928,138.82999999999927,138.71999999999926,138.76999999999927,143
2026-07-22T17:40:00+00:00,138.76999999999927,138.80999999999926,138.66999999999928,138.79999999999927,104
2026-07-22T17:45:00+00:00,138.79999999999927,138.82999999999927,138.74999999999926,138.77999999999926,88
2026-07-22T17:50:00+00:00,138.77999999999926,138.94999999999928,138.75999999999928,138.80999999999926,122
2026-07-22T17:55:00+00:00,138.80999999999926,138.88999999999928,138.70999999999927,138.79999999999927,154
2026-07-22T18:00:00+00:00,138.79999999999927,138.83999999999926,138.69999999999928,138.73999999999927,179
2026-07-22T18:05:00+00:00,138.73999999999927,138.84999999999928,138.68999999999926,138.70999999999927,167
2026-07-22T18:10:00+00:00,138.70999999999927,138.73999999999927,138.61999999999927,138.65999999999926,111
2026-07-22T18:15:00+00:00,138.65999999999926,138.81999999999928,138.62999999999928,138.73999999999927,148
2026-07-22T18:20:00+00:00,138.73999999999927,138.75999999999928,138.61999999999927,138.62999999999928,129
2026-07-22T18:25:00+00:00,138.62999999999928,138.67999999999927,138.58999999999926,138.63999999999928,115
2026-07-22T18:30:00+00:00,138.63999999999928,138.66999999999928,138.58999999999926,138.63999999999928,114
2026-07-22T18:35:00+00:00,138.63999999999928,138.70999999999927,138.63999999999928,138.65999999999926,98
2026-07-22T18:40:00+00:00,138.65999999999926,138.69999999999928,138.55999999999926,138.56999999999928,89
2026-07-22T18:45:00+00:00,138.56999999999928,138.61999999999927,138.49999999999926,138.55999999999926,112
2026-07-22T18:50:00+00:00,138.55999999999926,138.71999999999926,138.50999999999928,138.70999999999927,113
2026-07-22T18:55:00+00:00,138.70999999999927,138.75999999999928,138.63999999999928,138.68999999999926,99
2026-07-22T19:00:00+00:00,138.68999999999926,138.69999999999928,138.53999999999928,138.62999999999928,114
2026-07-22T19:05:00+00:00,138.62999999999928,138.66999999999928,138.34999999999928,138.36999999999927,144
2026-07-22T19:10:00+00:00,138.36999999999927,138.40999999999926,138.27999999999926,138.38999999999928,152
2026-07-22T19:15:00+00:00,138.38999999999928,138.53999999999928,138.34999999999928,138.51999999999927,197
2026-07-22T19:20:00+00:00,138.51999999999927,138.51999999999927,138.27999999999926,138.27999999999926,196
2026-07-22T19:25:00+00:00,138.27999999999926,138.32999999999927,138.17999999999927,138.23999999999927,175
2026-07-22T19:30:00+00:00,138.23999999999927,138.38999999999928,138.20999999999927,138.35999999999927,204
2026-07-22T19:35:00+00:00,138.35999999999927,138.51999999999927,138.34999999999928,138.44999999999928,226
2026-07-22T19:40:00+00:00,138.44999999999928,138.75999999999928,138.44999999999928,138.63999999999928,248
2026-07-22T19:45:00+00:00,138.63999999999928,138.73999999999927,138.56999999999928,138.58999999999926,261
2026-07-22T19:50:00+00:00,138.58999999999926,138.63999999999928,138.30999999999926,138.44999999999928,301
2026-07-22T19:55:00+00:00,138.44999999999928,138.44999999999928,138.14999999999927,138.24999999999926,467
2026-07-23T13:30:00+00:00,138.24999999999926,138.24999999999926,135.89999999999927,137.63999999999928,210
2026-07-23T13:35:00+00:00,137.63999999999928,137.84999999999928,136.66999999999928,137.18999999999926,225
2026-07-23T13:40:00+00:00,137.18999999999926,137.57999999999927,137.17999999999927,137.40999999999926,186
2026-07-23T13:45:00+00:00,137.40999999999926,137.71999999999926,137.05999999999926,137.19999999999928,306
2026-07-23T13:50:00+00:00,137.19999999999928,137.26999999999927,136.39999999999927,136.78999999999928,284
2026-07-23T13:55:00+00:00,136.78999999999928,136.98999999999927,136.50999999999928,136.66999999999928,466
2026-07-23T14:00:00+00:00,136.66999999999928,137.50999999999928,136.66999999999928,137.40999999999926,458
2026-07-23T14:05:00+00:00,137.40999999999926,137.59999999999928,137.08999999999926,137.19999999999928,370
2026-07-23T14:10:00+00:00,137.19999999999928,137.53999999999928,136.96999999999926,137.39999999999927,289
2026-07-23T14:15:00+00:00,137.39999999999927,137.78999999999928,137.35999999999927,137.50999999999928,310
2026-07-23T14:20:00+00:00,137.50999999999928,137.60999999999927,137.27999999999926,137.60999999999927,311
2026-07-23T14:25:00+00:00,137.60999999999927,137.83999999999926,137.51999999999927,137.74999999999926,314
2026-07-23T14:30:00+00:00,137.74999999999926,138.01999999999927,137.51999999999927,137.98999999999927,336
2026-07-23T14:35:00+00:00,137.98999999999927,138.17999999999927,137.92999999999927,138.12999999999928,334
2026-07-23T14:40:00+00:00,138.12999999999928,138.18999999999926,137.74999999999926,137.74999999999926,347
2026-07-23T14:45:00+00:00,137.74999999999926,138.07999999999927,137.68999999999926,138.00999999999928,437
2026-07-23T14:50:00+00:00,138.00999999999928,138.09999999999928,137.48999999999927,137.66999999999928,358
2026-07-23T14:55:00+00:00,137.66999999999928,137.91999999999928,137.63999999999928,137.86999999999927,350
2026-07-23T15:00:00+00:00,137.86999999999927,137.86999999999927,137.69999999999928,137.79999999999927,393
2026-07-23T15:05:00+00:00,137.79999999999927,137.79999999999927,137.30999999999926,137.55999999999926,473
2026-07-23T15:10:00+00:00,137.55999999999926,137.63999999999928,137.30999999999926,137.38999999999928,387
2026-07-23T15:15:00+00:00,137.38999999999928,137.45999999999927,137.23999999999927,137.24999999999926,435
2026-07-23T15:20:00+00:00,137.24999999999926,137.33999999999926,137.04999999999927,137.27999999999926,387
2026-07-23T15:25:00+00:00,137.27999999999926,137.29999999999927,136.93999999999926,137.24999999999926,316
2026-07-23T15:30:00+00:00,137.24999999999926,137.28999999999928,136.99999999999926,137.17999999999927,422
2026-07-23T15:35:00+00:00,137.17999999999927,137.49999999999926,137.11999999999927,137.44999999999928,351
2026-07-23T15:40:00+00:00,137.44999999999928,137.71999999999926,137.33999999999926,137.53999999999928,416
2026-07-23T15:45:00+00:00,137.53999999999928,137.55999999999926,137.31999999999928,137.45999999999927,306
2026-07-23T15:50:00+00:00,137.45999999999927,137.46999999999926,137.22999999999928,137.30999999999926,274
2026-07-23T15:55:00+00:00,137.30999999999926,137.49999999999926,137.28999999999928,137.46999999999926,222
2026-07-23T16:00:00+00:00,137.46999999999926,137.59999999999928,137.32999999999927,137.45999999999927,273
2026-07-23T16:05:00+00:00,137.45999999999927,137.74999999999926,137.42999999999927,137.62999999999928,253
2026-07-23T16:10:00+00:00,137.62999999999928,137.71999999999926,137.60999999999927,137.63999999999928,198
2026-07-23T16:15:00+00:00,137.63999999999928,137.81999999999928,137.61999999999927,137.74999999999926,234
2026-07-23T16:20:00+00:00,137.74999999999926,138.01999999999927,137.69999999999928,137.96999999999926,313
2026-07-23T16:25:00+00:00,137.96999999999926,138.21999999999926,137.93999999999926,138.13999999999928,222
2026-07-23T16:30:00+00:00,138.13999999999928,138.18999999999926,138.03999999999928,138.11999999999927,247
2026-07-23T16:35:00+00:00,138.11999999999927,138.20999999999927,137.99999999999926,138.18999999999926,244
2026-07-23T16:40:00+00:00,138.18999999999926,138.20999999999927,137.77999999999926,137.85999999999927,282
2026-07-23T16:45:00+00:00,137.85999999999927,137.85999999999927,137.69999999999928,137.69999999999928,203
2026-07-23T16:50:00+00:00,137.69999999999928,137.75999999999928,137.46999999999926,137.57999999999927,264
2026-07-23T16:55:00+00:00,137.57999999999927,137.65999999999926,137.45999999999927,137.60999999999927,222
2026-07-23T17:00:00+00:00,137.60999999999927,137.78999999999928,137.58999999999926,137.66999999999928,248
2026-07-23T17:05:00+00:00,137.66999999999928,137.74999999999926,137.58999999999926,137.74999999999926,243
2026-07-23T17:10:00+00:00,137.74999999999926,137.74999999999926,137.51999999999927,137.54999999999927,230
2026-07-23T17:15:00+00:00,137.54999999999927,137.65999999999926,137.50999999999928,137.50999999999928,207
2026-07-23T17:20:00+00:00,137.50999999999928,137.72999999999928,137.50999999999928,137.69999999999928,170
2026-07-23T17:25:00+00:00,137.69999999999928,137.76999999999927,137.53999999999928,137.54999999999927,178
2026-07-23T17:30:00+00:00,137.54999999999927,137.55999999999926,137.32999999999927,137.34999999999928,182
2026-07-23T17:35:00+00:00,137.34999999999928,137.39999999999927,137.16999999999928,137.17999999999927,203
2026-07-23T17:40:00+00:00,137.17999999999927,137.26999999999927,137.07999999999927,137.25999999999928,170
2026-07-23T17:45:00+00:00,137.25999999999928,137.39999999999927,137.24999999999926,137.34999999999928,139
2026-07-23T17:50:00+00:00,137.34999999999928,137.42999999999927,137.27999999999926,137.37999999999928,150
2026-07-23T17:55:00+00:00,137.37999999999928,137.37999999999928,137.21999999999926,137.21999999999926,137
2026-07-23T18:00:00+00:00,137.21999999999926,137.22999999999928,137.02999999999926,137.09999999999928,190
2026-07-23T18:05:00+00:00,137.09999999999928,137.24999999999926,137.02999999999926,137.19999999999928,142
2026-07-23T18:10:00+00:00,137.19999999999928,137.46999999999926,137.19999999999928,137.32999999999927,214
2026-07-23T18:15:00+00:00,137.32999999999927,137.60999999999927,137.32999999999927,137.37999999999928,181
2026-07-23T18:20:00+00:00,137.37999999999928,137.48999999999927,137.36999999999927,137.44999999999928,204
2026-07-23T18:25:00+00:00,137.44999999999928,137.49999999999926,137.40999999999926,137.48999999999927,120
2026-07-23T18:30:00+00:00,137.48999999999927,137.58999999999926,137.42999999999927,137.54999999999927,182
2026-07-23T18:35:00+00:00,137.54999999999927,137.57999999999927,137.45999999999927,137.54999999999927,113
2026-07-23T18:40:00+00:00,137.54999999999927,137.66999999999928,137.52999999999926,137.66999999999928,114
2026-07-23T18:45:00+00:00,137.66999999999928,137.76999999999927,137.60999999999927,137.75999999999928,134
2026-07-23T18:50:00+00:00,137.75999999999928,137.77999999999926,137.62999999999928,137.62999999999928,195
2026-07-23T18:55:00+00:00,137.62999999999928,137.67999999999927,137.57999999999927,137.63999999999928,217
2026-07-23T19:00:00+00:00,137.63999999999928,137.80999999999926,137.63999999999928,137.69999999999928,207
2026-07-23T19:05:00+00:00,137.69999999999928,137.92999999999927,137.68999999999926,137.70999999999927,147
2026-07-23T19:10:00+00:00,137.70999999999927,137.82999999999927,137.67999999999927,137.82999999999927,125
2026-07-23T19:15:00+00:00,137.82999999999927,138.01999999999927,137.80999999999926,137.91999999999928,184
2026-07-23T19:20:00+00:00,137.91999999999928,138.12999999999928,137.91999999999928,138.06999999999928,210
2026-07-23T19:25:00+00:00,138.06999999999928,138.28999999999928,138.05999999999926,138.14999999999927,267
2026-07-23T19:30:00+00:00,138.14999999999927,138.37999999999928,138.08999999999926,138.22999999999928,307
2026-07-23T19:35:00+00:00,138.22999999999928,138.31999999999928,138.15999999999926,138.29999999999927,220
2026-07-23T19:40:00+00:00,138.29999999999927,138.29999999999927,138.11999999999927,138.17999999999927,242
2026-07-23T19:45:00+00:00,138.17999999999927,138.25999999999928,137.84999999999928,137.87999999999928,408
2026-07-23T19:50:00+00:00,137.87999999999928,138.24999999999926,137.87999999999928,138.01999999999927,517
2026-07-23T19:55:00+00:00,138.01999999999927,138.24999999999926,137.45999999999927,137.74999999999926,800
2026-07-24T13:30:00+00:00,137.74999999999926,137.99999999999926,137.14999999999927,137.70999999999927,102
2026-07-24T13:35:00+00:00,137.70999999999927,138.60999999999927,137.53999999999928,138.40999999999926,252
2026-07-24T13:40:00+00:00,138.40999999999926,138.87999999999928,138.17999999999927,138.72999999999928,233
2026-07-24T13:45:00+00:00,138.72999999999928,139.06999999999928,138.36999999999927,138.60999999999927,232
2026-07-24T13:50:00+00:00,138.60999999999927,138.64999999999927,137.90999999999926,138.14999999999927,275
2026-07-24T13:55:00+00:00,138.14999999999927,138.50999999999928,137.89999999999927,138.42999999999927,349
2026-07-24T14:00:00+00:00,138.42999999999927,138.70999999999927,138.18999999999926,138.21999999999926,313
2026-07-24T14:05:00+00:00,138.21999999999926,138.41999999999928,138.03999999999928,138.33999999999926,290
2026-07-24T14:10:00+00:00,138.33999999999926,138.44999999999928,138.17999999999927,138.23999999999927,292
2026-07-24T14:15:00+00:00,138.23999999999927,138.29999999999927,137.86999999999927,138.13999999999928,298
2026-07-24T14:20:00+00:00,138.13999999999928,138.33999999999926,137.75999999999928,137.76999999999927,272
2026-07-24T14:25:00+00:00,137.76999999999927,137.88999999999928,137.64999999999927,137.78999999999928,306
2026-07-24T14:30:00+00:00,137.78999999999928,137.97999999999928,137.64999999999927,137.85999999999927,263
2026-07-24T14:35:00+00:00,137.85999999999927,137.89999999999927,137.71999999999926,137.72999999999928,227
2026-07-24T14:40:00+00:00,137.72999999999928,137.75999999999928,137.26999999999927,137.26999999999927,270
2026-07-24T14:45:00+00:00,137.26999999999927,137.82999999999927,137.26999999999927,137.78999999999928,309
2026-07-24T14:50:00+00:00,137.78999999999928,137.98999999999927,137.74999999999926,137.90999999999926,281
2026-07-24T14:55:00+00:00,137.90999999999926,138.32999999999927,137.89999999999927,138.25999999999928,233
2026-07-24T15:00:00+00:00,138.25999999999928,138.33999999999926,138.17999999999927,138.25999999999928,292
2026-07-24T15:05:00+00:00,138.25999999999928,138.43999999999926,138.10999999999927,138.24999999999926,353
2026-07-24T15:10:00+00:00,138.24999999999926,138.53999999999928,138.15999999999926,138.46999999999926,470
2026-07-24T15:15:00+00:00,138.46999999999926,138.77999999999926,138.35999999999927,138.37999999999928,386
2026-07-24T15:20:00+00:00,138.37999999999928,138.74999999999926,138.30999999999926,138.64999999999927,351
2026-07-24T15:25:00+00:00,138.64999999999927,138.82999999999927,138.64999999999927,138.72999999999928,248
2026-07-24T15:30:00+00:00,138.72999999999928,139.02999999999926,138.62999999999928,139.00999999999928,286
2026-07-24T15:35:00+00:00,139.00999999999928,139.16999999999928,138.88999999999928,139.12999999999928,282
2026-07-24T15:40:00+00:00,139.12999999999928,139.15999999999926,138.68999999999926,138.69999999999928,282
2026-07-24T15:45:00+00:00,138.69999999999928,138.81999999999928,138.63999999999928,138.73999999999927,239
2026-07-24T15:50:00+00:00,138.73999999999927,138.79999999999927,138.64999999999927,138.65999999999926,190
2026-07-24T15:55:00+00:00,138.65999999999926,138.75999999999928,138.64999999999927,138.75999999999928,226
2026-07-24T16:00:00+00:00,138.75999999999928,138.76999999999927,138.46999999999926,138.47999999999928,290
2026-07-24T16:05:00+00:00,138.47999999999928,138.56999999999928,138.33999999999926,138.43999999999926,253
2026-07-24T16:10:00+00:00,138.43999999999926,138.52999999999926,138.26999999999927,138.29999999999927,195
2026-07-24T16:15:00+00:00,138.29999999999927,138.43999999999926,138.25999999999928,138.42999999999927,148
2026-07-24T16:20:00+00:00,138.42999999999927,138.56999999999928,138.41999999999928,138.41999999999928,155
2026-07-24T16:25:00+00:00,138.41999999999928,138.57999999999927,138.34999999999928,138.46999999999926,160
2026-07-24T16:30:00+00:00,138.46999999999926,138.46999999999926,138.26999999999927,138.32999999999927,219
2026-07-24T16:35:00+00:00,138.32999999999927,138.40999999999926,138.23999999999927,138.33999999999926,168
2026-07-24T16:40:00+00:00,138.33999999999926,138.37999999999928,138.18999999999926,138.20999999999927,181
2026-07-24T16:45:00+00:00,138.20999999999927,138.30999999999926,138.02999999999926,138.14999999999927,194
2026-07-24T16:50:00+00:00,138.14999999999927,138.14999999999927,137.84999999999928,137.85999999999927,236
2026-07-24T16:55:00+00:00,137.85999999999927,138.13999999999928,137.81999999999928,138.05999999999926,226
2026-07-24T17:00:00+00:00,138.05999999999926,138.06999999999928,137.76999999999927,137.78999999999928,206
2026-07-24T17:05:00+00:00,137.78999999999928,137.92999999999927,137.70999999999927,137.78999999999928,327
2026-07-24T17:10:00+00:00,137.78999999999928,137.87999999999928,137.65999999999926,137.81999999999928,215
2026-07-24T17:15:00+00:00,137.81999999999928,137.86999999999927,137.70999999999927,137.81999999999928,189
2026-07-24T17:20:00+00:00,137.81999999999928,137.86999999999927,137.70999999999927,137.77999999999926,237
2026-07-24T17:25:00+00:00,137.77999999999926,137.93999999999926,137.75999999999928,137.86999999999927,154
2026-07-24T17:30:00+00:00,137.86999999999927,137.87999999999928,137.67999999999927,137.79999999999927,162
2026-07-24T17:35:00+00:00,137.79999999999927,137.97999999999928,137.79999999999927,137.95999999999927,183
2026-07-24T17:40:00+00:00,137.95999999999927,138.03999999999928,137.85999999999927,137.95999999999927,145
2026-07-24T17:45:00+00:00,137.95999999999927,138.02999999999926,137.90999999999926,137.95999999999927,140
2026-07-24T17:50:00+00:00,137.95999999999927,138.06999999999928,137.89999999999927,137.99999999999926,191
2026-07-24T17:55:00+00:00,137.99999999999926,138.08999999999926,137.96999999999926,137.98999999999927,214
2026-07-24T18:00:00+00:00,137.98999999999927,138.16999999999928,137.95999999999927,138.12999999999928,199
2026-07-24T18:05:00+00:00,138.12999999999928,138.23999999999927,138.07999999999927,138.16999999999928,192
2026-07-24T18:10:00+00:00,138.16999999999928,138.16999999999928,137.93999999999926,137.97999999999928,253
2026-07-24T18:15:00+00:00,137.97999999999928,137.99999999999926,137.85999999999927,137.88999999999928,253
2026-07-24T18:20:00+00:00,137.88999999999928,138.15999999999926,137.82999999999927,138.06999999999928,227
2026-07-24T18:25:00+00:00,138.06999999999928,138.07999999999927,137.93999999999926,137.97999999999928,207
2026-07-24T18:30:00+00:00,137.97999999999928,138.03999999999928,137.84999999999928,137.88999999999928,215
2026-07-24T18:35:00+00:00,137.88999999999928,137.97999999999928,137.80999999999926,137.92999999999927,242
2026-07-24T18:40:00+00:00,137.92999999999927,137.93999999999926,137.57999999999927,137.63999999999928,255
2026-07-24T18:45:00+00:00,137.63999999999928,137.78999999999928,137.62999999999928,137.66999999999928,168
2026-07-24T18:50:00+00:00,137.66999999999928,137.70999999999927,137.56999999999928,137.57999999999927,179
2026-07-24T18:55:00+00:00,137.57999999999927,137.68999999999926,137.52999999999926,137.62999999999928,208
2026-07-24T19:00:00+00:00,137.62999999999928,137.67999999999927,137.53999999999928,137.54999999999927,150
2026-07-24T19:05:00+00:00,137.54999999999927,137.63999999999928,137.44999999999928,137.53999999999928,193
2026-07-24T19:10:00+00:00,137.53999999999928,137.63999999999928,137.44999999999928,137.48999999999927,179
2026-07-24T19:15:00+00:00,137.48999999999927,137.58999999999926,137.39999999999927,137.58999999999926,174
2026-07-24T19:20:00+00:00,137.58999999999926,137.58999999999926,137.41999999999928,137.43999999999926,159
2026-07-24T19:25:00+00:00,137.43999999999926,137.50999999999928,137.34999999999928,137.45999999999927,181
2026-07-24T19:30:00+00:00,137.45999999999927,137.69999999999928,137.45999999999927,137.61999999999927,225
2026-07-24T19:35:00+00:00,137.61999999999927,137.81999999999928,137.61999999999927,137.76999999999927,240
2026-07-24T19:40:00+00:00,137.76999999999927,137.82999999999927,137.66999999999928,137.78999999999928,236
2026-07-24T19:45:00+00:00,137.78999999999928,137.89999999999927,137.61999999999927,137.77999999999926,250
2026-07-24T19:50:00+00:00,137.77999999999926,137.79999999999927,137.45999999999927,137.55999999999926,339
2026-07-24T19:55:00+00:00,137.55999999999926,138.20999999999927,137.22999999999928,138.06999999999928,482
2026-07-27T13:30:00+00:00,138.06999999999928,141.17999999999927,138.06999999999928,140.20999999999927,333
2026-07-27T13:35:00+00:00,140.20999999999927,140.75999999999928,140.12999999999928,140.29999999999927,282
2026-07-27T13:40:00+00:00,140.29999999999927,140.61999999999927,139.99999999999926,140.01999999999927,274
2026-07-27T13:45:00+00:00,140.01999999999927,140.34999999999928,139.80999999999926,140.15999999999926,375
2026-07-27T13:50:00+00:00,140.15999999999926,140.33999999999926,139.98999999999927,140.06999999999928,260
2026-07-27T13:55:00+00:00,140.06999999999928,140.37999999999928,140.00999999999928,140.26999999999927,347
2026-07-27T14:00:00+00:00,140.26999999999927,140.64999999999927,140.12999999999928,140.52999999999926,332
2026-07-27T14:05:00+00:00,140.52999999999926,140.59999999999928,139.67999999999927,139.70999999999927,312
2026-07-27T14:10:00+00:00,139.70999999999927,139.87999999999928,139.45999999999927,139.82999999999927,266
2026-07-27T14:15:00+00:00,139.82999999999927,139.91999999999928,139.51999999999927,139.70999999999927,245
2026-07-27T14:20:00+00:00,139.70999999999927,139.78999999999928,139.30999999999926,139.32999999999927,184
2026-07-27T14:25:00+00:00,139.32999999999927,139.43999999999926,138.69999999999928,138.76999999999927,343
2026-07-27T14:30:00+00:00,138.76999999999927,138.76999999999927,138.44999999999928,138.54999999999927,359
2026-07-27T14:35:00+00:00,138.54999999999927,138.56999999999928,138.04999999999927,138.35999999999927,357
2026-07-27T14:40:00+00:00,138.35999999999927,138.35999999999927,137.80999999999926,138.08999999999926,339
2026-07-27T14:45:00+00:00,138.08999999999926,138.68999999999926,138.06999999999928,138.55999999999926,240
2026-07-27T14:50:00+00:00,138.55999999999926,138.68999999999926,138.26999999999927,138.65999999999926,229
2026-07-27T14:55:00+00:00,138.65999999999926,138.85999999999927,138.56999999999928,138.77999999999926,227
2026-07-27T15:00:00+00:00,138.77999999999926,138.79999999999927,138.51999999999927,138.73999999999927,260
2026-07-27T15:05:00+00:00,138.73999999999927,139.08999999999926,138.64999999999927,138.87999999999928,240
2026-07-27T15:10:00+00:00,138.87999999999928,138.95999999999927,138.65999999999926,138.85999999999927,241
2026-07-27T15:15:00+00:00,138.85999999999927,138.85999999999927,138.63999999999928,138.63999999999928,266
2026-07-27T15:20:00+00:00,138.63999999999928,138.72999999999928,138.41999999999928,138.48999999999927,253
2026-07-27T15:25:00+00:00,138.48999999999927,138.95999999999927,138.40999999999926,138.93999999999926,301
2026-07-27T15:30:00+00:00,138.93999999999926,139.01999999999927,138.67999999999927,138.71999999999926,320
2026-07-27T15:35:00+00:00,138.71999999999926,138.76999999999927,138.45999999999927,138.62999999999928,337
2026-07-27T15:40:00+00:00,138.62999999999928,138.65999999999926,138.41999999999928,138.56999999999928,270
2026-07-27T15:45:00+00:00,138.56999999999928,138.56999999999928,138.14999999999927,138.37999999999928,284
2026-07-27T15:50:00+00:00,138.37999999999928,138.46999999999926,138.16999999999928,138.22999999999928,215
2026-07-27T15:55:00+00:00,138.22999999999928,138.25999999999928,137.99999999999926,138.04999999999927,232
2026-07-27T16:00:00+00:00,138.04999999999927,138.32999999999927,138.01999999999927,138.32999999999927,269
2026-07-27T16:05:00+00:00,138.32999999999927,138.41999999999928,138.27999999999926,138.35999999999927,302
2026-07-27T16:10:00+00:00,138.35999999999927,138.40999999999926,138.12999999999928,138.12999999999928,361
2026-07-27T16:15:00+00:00,138.12999999999928,138.12999999999928,137.84999999999928,137.91999999999928,263
2026-07-27T16:20:00+00:00,137.91999999999928,137.97999999999928,137.79999999999927,137.91999999999928,308
2026-07-27T16:25:00+00:00,137.91999999999928,138.34999999999928,137.90999999999926,138.17999999999927,503
2026-07-27T16:30:00+00:00,138.17999999999927,138.26999999999927,138.05999999999926,138.14999999999927,242
2026-07-27T16:35:00+00:00,138.14999999999927,138.32999999999927,138.10999999999927,138.17999999999927,231
2026-07-27T16:40:00+00:00,138.17999999999927,138.22999999999928,137.88999999999928,137.91999999999928,221
2026-07-27T16:45:00+00:00,137.91999999999928,138.13999999999928,137.89999999999927,137.92999999999927,316
2026-07-27T16:50:00+00:00,137.92999999999927,137.92999999999927,137.44999999999928,137.46999999999926,189
2026-07-27T16:55:00+00:00,137.46999999999926,137.57999999999927,137.39999999999927,137.56999999999928,204
2026-07-27T17:00:00+00:00,137.56999999999928,137.64999999999927,137.24999999999926,137.26999999999927,204
2026-07-27T17:05:00+00:00,137.26999999999927,137.40999999999926,137.24999999999926,137.26999999999927,236
2026-07-27T17:10:00+00:00,137.26999999999927,137.31999999999928,137.10999999999927,137.16999999999928,205
2026-07-27T17:15:00+00:00,137.16999999999928,137.20999999999927,136.89999999999927,137.00999999999928,201
2026-07-27T17:20:00+00:00,137.00999999999928,137.34999999999928,136.95999999999927,137.25999999999928,248
2026-07-27T17:25:00+00:00,137.25999999999928,137.36999999999927,137.16999999999928,137.17999999999927,222
2026-07-27T17:30:00+00:00,137.17999999999927,137.45999999999927,137.11999999999927,137.38999999999928,225
2026-07-27T17:35:00+00:00,137.38999999999928,137.56999999999928,137.35999999999927,137.48999999999927,184
2026-07-27T17:40:00+00:00,137.48999999999927,137.51999999999927,137.33999999999926,137.51999999999927,129
2026-07-27T17:45:00+00:00,137.51999999999927,137.58999999999926,137.42999999999927,137.52999999999926,165
2026-07-27T17:50:00+00:00,137.52999999999926,137.62999999999928,137.39999999999927,137.48999999999927,165
2026-07-27T17:55:00+00:00,137.48999999999927,137.57999999999927,137.42999999999927,137.4699999999993,110.76819923371647
2026-07-27T18:00:00+00:00,137.4699999999993,137.7199999999993,137.3299999999993,137.7199999999993,130.74779021942572
2026-07-27T18:05:00+00:00,137.7199999999993,137.7199999999993,137.41999999999928,137.46999999999926,101.15619800176123
2026-07-27T18:10:00+00:00,137.46999999999926,137.53999999999925,137.41999999999925,137.48999999999924,202.27406670125566
2026-07-27T18:15:00+00:00,137.48999999999924,137.48999999999924,137.23999999999924,137.34999999999926,164
2026-07-27T18:20:00+00:00,137.34999999999926,137.48999999999924,137.29999999999924,137.43999999999926,184
2026-07-27T18:25:00+00:00,137.43999999999926,137.64999999999924,137.43999999999926,137.64999999999924,191
2026-07-27T18:30:00+00:00,137.64999999999924,137.65999999999926,137.36999999999924,137.37999999999926,149
2026-07-27T18:35:00+00:00,137.37999999999926,137.45999999999924,137.31999999999925,137.43999999999926,165
2026-07-27T18:40:00+00:00,137.43999999999926,137.49999999999926,137.31999999999925,137.39999999999924,232
2026-07-27T18:45:00+00:00,137.39999999999924,137.42999999999924,137.28999999999925,137.30999999999926,151
2026-07-27T18:50:00+00:00,137.30999999999926,137.68999999999926,137.30999999999926,137.63999999999925,154
2026-07-27T18:55:00+00:00,137.63999999999925,137.81999999999925,137.61999999999924,137.78999999999925,192
2026-07-27T19:00:00+00:00,137.78999999999925,137.85999999999925,137.71999999999926,137.72999999999925,147
2026-07-27T19:05:00+00:00,137.72999999999925,138.05999999999926,137.66999999999925,138.03999999999925,148
2026-07-27T19:10:00+00:00,138.03999999999925,138.09999999999926,137.91999999999925,138.01999999999924,130
2026-07-27T19:15:00+00:00,138.01999999999924,138.26999999999924,137.99999999999926,138.11999999999924,179
2026-07-27T19:20:00+00:00,138.11999999999924,138.34999999999926,138.07999999999925,138.24999999999926,177
2026-07-27T19:25:00+00:00,138.24999999999926,138.37999999999926,138.05999999999926,138.34999999999926,191
2026-07-27T19:30:00+00:00,138.34999999999926,138.57999999999925,138.28999999999925,138.52999999999926,194
2026-07-27T19:35:00+00:00,138.52999999999926,138.74999999999926,138.51999999999924,138.72999999999925,214
2026-07-27T19:40:00+00:00,138.72999999999925,138.79999999999924,138.65999999999926,138.74999999999926,217
2026-07-27T19:45:00+00:00,138.74999999999926,138.95999999999924,138.71999999999926,138.77999999999926,308
2026-07-27T19:50:00+00:00,138.77999999999926,138.95999999999924,138.55999999999926,138.77999999999926,413
2026-07-27T19:55:00+00:00,138.77999999999926,139.11999999999924,138.61999999999924,139.06999999999925,632
2026-07-28T13:30:00+00:00,139.06999999999925,139.06999999999925,137.25999999999925,137.49999999999926,530
2026-07-28T13:35:00+00:00,137.49999999999926,137.72999999999925,136.48999999999924,137.28999999999925,500
2026-07-28T13:40:00+00:00,137.28999999999925,137.44999999999925,136.49999999999926,137.13999999999925,537
2026-07-28T13:45:00+00:00,137.13999999999925,138.31999999999925,136.99999999999926,137.81999999999925,577
2026-07-28T13:50:00+00:00,137.81999999999925,137.96999999999926,136.88999999999925,137.26999999999924,608
2026-07-28T13:55:00+00:00,137.26999999999924,137.77999999999926,137.07999999999925,137.74999999999926,422
2026-07-28T14:00:00+00:00,137.74999999999926,137.99999999999926,137.63999999999925,137.90999999999926,452
2026-07-28T14:05:00+00:00,137.90999999999926,138.01999999999924,137.61999999999924,137.78999999999925,407
2026-07-28T14:10:00+00:00,137.78999999999925,138.17999999999924,137.59999999999926,137.60999999999925,448
2026-07-28T14:15:00+00:00,137.60999999999925,137.90999999999926,137.52999999999926,137.56999999999925,437
2026-07-28T14:20:00+00:00,137.56999999999925,137.96999999999926,137.54999999999924,137.72999999999925,472
2026-07-28T14:25:00+00:00,137.72999999999925,137.90999999999926,137.63999999999925,137.85999999999925,442
2026-07-28T14:30:00+00:00,137.85999999999925,137.92999999999924,137.57999999999925,137.57999999999925,528
2026-07-28T14:35:00+00:00,137.57999999999925,137.89999999999924,137.35999999999925,137.35999999999925,451
2026-07-28T14:40:00+00:00,137.35999999999925,137.64999999999924,137.18999999999926,137.25999999999925,457
2026-07-28T14:45:00+00:00,137.25999999999925,137.42999999999924,137.06999999999925,137.34999999999926,419
2026-07-28T14:50:00+00:00,137.34999999999926,137.84999999999926,137.30999999999926,137.76999999999924,465
2026-07-28T14:55:00+00:00,137.76999999999924,137.98999999999924,137.68999999999926,137.73999999999924,385
2026-07-28T15:00:00+00:00,137.73999999999924,137.98999999999924,137.46999999999926,137.53999999999925,375
2026-07-28T15:05:00+00:00,137.53999999999925,137.66999999999925,137.38999999999925,137.51999999999924,377
2026-07-28T15:10:00+00:00,137.51999999999924,137.68999999999926,137.35999999999925,137.51999999999924,574
2026-07-28T15:15:00+00:00,137.51999999999924,137.63999999999925,137.31999999999925,137.57999999999925,389
2026-07-28T15:20:00+00:00,137.57999999999925,137.82999999999925,137.54999999999924,137.74999999999926,224
2026-07-28T15:25:00+00:00,137.74999999999926,137.88999999999925,137.67999999999924,137.69999999999925,203
2026-07-28T15:30:00+00:00,137.69999999999925,137.96999999999926,137.69999999999925,137.76999999999924,151
2026-07-28T15:35:00+00:00,137.76999999999924,138.26999999999924,137.76999999999924,138.13999999999925,180
2026-07-28T15:40:00+00:00,138.13999999999925,138.14999999999924,137.92999999999924,138.09999999999926,179
2026-07-28T15:45:00+00:00,138.09999999999926,138.21999999999926,138.05999999999926,138.21999999999926,191
2026-07-28T15:50:00+00:00,138.21999999999926,138.21999999999926,137.88999999999925,138.10999999999925,193
2026-07-28T15:55:00+00:00,138.10999999999925,138.20999999999924,138.06999999999925,138.16999999999925,148
2026-07-28T16:00:00+00:00,138.16999999999925,138.21999999999926,138.04999999999924,138.07999999999925,148
2026-07-28T16:05:00+00:00,138.07999999999925,138.13999999999925,138.04999999999924,138.07999999999925,106
2026-07-28T16:10:00+00:00,138.07999999999925,138.09999999999926,137.92999999999924,137.97999999999925,153
2026-07-28T16:15:00+00:00,137.97999999999925,138.00999999999925,137.80999999999926,137.98999999999924,117
2026-07-28T16:20:00+00:00,137.98999999999924,138.03999999999925,137.78999999999925,137.83999999999926,104
2026-07-28T16:25:00+00:00,137.83999999999926,138.06999999999925,137.82999999999925,138.02999999999926,92
2026-07-28T16:30:00+00:00,138.02999999999926,138.07999999999925,137.91999999999925,138.00999999999925,130
2026-07-28T16:35:00+00:00,138.00999999999925,138.09999999999926,137.99999999999926,138.01999999999924,140
2026-07-28T16:40:00+00:00,138.01999999999924,138.16999999999925,137.99999999999926,138.08999999999926,113
2026-07-28T16:45:00+00:00,138.08999999999926,138.11999999999924,137.95999999999924,138.02999999999926,122
2026-07-28T16:50:00+00:00,138.02999999999926,138.22999999999925,138.00999999999925,138.17999999999924,80
2026-07-28T16:55:00+00:00,138.17999999999924,138.41999999999925,138.17999999999924,138.31999999999925,101
2026-07-28T17:00:00+00:00,138.31999999999925,138.45999999999924,138.23999999999924,138.34999999999926,123
2026-07-28T17:05:00+00:00,138.34999999999926,138.42999999999924,138.25999999999925,138.25999999999925,118
2026-07-28T17:10:00+00:00,138.25999999999925,138.28999999999925,138.10999999999925,138.16999999999925,146
2026-07-28T17:15:00+00:00,138.16999999999925,138.29999999999924,138.14999999999924,138.18999999999926,165
2026-07-28T17:20:00+00:00,138.18999999999926,138.37999999999926,138.10999999999925,138.17999999999924,184
2026-07-28T17:25:00+00:00,138.17999999999924,138.25999999999925,138.10999999999925,138.11999999999924,145
2026-07-28T17:30:00+00:00,138.11999999999924,138.16999999999925,138.05999999999926,138.11999999999924,92
2026-07-28T17:35:00+00:00,138.11999999999924,138.13999999999925,137.95999999999924,137.96999999999926,89
2026-07-28T17:40:00+00:00,137.96999999999926,138.06999999999925,137.79999999999924,137.82999999999925,172
2026-07-28T17:45:00+00:00,137.82999999999925,137.90999999999926,137.78999999999925,137.85999999999925,156
2026-07-28T17:50:00+00:00,137.85999999999925,137.85999999999925,137.73999999999924,137.75999999999925,111
2026-07-28T17:55:00+00:00,137.75999999999925,137.80999999999926,137.70999999999924,137.75999999999925,115
2026-07-28T18:00:00+00:00,137.75999999999925,138.04999999999924,137.74999999999926,138.00999999999925,124
2026-07-28T18:05:00+00:00,138.00999999999925,138.06999999999925,137.86999999999924,137.88999999999925,101
2026-07-28T18:10:00+00:00,137.88999999999925,137.90999999999926,137.65999999999926,137.66999999999925,147
2026-07-28T18:15:00+00:00,137.66999999999925,137.87999999999926,137.63999999999925,137.81999999999925,179
2026-07-28T18:20:00+00:00,137.81999999999925,137.87999999999926,137.67999999999924,137.67999999999924,164
2026-07-28T18:25:00+00:00,137.67999999999924,137.73999999999924,137.49999999999926,137.52999999999926,208
2026-07-28T18:30:00+00:00,137.52999999999926,137.56999999999925,137.31999999999925,137.48999999999924,298
2026-07-28T18:35:00+00:00,137.48999999999924,137.68999999999926,137.42999999999924,137.64999999999924,134
2026-07-28T18:40:00+00:00,137.64999999999924,137.69999999999925,137.54999999999924,137.60999999999925,207
2026-07-28T18:45:00+00:00,137.60999999999925,137.64999999999924,137.47999999999925,137.52999999999926,211
2026-07-28T18:50:00+00:00,137.52999999999926,137.54999999999924,137.44999999999925,137.44999999999925,120
2026-07-28T18:55:00+00:00,137.44999999999925,137.54999999999924,137.41999999999925,137.44999999999925,178
2026-07-28T19:00:00+00:00,137.44999999999925,137.58999999999926,137.34999999999926,137.45999999999924,255
2026-07-28T19:05:00+00:00,137.45999999999924,137.69999999999925,137.40999999999926,137.69999999999925,220
2026-07-28T19:10:00+00:00,137.69999999999925,137.71999999999926,137.56999999999925,137.61999999999924,275
2026-07-28T19:15:00+00:00,137.61999999999924,137.81999999999925,137.55999999999926,137.81999999999925,199
2026-07-28T19:20:00+00:00,137.81999999999925,137.99999999999926,137.79999999999924,137.99999999999926,116
2026-07-28T19:25:00+00:00,137.99999999999926,138.00999999999925,137.81999999999925,137.92999999999924,104
2026-07-28T19:30:00+00:00,137.92999999999924,138.16999999999925,137.88999999999925,138.06999999999925,139
2026-07-28T19:35:00+00:00,138.06999999999925,138.11999999999924,137.96999999999926,138.00999999999925,133
2026-07-28T19:40:00+00:00,138.00999999999925,138.08999999999926,137.94999999999925,138.05999999999926,119
2026-07-28T19:45:00+00:00,138.05999999999926,138.10999999999925,137.74999999999926,137.75999999999925,147
2026-07-28T19:50:00+00:00,137.75999999999925,138.15999999999926,137.75999999999925,138.10999999999925,219
2026-07-28T19:55:00+00:00,138.10999999999925,138.57999999999925,138.07999999999925,138.28999999999925,521
2026-07-29T13:30:00+00:00,138.28999999999925,138.28999999999925,136.85999999999925,137.89999999999924,232
2026-07-29T13:35:00+00:00,137.89999999999924,138.26999999999924,137.49999999999926,137.64999999999924,268
2026-07-29T13:40:00+00:00,137.64999999999924,137.65999999999926,136.67999999999924,136.68999999999926,334
2026-07-29T13:45:00+00:00,136.68999999999926,136.82999999999925,136.11999999999924,136.11999999999924,363
2026-07-29T13:50:00+00:00,136.11999999999924,136.17999999999924,134.73999999999924,135.11999999999924,466
2026-07-29T13:55:00+00:00,135.11999999999924,135.11999999999924,134.22999999999925,134.37999999999926,361
2026-07-29T14:00:00+00:00,134.37999999999926,134.69999999999925,134.12999999999926,134.38999999999925,588
2026-07-29T14:05:00+00:00,134.38999999999925,134.87999999999926,134.29999999999924,134.63999999999925,455
2026-07-29T14:10:00+00:00,134.63999999999925,135.10999999999925,134.45999999999924,134.65999999999926,414
2026-07-29T14:15:00+00:00,134.65999999999926,135.02999999999926,134.64999999999924,134.84999999999926,382
2026-07-29T14:20:00+00:00,134.84999999999926,135.03999999999925,134.46999999999926,134.53999999999925,355
2026-07-29T14:25:00+00:00,134.53999999999925,134.77999999999926,134.33999999999926,134.73999999999924,500
2026-07-29T14:30:00+00:00,134.73999999999924,134.85999999999925,134.50999999999925,134.56999999999925,420
2026-07-29T14:35:00+00:00,134.56999999999925,134.72999999999925,134.49999999999926,134.52999999999926,342
2026-07-29T14:40:00+00:00,134.52999999999926,134.61999999999924,134.26999999999924,134.36999999999924,449
2026-07-29T14:45:00+00:00,134.36999999999924,134.90999999999926,134.31999999999925,134.71999999999926,480
2026-07-29T14:50:00+00:00,134.71999999999926,134.99999999999926,134.63999999999925,134.99999999999926,538
2026-07-29T14:55:00+00:00,134.99999999999926,134.99999999999926,134.74999999999926,134.82999999999927,386.5073293632616
2026-07-29T15:00:00+00:00,134.82999999999927,135.09999999999928,134.62999999999928,134.95999999999927,433
2026-07-29T15:05:00+00:00,134.95999999999927,135.09999999999928,134.9099999999993,134.97999999999928,255
2026-07-29T15:10:00+00:00,134.97999999999928,135.04999999999927,134.7199999999993,134.85999999999927,318
2026-07-29T15:15:00+00:00,134.85999999999927,135.07999999999927,134.76999999999927,134.78999999999928,326
2026-07-29T15:20:00+00:00,134.78999999999928,134.84999999999928,134.6899999999993,134.83999999999926,244
2026-07-29T15:25:00+00:00,134.83999999999926,134.91999999999928,134.6599999999993,134.81999999999928,290
2026-07-29T15:30:00+00:00,134.81999999999928,135.00999999999928,134.81999999999928,134.85999999999927,312
2026-07-29T15:35:00+00:00,134.85999999999927,134.94999999999928,134.4399999999993,134.44999999999928,334
2026-07-29T15:40:00+00:00,134.44999999999928,134.4699999999993,134.0599999999993,134.17999999999927,330
2026-07-29T15:45:00+00:00,134.17999999999927,134.35999999999927,134.06999999999928,134.2799999999993,353
2026-07-29T15:50:00+00:00,134.2799999999993,134.33999999999926,133.92999999999927,133.92999999999927,393
2026-07-29T15:55:00+00:00,133.92999999999927,134.11999999999924,133.83999999999926,134.03999999999925,430
2026-07-29T16:00:00+00:00,134.03999999999925,134.16999999999925,133.95999999999924,133.95999999999924,340
2026-07-29T16:05:00+00:00,133.95999999999924,134.09999999999926,133.80999999999926,133.93999999999926,272
2026-07-29T16:10:00+00:00,133.93999999999926,133.98999999999927,133.70999999999924,133.72999999999925,334
2026-07-29T16:15:00+00:00,133.72999999999925,133.99999999999926,133.67999999999927,133.95999999999924,374
2026-07-29T16:20:00+00:00,133.95999999999924,134.07999999999925,133.84999999999926,133.96999999999926,338
2026-07-29T16:25:00+00:00,133.96999999999926,134.14999999999924,133.89999999999924,134.01999999999924,336
2026-07-29T16:30:00+00:00,134.01999999999924,134.13999999999925,133.96999999999926,133.99999999999926,345
2026-07-29T16:35:00+00:00,133.99999999999926,134.08999999999924,133.82999999999925,134.04999999999924,265
2026-07-29T16:40:00+00:00,134.04999999999924,134.12999999999926,133.86999999999927,133.92999999999927,294
2026-07-29T16:45:00+00:00,133.92999999999927,134.07999999999925,133.82999999999925,133.99999999999926,363
2026-07-29T16:50:00+00:00,133.99999999999926,134.16999999999925,133.91999999999925,134.16999999999925,301
2026-07-29T16:55:00+00:00,134.16999999999925,134.26999999999924,134.07999999999925,134.16999999999925,278
2026-07-29T17:00:00+00:00,134.16999999999925,134.51999999999924,134.07999999999925,134.46999999999926,252
2026-07-29T17:05:00+00:00,134.46999999999926,134.52999999999926,134.34999999999926,134.36999999999924,261
2026-07-29T17:10:00+00:00,134.36999999999924,134.67999999999924,134.32999999999925,134.48999999999924,300
2026-07-29T17:15:00+00:00,134.48999999999924,134.67999999999924,134.43999999999926,134.63999999999925,288
2026-07-29T17:20:00+00:00,134.63999999999925,134.73999999999924,134.44999999999925,134.45999999999924,325
2026-07-29T17:25:00+00:00,134.45999999999924,134.56999999999925,134.36999999999924,134.39999999999924,285
2026-07-29T17:30:00+00:00,134.39999999999924,134.59999999999926,134.21999999999926,134.41999999999925,470
2026-07-29T17:35:00+00:00,134.41999999999925,134.44999999999925,134.31999999999925,134.33999999999924,283
2026-07-29T17:40:00+00:00,134.33999999999924,134.38999999999925,134.18999999999926,134.22999999999925,255
2026-07-29T17:45:00+00:00,134.22999999999925,134.25999999999925,134.12999999999926,134.14999999999924,267
2026-07-29T17:50:00+00:00,134.14999999999924,134.14999999999924,133.95999999999924,134.03999999999925,229
2026-07-29T17:55:00+00:00,134.03999999999925,134.08999999999924,133.83999999999924,133.84999999999926,280
2026-07-29T18:00:00+00:00,133.84999999999926,134.65999999999926,133.82999999999925,134.23999999999924,624
2026-07-29T18:05:00+00:00,134.23999999999924,134.41999999999925,133.86999999999927,133.87999999999926,478
2026-07-29T18:10:00+00:00,133.87999999999926,134.30999999999926,133.84999999999926,133.96999999999926,441
2026-07-29T18:15:00+00:00,133.96999999999926,134.15999999999926,133.41999999999925,133.42999999999927,433
2026-07-29T18:20:00+00:00,133.42999999999927,133.46999999999926,133.32999999999925,133.3399999999993,320
2026-07-29T18:25:00+00:00,133.3399999999993,133.5099999999993,133.29999999999927,133.4599999999993,289
2026-07-29T18:30:00+00:00,133.4599999999993,133.6599999999993,133.24999999999932,133.4499999999993,685
2026-07-29T18:35:00+00:00,133.4499999999993,133.9899999999993,133.2799999999993,133.8799999999993,526
2026-07-29T18:40:00+00:00,133.8799999999993,134.3699999999993,133.8799999999993,134.3599999999993,604
2026-07-29T18:45:00+00:00,134.3599999999993,134.8199999999993,134.27999999999932,134.8199999999993,467
2026-07-29T18:50:00+00:00,134.8199999999993,135.05999999999932,134.7099999999993,135.0399999999993,522
2026-07-29T18:55:00+00:00,135.0399999999993,135.2299999999993,134.8699999999993,135.2099999999993,394
2026-07-29T19:00:00+00:00,135.2099999999993,135.24999999999932,134.74999999999932,134.7599999999993,483
2026-07-29T19:05:00+00:00,134.7599999999993,134.77999999999932,134.21999999999932,134.21999999999932,343
2026-07-29T19:10:00+00:00,134.21999999999932,134.4599999999993,134.1299999999993,134.24999999999932,405
2026-07-29T19:15:00+00:00,134.24999999999932,134.5199999999993,133.8299999999993,133.9099999999993,498
2026-07-29T19:20:00+00:00,133.9099999999993,133.9399999999993,133.59999999999928,133.6599999999993,522
2026-07-29T19:25:00+00:00,133.6599999999993,133.7199999999993,133.3599999999993,133.45999999999927,421
2026-07-29T19:30:00+00:00,133.45999999999927,133.48999999999927,132.83999999999924,133.11999999999924,547
2026-07-29T19:35:00+00:00,133.11999999999924,133.41999999999922,132.7399999999992,132.7399999999992,512
2026-07-29T19:40:00+00:00,132.7399999999992,132.84999999999923,132.59999999999923,132.74999999999923,576
2026-07-29T19:45:00+00:00,132.74999999999923,132.80999999999923,132.57999999999925,132.76999999999924,578
2026-07-29T19:50:00+00:00,132.76999999999924,133.12999999999923,132.61999999999927,133.01999999999921,835
2026-07-29T19:55:00+00:00,133.01999999999921,133.16999999999922,132.85999999999922,133.00999999999922,1013
2026-07-30T13:30:00+00:00,133.00999999999922,135.94999999999925,133.00999999999922,135.08999999999924,284
2026-07-30T13:35:00+00:00,135.08999999999924,135.16999999999925,134.60999999999925,134.91999999999925,604
2026-07-30T13:40:00+00:00,134.91999999999925,135.94999999999925,134.81999999999925,135.79999999999924,475
2026-07-30T13:45:00+00:00,135.79999999999924,136.29999999999924,135.70999999999924,135.71999999999923,606
2026-07-30T13:50:00+00:00,135.71999999999923,136.55999999999923,135.71999999999923,136.41999999999925,455
2026-07-30T13:55:00+00:00,136.41999999999925,136.50999999999925,136.12999999999926,136.27999999999923,369
2026-07-30T14:00:00+00:00,136.27999999999923,136.29999999999924,135.89999999999924,136.05999999999923,392
2026-07-30T14:05:00+00:00,136.05999999999923,136.29999999999924,135.99999999999923,136.24999999999923,402
2026-07-30T14:10:00+00:00,136.24999999999923,136.88999999999925,136.08999999999924,136.79999999999924,342
2026-07-30T14:15:00+00:00,136.79999999999924,137.18999999999923,136.72999999999925,137.04999999999924,306
2026-07-30T14:20:00+00:00,137.04999999999924,137.21999999999923,136.89999999999924,137.01999999999924,217
2026-07-30T14:25:00+00:00,137.01999999999924,137.18999999999923,136.95999999999924,136.97999999999925,264
2026-07-30T14:30:00+00:00,136.97999999999925,137.18999999999923,136.92999999999924,136.98999999999924,306
2026-07-30T14:35:00+00:00,136.98999999999924,137.43999999999923,136.97999999999925,137.40999999999926,253
2026-07-30T14:40:00+00:00,137.40999999999926,137.42999999999924,137.00999999999925,137.01999999999924,264
2026-07-30T14:45:00+00:00,137.01999999999924,137.16999999999925,136.87999999999926,136.95999999999924,292
2026-07-30T14:50:00+00:00,136.95999999999924,137.17999999999924,136.88999999999925,137.00999999999925,278
2026-07-30T14:55:00+00:00,137.00999999999925,137.06999999999925,136.69999999999925,136.73999999999924,312
2026-07-30T15:00:00+00:00,136.73999999999924,136.76999999999924,136.61999999999924,136.73999999999924,262
2026-07-30T15:05:00+00:00,136.73999999999924,136.73999999999924,136.08999999999924,136.27999999999923,389
2026-07-30T15:10:00+00:00,136.27999999999923,136.28999999999925,135.87999999999926,136.18999999999923,307
2026-07-30T15:15:00+00:00,136.18999999999923,136.48999999999924,136.11999999999924,136.37999999999926,351
2026-07-30T15:20:00+00:00,136.37999999999926,136.54999999999924,136.23999999999924,136.36999999999924,302
2026-07-30T15:25:00+00:00,136.36999999999924,136.47999999999925,136.10999999999925,136.30999999999923,423
2026-07-30T15:30:00+00:00,136.30999999999923,136.41999999999925,136.11999999999924,136.40999999999926,415
2026-07-30T15:35:00+00:00,136.40999999999926,136.55999999999923,136.31999999999925,136.43999999999923,278
2026-07-30T15:40:00+00:00,136.43999999999923,136.69999999999925,136.37999999999926,136.54999999999924,208
2026-07-30T15:45:00+00:00,136.54999999999924,136.67999999999924,136.52999999999923,136.63999999999925,164
2026-07-30T15:50:00+00:00,136.63999999999925,136.84999999999926,136.56999999999925,136.80999999999923,152
2026-07-30T15:55:00+00:00,136.80999999999923,137.11999999999924,136.80999999999923,136.97999999999925,196
2026-07-30T16:00:00+00:00,136.97999999999925,137.27999999999923,136.93999999999923,137.15999999999926,203
2026-07-30T16:05:00+00:00,137.15999999999926,137.27999999999923,137.05999999999923,137.19999999999925,158
2026-07-30T16:10:00+00:00,137.19999999999925,137.40999999999926,137.19999999999925,137.39999999999924,120
2026-07-30T16:15:00+00:00,137.39999999999924,137.49999999999923,137.36999999999924,137.39999999999924,118
2026-07-30T16:20:00+00:00,137.39999999999924,137.41999999999925,137.12999999999926,137.14999999999924,124
2026-07-30T16:25:00+00:00,137.14999999999924,137.24999999999923,137.09999999999926,137.22999999999925,107
2026-07-30T16:30:00+00:00,137.22999999999925,137.32999999999925,137.11999999999924,137.21999999999923,154
2026-07-30T16:35:00+00:00,137.21999999999923,137.37999999999926,137.21999999999923,137.27999999999923,198
2026-07-30T16:40:00+00:00,137.27999999999923,137.39999999999924,137.16999999999925,137.23999999999924,162
2026-07-30T16:45:00+00:00,137.23999999999924,137.40999999999926,137.21999999999923,137.39999999999924,128
2026-07-30T16:50:00+00:00,137.39999999999924,137.82999999999925,137.39999999999924,137.79999999999924,104
2026-07-30T16:55:00+00:00,137.79999999999924,137.86999999999924,137.72999999999925,137.79999999999924,78
2026-07-30T17:00:00+00:00,137.79999999999924,138.08999999999924,137.77999999999923,137.90999999999926,144
2026-07-30T17:05:00+00:00,137.90999999999926,137.96999999999923,137.81999999999925,137.93999999999923,105
2026-07-30T17:10:00+00:00,137.93999999999923,138.02999999999923,137.89999999999924,137.93999999999923,98
2026-07-30T17:15:00+00:00,137.93999999999923,138.05999999999923,137.90999999999926,138.00999999999925,108
2026-07-30T17:20:00+00:00,138.00999999999925,138.00999999999925,137.85999999999925,137.89999999999924,101
2026-07-30T17:25:00+00:00,137.89999999999924,137.92999999999924,137.77999999999923,137.86999999999924,107
2026-07-30T17:30:00+00:00,137.86999999999924,137.91999999999925,137.68999999999923,137.79999999999924,132
2026-07-30T17:35:00+00:00,137.79999999999924,137.80999999999923,137.68999999999923,137.70999999999924,164
2026-07-30T17:40:00+00:00,137.70999999999924,137.84999999999926,137.70999999999924,137.71999999999923,151
2026-07-30T17:45:00+00:00,137.71999999999923,137.78999999999925,137.68999999999923,137.69999999999925,75
2026-07-30T17:50:00+00:00,137.69999999999925,137.84999999999926,137.67999999999924,137.68999999999923,96
2026-07-30T17:55:00+00:00,137.68999999999923,137.73999999999924,137.59999999999926,137.64999999999924,103
2026-07-30T18:00:00+00:00,137.64999999999924,137.85999999999925,137.62999999999926,137.77999999999923,109
2026-07-30T18:05:00+00:00,137.77999999999923,137.81999999999925,137.69999999999925,137.75999999999925,105
2026-07-30T18:10:00+00:00,137.75999999999925,137.81999999999925,137.65999999999926,137.73999999999924,88
2026-07-30T18:15:00+00:00,137.73999999999924,137.83999999999924,137.71999999999923,137.80999999999923,125
2026-07-30T18:20:00+00:00,137.80999999999923,137.94999999999925,137.80999999999923,137.87999999999926,118
2026-07-30T18:25:00+00:00,137.87999999999926,137.94999999999925,137.86999999999924,137.93999999999923,60
2026-07-30T18:30:00+00:00,137.93999999999923,137.94999999999925,137.78999999999925,137.89999999999924,53
2026-07-30T18:35:00+00:00,137.89999999999924,137.92999999999924,137.81999999999925,137.90999999999926,67
2026-07-30T18:40:00+00:00,137.90999999999926,138.09999999999926,137.88999999999925,138.09999999999926,66
2026-07-30T18:45:00+00:00,138.09999999999926,138.13999999999925,137.96999999999923,138.01999999999924,89
2026-07-30T18:50:00+00:00,138.01999999999924,138.13999999999925,137.98999999999924,138.09999999999926,94
2026-07-30T18:55:00+00:00,138.09999999999926,138.14999999999924,138.04999999999924,138.10999999999925,70
2026-07-30T19:00:00+00:00,138.10999999999925,138.26999999999924,138.10999999999925,138.26999999999924,102
2026-07-30T19:05:00+00:00,138.26999999999924,138.32999999999925,138.17999999999924,138.25999999999925,84
2026-07-30T19:10:00+00:00,138.25999999999925,138.29999999999924,138.02999999999923,138.12999999999926,106
2026-07-30T19:15:00+00:00,138.12999999999926,138.19999999999925,138.00999999999925,138.10999999999925,107
2026-07-30T19:20:00+00:00,138.10999999999925,138.27999999999923,138.09999999999926,138.19999999999925,110
2026-07-30T19:25:00+00:00,138.19999999999925,138.41999999999925,138.19999999999925,138.21999999999923,151
2026-07-30T19:30:00+00:00,138.21999999999923,138.40999999999926,138.17999999999924,138.33999999999924,168
2026-07-30T19:35:00+00:00,138.33999999999924,138.48999999999924,138.33999999999924,138.47999999999925,120
2026-07-30T19:40:00+00:00,138.47999999999925,138.49999999999923,138.35999999999925,138.46999999999923,122
2026-07-30T19:45:00+00:00,138.46999999999923,138.48999999999924,138.27999999999923,138.30999999999923,197
2026-07-30T19:50:00+00:00,138.30999999999923,138.39999999999924,138.16999999999925,138.31999999999925,223
2026-07-30T19:55:00+00:00,138.31999999999925,138.39999999999924,138.11999999999924,138.24999999999923,515
2026-07-31T13:30:00+00:00,138.24999999999923,141.03999999999925,138.24999999999923,139.93999999999923,316
2026-07-31T13:35:00+00:00,139.93999999999923,140.09999999999926,139.19999999999925,139.19999999999925,442
2026-07-31T13:40:00+00:00,139.19999999999925,139.62999999999926,138.92999999999924,139.28999999999925,595
2026-07-31T13:45:00+00:00,139.28999999999925,139.74999999999923,138.92999999999924,138.94999999999925,524
2026-07-31T13:50:00+00:00,138.94999999999925,139.29999999999924,138.74999999999923,138.75999999999925,884
2026-07-31T13:55:00+00:00,138.75999999999925,138.93999999999923,138.54999999999924,138.65999999999926,772
2026-07-31T14:00:00+00:00,138.65999999999926,138.76999999999924,138.53999999999925,138.57999999999925,551
2026-07-31T14:05:00+00:00,138.57999999999925,138.75999999999925,138.11999999999924,138.27999999999923,973
2026-07-31T14:10:00+00:00,138.27999999999923,138.41999999999925,137.92999999999924,138.26999999999924,945
2026-07-31T14:15:00+00:00,138.26999999999924,138.60999999999925,137.83999999999924,138.34999999999926,855
2026-07-31T14:20:00+00:00,138.34999999999926,138.78999999999925,138.26999999999924,138.53999999999925,530
2026-07-31T14:25:00+00:00,138.53999999999925,138.88999999999925,138.53999999999925,138.82999999999925,506
2026-07-31T14:30:00+00:00,138.82999999999925,139.04999999999924,138.73999999999924,138.86999999999924,573
2026-07-31T14:35:00+00:00,138.86999999999924,138.97999999999925,138.63999999999925,138.77999999999923,423
2026-07-31T14:40:00+00:00,138.77999999999923,138.80999999999923,138.41999999999925,138.51999999999924,535
2026-07-31T14:45:00+00:00,138.51999999999924,138.68999999999923,138.39999999999924,138.59999999999926,540
2026-07-31T14:50:00+00:00,138.59999999999926,138.97999999999925,138.57999999999925,138.66999999999925,575
2026-07-31T14:55:00+00:00,138.66999999999925,138.96999999999923,138.66999999999925,138.75999999999925,587
2026-07-31T15:00:00+00:00,138.75999999999925,138.97999999999925,138.67999999999924,138.97999999999925,636
2026-07-31T15:05:00+00:00,138.97999999999925,139.25999999999925,138.87999999999926,139.04999999999924,467
2026-07-31T15:10:00+00:00,139.04999999999924,139.22999999999925,138.96999999999923,139.11999999999924,499
2026-07-31T15:15:00+00:00,139.11999999999924,139.40999999999926,138.90999999999926,138.99999999999923,784
2026-07-31T15:20:00+00:00,138.99999999999923,139.10999999999925,138.85999999999925,138.96999999999923,516
2026-07-31T15:25:00+00:00,138.96999999999923,139.05999999999923,138.69999999999925,138.94999999999925,701
2026-07-31T15:30:00+00:00,138.94999999999925,139.21999999999923,138.92999999999924,139.17999999999924,609
2026-07-31T15:35:00+00:00,139.17999999999924,139.44999999999925,139.16999999999925,139.35999999999925,641
2026-07-31T15:40:00+00:00,139.35999999999925,139.39999999999924,138.79999999999924,138.84999999999926,611
2026-07-31T15:45:00+00:00,138.84999999999926,138.90999999999926,138.51999999999924,138.64999999999924,657
2026-07-31T15:50:00+00:00,138.64999999999924,138.90999999999926,138.60999999999925,138.75999999999925,601
2026-07-31T15:55:00+00:00,138.75999999999925,138.94999999999925,138.67999999999924,138.83999999999924,511
2026-07-31T16:00:00+00:00,138.83999999999924,138.91999999999925,138.68999999999923,138.78999999999925,522
2026-07-31T16:05:00+00:00,138.78999999999925,138.83999999999924,138.65999999999926,138.70999999999924,405
2026-07-31T16:10:00+00:00,138.70999999999924,138.92999999999924,138.67999999999924,138.82999999999925,342
2026-07-31T16:15:00+00:00,138.82999999999925,138.91999999999925,138.66999999999925,138.89999999999924,303
2026-07-31T16:20:00+00:00,138.89999999999924,139.01999999999924,138.82999999999925,138.95999999999924,370
2026-07-31T16:25:00+00:00,138.95999999999924,138.98999999999924,138.72999999999925,138.85999999999925,418
2026-07-31T16:30:00+00:00,138.85999999999925,139.03999999999925,138.81999999999925,139.01999999999924,296
2026-07-31T16:35:00+00:00,139.01999999999924,139.07999999999925,138.83999999999924,138.93999999999923,362
2026-07-31T16:40:00+00:00,138.93999999999923,139.07999999999925,138.89999999999924,138.89999999999924,341
2026-07-31T16:45:00+00:00,138.89999999999924,139.03999999999925,138.85999999999925,138.93999999999923,255
2026-07-31T16:50:00+00:00,138.93999999999923,139.11999999999924,138.92999999999924,139.02999999999923,271
2026-07-31T16:55:00+00:00,139.02999999999923,139.05999999999923,138.77999999999923,138.77999999999923,315
2026-07-31T17:00:00+00:00,138.77999999999923,138.90999999999926,138.70999999999924,138.78999999999925,276
2026-07-31T17:05:00+00:00,138.78999999999925,138.87999999999926,138.61999999999924,138.71999999999923,309
2026-07-31T17:10:00+00:00,138.71999999999923,138.98999999999924,138.71999999999923,138.94999999999925,307
2026-07-31T17:15:00+00:00,138.94999999999925,139.01999999999924,138.85999999999925,138.96999999999923,243
2026-07-31T17:20:00+00:00,138.96999999999923,139.10999999999925,138.94999999999925,139.04999999999924,212
2026-07-31T17:25:00+00:00,139.04999999999924,139.07999999999925,138.87999999999926,139.00999999999925,238
2026-07-31T17:30:00+00:00,139.00999999999925,139.11999999999924,138.91999999999925,138.98999999999924,297
2026-07-31T17:35:00+00:00,138.98999999999924,139.17999999999924,138.96999999999923,139.02999999999923,288
2026-07-31T17:40:00+00:00,139.02999999999923,139.08999999999924,138.96999999999923,139.05999999999923,252
2026-07-31T17:45:00+00:00,139.05999999999923,139.21999999999923,138.93999999999923,138.95999999999924,328
2026-07-31T17:50:00+00:00,138.95999999999924,139.23999999999924,138.93999999999923,139.16999999999925,268
2026-07-31T17:55:00+00:00,139.16999999999925,139.17999999999924,139.06999999999925,139.08999999999924,307
2026-07-31T18:00:00+00:00,139.08999999999924,139.21999999999923,139.03999999999925,139.13999999999925,261
2026-07-31T18:05:00+00:00,139.13999999999925,139.17999999999924,139.05999999999923,139.11999999999924,190
2026-07-31T18:10:00+00:00,139.11999999999924,139.14999999999924,138.93999999999923,138.98999999999924,269
2026-07-31T18:15:00+00:00,138.98999999999924,139.14999999999924,138.97999999999925,138.99999999999923,247
2026-07-31T18:20:00+00:00,138.99999999999923,139.10999999999925,138.90999999999926,138.91999999999925,275
2026-07-31T18:25:00+00:00,138.91999999999925,138.98999999999924,138.75999999999925,138.91999999999925,276
2026-07-31T18:30:00+00:00,138.91999999999925,139.13999999999925,138.91999999999925,139.08999999999924,270
2026-07-31T18:35:00+00:00,139.08999999999924,139.20999999999924,138.99999999999923,139.10999999999925,254
2026-07-31T18:40:00+00:00,139.10999999999925,139.38999999999925,139.04999999999924,139.25999999999925,325
2026-07-31T18:45:00+00:00,139.25999999999925,139.27999999999923,139.09999999999926,139.15999999999926,175
2026-07-31T18:50:00+00:00,139.15999999999926,139.23999999999924,139.11999999999924,139.17999999999924,221
2026-07-31T18:55:00+00:00,139.17999999999924,139.24999999999923,139.08999999999924,139.22999999999925,160
2026-07-31T19:00:00+00:00,139.22999999999925,139.29999999999924,139.00999999999925,139.02999999999923,263
2026-07-31T19:05:00+00:00,139.02999999999923,139.17999999999924,138.95999999999924,139.06999999999925,260
2026-07-31T19:10:00+00:00,139.06999999999925,139.23999999999924,139.02999999999923,139.20999999999924,238
2026-07-31T19:15:00+00:00,139.20999999999924,139.33999999999924,139.15999999999926,139.29999999999924,225
2026-07-31T19:20:00+00:00,139.29999999999924,139.38999999999925,139.19999999999925,139.25999999999925,345
2026-07-31T19:25:00+00:00,139.25999999999925,139.29999999999924,139.08999999999924,139.17999999999924,246
2026-07-31T19:30:00+00:00,139.17999999999924,139.19999999999925,138.78999999999925,138.88999999999925,396
2026-07-31T19:35:00+00:00,138.88999999999925,139.17999999999924,138.83999999999924,139.15999999999926,271
2026-07-31T19:40:00+00:00,139.15999999999926,139.18999999999923,139.03999999999925,139.17999999999924,321
2026-07-31T19:45:00+00:00,139.17999999999924,139.27999999999923,139.00999999999925,139.26999999999924,432
2026-07-31T19:50:00+00:00,139.26999999999924,139.27999999999923,138.97999999999925,138.97999999999925,493
2026-07-31T19:55:00+00:00,138.97999999999925,138.99999999999923,138.32999999999925,138.50999999999925,936
2026-08-03T13:30:00+00:00,138.50999999999925,138.51999999999924,136.60999999999925,137.38999999999925,269
2026-08-03T13:35:00+00:00,137.38999999999925,138.26999999999924,136.93999999999923,137.77999999999923,578
2026-08-03T13:40:00+00:00,137.77999999999923,137.83999999999924,137.06999999999925,137.44999999999925,440
2026-08-03T13:45:00+00:00,137.44999999999925,137.74999999999923,137.29999999999924,137.73999999999924,488
2026-08-03T13:50:00+00:00,137.73999999999924,137.77999999999923,137.40999999999926,137.40999999999926,637
2026-08-03T13:55:00+00:00,137.40999999999926,137.93999999999923,137.40999999999926,137.79999999999924,574
2026-08-03T14:00:00+00:00,137.79999999999924,138.24999999999923,137.69999999999925,137.89999999999924,587
2026-08-03T14:05:00+00:00,137.89999999999924,138.13999999999925,137.72999999999925,137.99999999999923,467
2026-08-03T14:10:00+00:00,137.99999999999923,138.23999999999924,137.93999999999923,138.16999999999925,444
2026-08-03T14:15:00+00:00,138.16999999999925,138.23999999999924,137.94999999999925,138.12999999999926,441
2026-08-03T14:20:00+00:00,138.12999999999926,138.32999999999925,138.08999999999924,138.18999999999923,444
2026-08-03T14:25:00+00:00,138.18999999999923,138.39999999999924,138.15999999999926,138.21999999999923,381
2026-08-03T14:30:00+00:00,138.21999999999923,138.36999999999924,138.16999999999925,138.32999999999925,348
2026-08-03T14:35:00+00:00,138.32999999999925,138.46999999999923,137.73999999999924,137.86999999999924,415
2026-08-03T14:40:00+00:00,137.86999999999924,138.00999999999925,137.67999999999924,137.74999999999923,336
2026-08-03T14:45:00+00:00,137.74999999999923,138.15999999999926,137.58999999999924,138.11999999999924,367
2026-08-03T14:50:00+00:00,138.11999999999924,138.35999999999925,137.96999999999923,138.08999999999924,356
2026-08-03T14:55:00+00:00,138.08999999999924,138.24999999999923,137.92999999999924,138.01999999999924,344
2026-08-03T15:00:00+00:00,138.01999999999924,138.09999999999926,137.80999999999923,137.96999999999923,323
2026-08-03T15:05:00+00:00,137.96999999999923,137.99999999999923,137.71999999999923,137.71999999999923,276
2026-08-03T15:10:00+00:00,137.71999999999923,137.90999999999926,137.66999999999925,137.84999999999926,221
2026-08-03T15:15:00+00:00,137.84999999999926,138.27999999999923,137.84999999999926,138.24999999999923,275
2026-08-03T15:20:00+00:00,138.24999999999923,138.24999999999923,137.94999999999925,137.96999999999923,224
2026-08-03T15:25:00+00:00,137.96999999999923,138.08999999999924,137.87999999999926,137.93999999999923,273
2026-08-03T15:30:00+00:00,137.93999999999923,138.16999999999925,137.92999999999924,138.04999999999924,243
2026-08-03T15:35:00+00:00,138.04999999999924,138.15999999999926,137.92999999999924,137.99999999999923,226
2026-08-03T15:40:00+00:00,137.99999999999923,138.05999999999923,137.80999999999923,137.80999999999923,241
2026-08-03T15:45:00+00:00,137.80999999999923,138.25999999999925,137.80999999999923,138.23999999999924,267
2026-08-03T15:50:00+00:00,138.23999999999924,138.30999999999923,138.12999999999926,138.17999999999924,258
2026-08-03T15:55:00+00:00,138.17999999999924,138.18999999999923,137.94999999999925,137.94999999999925,199
2026-08-03T16:00:00+00:00,137.94999999999925,138.04999999999924,137.84999999999926,137.89999999999924,201
2026-08-03T16:05:00+00:00,137.89999999999924,137.94999999999925,137.78999999999925,137.90999999999926,178
2026-08-03T16:10:00+00:00,137.90999999999926,137.91999999999925,137.75999999999925,137.86999999999924,197
2026-08-03T16:15:00+00:00,137.86999999999924,137.88999999999925,137.77999999999923,137.82999999999925,138
2026-08-03T16:20:00+00:00,137.82999999999925,137.85999999999925,137.73999999999924,137.79999999999924,179
2026-08-03T16:25:00+00:00,137.79999999999924,137.83999999999924,137.72999999999925,137.81999999999925,125
2026-08-03T16:30:00+00:00,137.81999999999925,137.82999999999925,137.70999999999924,137.75999999999925,176
2026-08-03T16:35:00+00:00,137.75999999999925,137.82999999999925,137.58999999999924,137.60999999999925,201
2026-08-03T16:40:00+00:00,137.60999999999925,137.78999999999925,137.58999999999924,137.76999999999924,153
2026-08-03T16:45:00+00:00,137.76999999999924,137.81999999999925,137.61999999999924,137.63999999999925,166
2026-08-03T16:50:00+00:00,137.63999999999925,137.66999999999925,137.42999999999924,137.49999999999923,222
2026-08-03T16:55:00+00:00,137.49999999999923,137.65999999999926,137.45999999999924,137.57999999999925,151
2026-08-03T17:00:00+00:00,137.57999999999925,137.68999999999923,137.41999999999925,137.48999999999924,224
2026-08-03T17:05:00+00:00,137.48999999999924,137.48999999999924,137.23999999999924,137.36999999999924,168
2026-08-03T17:10:00+00:00,137.36999999999924,137.51999999999924,137.34999999999926,137.50999999999925,153
2026-08-03T17:15:00+00:00,137.50999999999925,137.69999999999925,137.46999999999923,137.65999999999926,181
2026-08-03T17:20:00+00:00,137.65999999999926,137.75999999999925,137.63999999999925,137.69999999999925,138
2026-08-03T17:25:00+00:00,137.69999999999925,137.75999999999925,137.54999999999924,137.58999999999924,152
2026-08-03T17:30:00+00:00,137.58999999999924,137.83999999999924,137.58999999999924,137.82999999999925,166
2026-08-03T17:35:00+00:00,137.82999999999925,137.90999999999926,137.69999999999925,137.86999999999924,185
2026-08-03T17:40:00+00:00,137.86999999999924,137.91999999999925,137.84999999999926,137.85999999999925,106
2026-08-03T17:45:00+00:00,137.85999999999925,138.06999999999925,137.82999999999925,137.91999999999925,237
2026-08-03T17:50:00+00:00,137.91999999999925,138.18999999999923,137.91999999999925,138.12999999999926,205
2026-08-03T17:55:00+00:00,138.12999999999926,138.37999999999926,138.12999999999926,138.33999999999924,260
2026-08-03T18:00:00+00:00,138.33999999999924,138.39999999999924,138.14999999999924,138.21999999999923,236
2026-08-03T18:05:00+00:00,138.21999999999923,138.49999999999923,138.21999999999923,138.49999999999923,207
2026-08-03T18:10:00+00:00,138.49999999999923,138.49999999999923,138.31999999999925,138.42999999999924,176
2026-08-03T18:15:00+00:00,138.42999999999924,138.51999999999924,138.40999999999926,138.49999999999923,121
2026-08-03T18:20:00+00:00,138.49999999999923,138.61999999999924,138.39999999999924,138.58999999999924,193
2026-08-03T18:25:00+00:00,138.58999999999924,138.64999999999924,138.46999999999923,138.46999999999923,177
2026-08-03T18:30:00+00:00,138.46999999999923,138.52999999999923,138.32999999999925,138.37999999999926,120
2026-08-03T18:35:00+00:00,138.37999999999926,138.46999999999923,138.30999999999923,138.34999999999926,166
2026-08-03T18:40:00+00:00,138.34999999999926,138.48999999999924,138.33999999999924,138.44999999999925,133
2026-08-03T18:45:00+00:00,138.44999999999925,138.47999999999925,138.38999999999925,138.43999999999923,161
2026-08-03T18:50:00+00:00,138.43999999999923,138.46999999999923,138.35999999999925,138.41999999999925,126
2026-08-03T18:55:00+00:00,138.41999999999925,138.49999999999923,138.36999999999924,138.40999999999926,122
2026-08-03T19:00:00+00:00,138.40999999999926,138.60999999999925,138.37999999999926,138.52999999999923,219
2026-08-03T19:05:00+00:00,138.52999999999923,138.70999999999924,138.46999999999923,138.51999999999924,187
2026-08-03T19:10:00+00:00,138.51999999999924,138.72999999999925,138.50999999999925,138.70999999999924,126
2026-08-03T19:15:00+00:00,138.70999999999924,138.79999999999924,138.63999999999925,138.64999999999924,121
2026-08-03T19:20:00+00:00,138.64999999999924,138.67999999999924,138.48999999999924,138.65999999999926,147
2026-08-03T19:25:00+00:00,138.65999999999926,138.74999999999923,138.58999999999924,138.60999999999925,159
2026-08-03T19:30:00+00:00,138.60999999999925,138.73999999999924,138.59999999999926,138.66999999999925,163
2026-08-03T19:35:00+00:00,138.66999999999925,138.74999999999923,138.54999999999924,138.63999999999925,187
2026-08-03T19:40:00+00:00,138.63999999999925,138.74999999999923,138.56999999999925,138.73999999999924,241
2026-08-03T19:45:00+00:00,138.73999999999924,139.11999999999924,138.69999999999925,139.10999999999925,335
2026-08-03T19:50:00+00:00,139.10999999999925,139.32999999999925,138.70999999999924,139.24999999999923,384
2026-08-03T19:55:00+00:00,139.24999999999923,139.54999999999924,139.12999999999926,139.44999999999925,573
2026-08-04T13:30:00+00:00,139.44999999999925,141.48999999999924,138.72999999999925,140.60999999999925,258
2026-08-04T13:35:00+00:00,140.60999999999925,141.90999999999926,140.58999999999924,141.38999999999925,613
2026-08-04T13:40:00+00:00,141.38999999999925,141.54999999999924,140.87999999999926,141.21999999999923,659
2026-08-04T13:45:00+00:00,141.21999999999923,141.32999999999925,140.55999999999923,140.79999999999924,781
2026-08-04T13:50:00+00:00,140.79999999999924,141.25999999999925,140.75999999999925,141.09999999999926,631
2026-08-04T13:55:00+00:00,141.09999999999926,141.51999999999924,141.05999999999923,141.28999999999925,631
2026-08-04T14:00:00+00:00,141.28999999999925,142.13999999999925,141.26999999999924,141.98999999999924,843
2026-08-04T14:05:00+00:00,141.98999999999924,142.18999999999923,141.79999999999924,141.87999999999926,698
2026-08-04T14:10:00+00:00,141.87999999999926,142.13999999999925,141.70999999999924,142.13999999999925,601
2026-08-04T14:15:00+00:00,142.13999999999925,142.47999999999925,142.09999999999926,142.35999999999925,642
2026-08-04T14:20:00+00:00,142.35999999999925,142.35999999999925,141.95999999999924,142.07999999999925,817
2026-08-04T14:25:00+00:00,142.07999999999925,142.28999999999925,142.06999999999925,142.26999999999924,523
2026-08-04T14:30:00+00:00,142.26999999999924,142.67999999999924,142.05999999999923,142.57999999999925,742
2026-08-04T14:35:00+00:00,142.57999999999925,143.03999999999925,142.46999999999923,142.98999999999924,807
2026-08-04T14:40:00+00:00,142.98999999999924,143.14999999999924,142.93999999999923,143.05999999999923,408
2026-08-04T14:45:00+00:00,143.05999999999923,143.60999999999925,143.03999999999925,143.59999999999926,354
2026-08-04T14:50:00+00:00,143.59999999999926,143.76999999999924,143.57999999999925,143.65999999999926,442
2026-08-04T14:55:00+00:00,143.65999999999926,143.90999999999926,143.65999999999926,143.77999999999923,459
2026-08-04T15:00:00+00:00,143.77999999999923,143.94999999999925,143.77999999999923,143.88999999999925,394
2026-08-04T15:05:00+00:00,143.88999999999925,143.95999999999924,143.52999999999923,143.64999999999924,486
2026-08-04T15:10:00+00:00,143.64999999999924,143.74999999999923,143.48999999999924,143.57999999999925,402
2026-08-04T15:15:00+00:00,143.57999999999925,143.69999999999925,143.48999999999924,143.59999999999926,323
2026-08-04T15:20:00+00:00,143.59999999999926,143.59999999999926,143.29999999999924,143.44999999999925,282
2026-08-04T15:25:00+00:00,143.44999999999925,143.52999999999923,143.28999999999925,143.32999999999925,385
2026-08-04T15:30:00+00:00,143.32999999999925,143.50999999999925,143.24999999999923,143.31999999999925,493
2026-08-04T15:35:00+00:00,143.31999999999925,143.42999999999924,143.11999999999924,143.27999999999923,534
2026-08-04T15:40:00+00:00,143.27999999999923,143.47999999999925,143.19999999999925,143.37999999999926,422
2026-08-04T15:45:00+00:00,143.37999999999926,143.55999999999923,143.29999999999924,143.49999999999923,313
2026-08-04T15:50:00+00:00,143.49999999999923,143.61999999999924,143.35999999999925,143.36999999999924,319
2026-08-04T15:55:00+00:00,143.36999999999924,143.54999999999924,143.34999999999926,143.43999999999923,295
2026-08-04T16:00:00+00:00,143.43999999999923,143.60999999999925,143.39999999999924,143.44999999999925,330
2026-08-04T16:05:00+00:00,143.44999999999925,143.53999999999925,143.36999999999924,143.42999999999924,302
2026-08-04T16:10:00+00:00,143.42999999999924,143.45999999999924,143.23999999999924,143.24999999999923,375
2026-08-04T16:15:00+00:00,143.24999999999923,143.31999999999925,143.06999999999925,143.29999999999924,288
2026-08-04T16:20:00+00:00,143.29999999999924,143.51999999999924,143.27999999999923,143.47999999999925,265
2026-08-04T16:25:00+00:00,143.47999999999925,143.61999999999924,143.41999999999925,143.54999999999924,190
2026-08-04T16:30:00+00:00,143.54999999999924,143.62999999999926,143.40999999999926,143.47999999999925,287
2026-08-04T16:35:00+00:00,143.47999999999925,143.52999999999923,143.39999999999924,143.51999999999924,190
2026-08-04T16:40:00+00:00,143.51999999999924,143.54999999999924,143.25999999999925,143.47999999999925,284
2026-08-04T16:45:00+00:00,143.47999999999925,143.57999999999925,143.44999999999925,143.49999999999923,287
2026-08-04T16:50:00+00:00,143.49999999999923,143.54999999999924,143.40999999999926,143.46999999999923,236
2026-08-04T16:55:00+00:00,143.46999999999923,143.46999999999923,143.18999999999923,143.28999999999925,296
2026-08-04T17:00:00+00:00,143.28999999999925,143.39999999999924,143.21999999999923,143.25999999999925,265
2026-08-04T17:05:00+00:00,143.25999999999925,143.31999999999925,143.10999999999925,143.12999999999926,291
2026-08-04T17:10:00+00:00,143.12999999999926,143.15999999999926,143.01999999999924,143.05999999999923,312
2026-08-04T17:15:00+00:00,143.05999999999923,143.19999999999925,143.03999999999925,143.14999999999924,339
2026-08-04T17:20:00+00:00,143.14999999999924,143.15999999999926,142.86999999999924,142.93999999999923,390
2026-08-04T17:25:00+00:00,142.93999999999923,143.06999999999925,142.87999999999926,142.87999999999926,310
2026-08-04T17:30:00+00:00,142.87999999999926,142.94999999999925,142.80999999999923,142.94999999999925,247
2026-08-04T17:35:00+00:00,142.94999999999925,143.02999999999923,142.82999999999925,142.86999999999924,229
2026-08-04T17:40:00+00:00,142.86999999999924,142.89999999999924,142.73999999999924,142.77999999999923,303
2026-08-04T17:45:00+00:00,142.77999999999923,142.89999999999924,142.71999999999923,142.77999999999923,342
2026-08-04T17:50:00+00:00,142.77999999999923,142.77999999999923,142.46999999999923,142.48999999999924,441
2026-08-04T17:55:00+00:00,142.48999999999924,142.84999999999926,142.45999999999924,142.72999999999925,354
2026-08-04T18:00:00+00:00,142.72999999999925,142.72999999999925,142.29999999999924,142.31999999999925,478
2026-08-04T18:05:00+00:00,142.31999999999925,142.70999999999924,142.28999999999925,142.60999999999925,379
2026-08-04T18:10:00+00:00,142.60999999999925,142.90999999999926,142.58999999999924,142.88999999999925,343
2026-08-04T18:15:00+00:00,142.88999999999925,143.02999999999923,142.84999999999926,142.86999999999924,352
2026-08-04T18:20:00+00:00,142.86999999999924,142.95999999999924,142.76999999999924,142.78999999999925,290
2026-08-04T18:25:00+00:00,142.78999999999925,142.87999999999926,142.69999999999925,142.86999999999924,339
2026-08-04T18:30:00+00:00,142.86999999999924,142.94999999999925,142.81999999999925,142.81999999999925,198
2026-08-04T18:35:00+00:00,142.81999999999925,142.86999999999924,142.70999999999924,142.78999999999925,262
2026-08-04T18:40:00+00:00,142.78999999999925,142.78999999999925,142.55999999999923,142.70999999999924,338
2026-08-04T18:45:00+00:00,142.70999999999924,143.02999999999923,142.70999999999924,142.92999999999924,307
2026-08-04T18:50:00+00:00,142.92999999999924,143.07999999999925,142.91999999999925,142.95999999999924,213
2026-08-04T18:55:00+00:00,142.95999999999924,143.08999999999924,142.92999999999924,142.99999999999923,289
2026-08-04T19:00:00+00:00,142.99999999999923,143.32999999999925,142.99999999999923,143.27999999999923,332
2026-08-04T19:05:00+00:00,143.27999999999923,143.57999999999925,143.26999999999924,143.50999999999925,276
2026-08-04T19:10:00+00:00,143.50999999999925,143.50999999999925,143.32999999999925,143.32999999999925,242
2026-08-04T19:15:00+00:00,143.32999999999925,143.37999999999926,142.94999999999925,143.04999999999924,334
2026-08-04T19:20:00+00:00,143.04999999999924,143.16999999999925,142.98999999999924,143.12999999999926,262
2026-08-04T19:25:00+00:00,143.12999999999926,143.15999999999926,142.73999999999924,142.84999999999926,363
2026-08-04T19:30:00+00:00,142.84999999999926,142.99999999999923,142.75999999999925,142.92999999999924,373
2026-08-04T19:35:00+00:00,142.92999999999924,142.95999999999924,142.70999999999924,142.89999999999924,363
2026-08-04T19:40:00+00:00,142.89999999999924,143.02999999999923,142.89999999999924,142.95999999999924,267
2026-08-04T19:45:00+00:00,142.95999999999924,143.14999999999924,142.91999999999925,143.04999999999924,324
2026-08-04T19:50:00+00:00,143.04999999999924,143.04999999999924,142.73999999999924,142.74999999999923,455
2026-08-04T19:55:00+00:00,142.74999999999923,142.91999999999925,142.66999999999925,142.83999999999924,757
2026-08-05T13:30:00+00:00,142.83999999999924,143.95999999999924,142.42999999999924,143.16999999999925,265
2026-08-05T13:35:00+00:00,143.16999999999925,143.72999999999925,142.92999999999924,143.41999999999925,471
2026-08-05T13:40:00+00:00,143.41999999999925,144.17999999999924,143.23999999999924,144.15999999999926,555
2026-08-05T13:45:00+00:00,144.15999999999926,144.27999999999923,143.74999999999923,143.79999999999924,615
2026-08-05T13:50:00+00:00,143.79999999999924,144.14999999999924,143.74999999999923,144.14999999999924,386
2026-08-05T13:55:00+00:00,144.14999999999924,144.80999999999923,144.06999999999925,144.55999999999923,528
2026-08-05T14:00:00+00:00,144.55999999999923,144.65999999999926,144.26999999999924,144.52999999999923,683
2026-08-05T14:05:00+00:00,144.52999999999923,145.05999999999923,144.47999999999925,144.86999999999924,719
2026-08-05T14:10:00+00:00,144.86999999999924,145.10999999999925,144.69999999999925,144.88999999999925,651
2026-08-05T14:15:00+00:00,144.88999999999925,144.97999999999925,144.69999999999925,144.71999999999923,359
2026-08-05T14:20:00+00:00,144.71999999999923,144.80999999999923,144.52999999999923,144.71999999999923,299
2026-08-05T14:25:00+00:00,144.71999999999923,144.75999999999925,144.29999999999924,144.48999999999924,430
2026-08-05T14:30:00+00:00,144.48999999999924,144.59999999999926,144.36999999999924,144.39999999999924,470
2026-08-05T14:35:00+00:00,144.39999999999924,144.45999999999924,144.11999999999924,144.12999999999926,407
2026-08-05T14:40:00+00:00,144.12999999999926,144.22999999999925,144.00999999999925,144.15999999999926,393
2026-08-05T14:45:00+00:00,144.15999999999926,144.72999999999925,144.11999999999924,144.62999999999926,792
2026-08-05T14:50:00+00:00,144.62999999999926,144.70999999999924,144.02999999999923,144.14999999999924,827
2026-08-05T14:55:00+00:00,144.14999999999924,144.33999999999924,144.02999999999923,144.13999999999925,670.9077601764589
2026-08-05T15:00:00+00:00,144.13999999999925,144.46999999999926,144.11999999999927,144.39999999999927,703
2026-08-05T15:05:00+00:00,144.39999999999927,144.61999999999927,144.31999999999925,144.58999999999926,535
2026-08-05T15:10:00+00:00,144.58999999999926,144.68999999999926,144.10999999999925,144.20999999999924,514
2026-08-05T15:15:00+00:00,144.20999999999924,144.22999999999925,143.71999999999926,144.01999999999924,797
2026-08-05T15:20:00+00:00,144.01999999999924,144.13999999999925,143.90999999999926,144.08999999999926,474
2026-08-05T15:25:00+00:00,144.08999999999926,144.13999999999925,143.85999999999925,144.11999999999927,658
2026-08-05T15:30:00+00:00,144.11999999999927,144.25999999999925,143.87999999999926,143.91999999999925,564
2026-08-05T15:35:00+00:00,143.91999999999925,143.97999999999925,143.75999999999925,143.79999999999924,501
2026-08-05T15:40:00+00:00,143.79999999999924,143.96999999999926,143.72999999999925,143.94999999999925,508
2026-08-05T15:45:00+00:00,143.94999999999925,144.13999999999925,143.83999999999926,144.03999999999925,433
2026-08-05T15:50:00+00:00,144.03999999999925,144.11999999999927,143.91999999999925,144.08999999999926,500
2026-08-05T15:55:00+00:00,144.08999999999926,144.15999999999926,143.94999999999925,144.04999999999924,519
2026-08-05T16:00:00+00:00,144.04999999999924,144.37999999999926,144.04999999999924,144.27999999999926,594
2026-08-05T16:05:00+00:00,144.27999999999926,144.52999999999926,144.21999999999926,144.42999999999927,585
2026-08-05T16:10:00+00:00,144.42999999999927,144.52999999999926,144.29999999999924,144.35999999999925,594
2026-08-05T16:15:00+00:00,144.35999999999925,144.59999999999926,144.26999999999924,144.38999999999925,604
2026-08-05T16:20:00+00:00,144.38999999999925,144.72999999999925,144.31999999999925,144.31999999999925,547
2026-08-05T16:25:00+00:00,144.31999999999925,144.51999999999924,144.31999999999925,144.42999999999927,412
2026-08-05T16:30:00+00:00,144.42999999999927,144.53999999999925,144.35999999999925,144.40999999999926,393
2026-08-05T16:35:00+00:00,144.40999999999926,144.44999999999925,144.29999999999924,144.34999999999926,359
2026-08-05T16:40:00+00:00,144.34999999999926,144.47999999999925,144.27999999999926,144.37999999999926,290
2026-08-05T16:45:00+00:00,144.37999999999926,144.41999999999925,144.27999999999926,144.30999999999926,280
2026-08-05T16:50:00+00:00,144.30999999999926,144.48999999999924,144.26999999999924,144.43999999999926,341
2026-08-05T16:55:00+00:00,144.43999999999926,144.60999999999925,144.38999999999925,144.51999999999924,311
2026-08-05T17:00:00+00:00,144.51999999999924,144.57999999999925,144.33999999999926,144.34999999999926,326
2026-08-05T17:05:00+00:00,144.34999999999926,144.47999999999925,144.32999999999925,144.37999999999926,400
2026-08-05T17:10:00+00:00,144.37999999999926,144.50999999999925,144.34999999999926,144.42999999999927,347
2026-08-05T17:15:00+00:00,144.42999999999927,144.55999999999926,144.38999999999925,144.49999999999926,350
2026-08-05T17:20:00+00:00,144.49999999999926,144.51999999999924,144.37999999999926,144.45999999999924,392
2026-08-05T17:25:00+00:00,144.45999999999924,144.51999999999924,144.39999999999927,144.43999999999926,331
2026-08-05T17:30:00+00:00,144.43999999999926,144.58999999999926,144.33999999999926,144.46999999999926,339
2026-08-05T17:35:00+00:00,144.46999999999926,144.72999999999925,144.45999999999924,144.71999999999926,324
2026-08-05T17:40:00+00:00,144.71999999999926,144.79999999999924,144.59999999999926,144.61999999999927,314
2026-08-05T17:45:00+00:00,144.61999999999927,144.68999999999926,144.50999999999925,144.64999999999927,222
2026-08-05T17:50:00+00:00,144.64999999999927,144.67999999999927,144.51999999999924,144.55999999999926,210
2026-08-05T17:55:00+00:00,144.55999999999926,144.60999999999925,144.34999999999926,144.38999999999925,302
2026-08-05T18:00:00+00:00,144.38999999999925,144.41999999999925,144.26999999999924,144.34999999999926,246
2026-08-05T18:05:00+00:00,144.34999999999926,144.39999999999927,144.28999999999925,144.34999999999926,252
2026-08-05T18:10:00+00:00,144.34999999999926,144.39999999999927,144.09999999999926,144.13999999999925,250
2026-08-05T18:15:00+00:00,144.13999999999925,144.28999999999925,144.09999999999926,144.20999999999924,277
2026-08-05T18:20:00+00:00,144.20999999999924,144.23999999999924,144.08999999999926,144.14999999999927,239
2026-08-05T18:25:00+00:00,144.14999999999927,144.22999999999925,144.10999999999925,144.15999999999926,264
2026-08-05T18:30:00+00:00,144.15999999999926,144.17999999999927,144.05999999999926,144.05999999999926,327
2026-08-05T18:35:00+00:00,144.05999999999926,144.18999999999926,144.02999999999926,144.09999999999926,302
2026-08-05T18:40:00+00:00,144.09999999999926,144.19999999999925,144.02999999999926,144.13999999999925,268
2026-08-05T18:45:00+00:00,144.13999999999925,144.33999999999926,144.13999999999925,144.32999999999925,232
2026-08-05T18:50:00+00:00,144.32999999999925,144.37999999999926,144.12999999999926,144.22999999999925,346
2026-08-05T18:55:00+00:00,144.22999999999925,144.25999999999925,144.09999999999926,144.11999999999927,273
2026-08-05T19:00:00+00:00,144.11999999999927,144.31999999999925,144.08999999999926,144.19999999999925,352
2026-08-05T19:05:00+00:00,144.19999999999925,144.26999999999924,144.10999999999925,144.23999999999924,329
2026-08-05T19:10:00+00:00,144.23999999999924,144.23999999999924,144.10999999999925,144.15999999999926,223
2026-08-05T19:15:00+00:00,144.15999999999926,144.17999999999927,144.06999999999925,144.09999999999926,226
2026-08-05T19:20:00+00:00,144.09999999999926,144.13999999999925,143.89999999999927,144.07999999999925,349
2026-08-05T19:25:00+00:00,144.07999999999925,144.10999999999925,143.97999999999925,144.03999999999925,213
2026-08-05T19:30:00+00:00,144.03999999999925,144.16999999999925,143.96999999999926,144.05999999999926,342
2026-08-05T19:35:00+00:00,144.05999999999926,144.09999999999926,143.94999999999925,144.01999999999924,275
2026-08-05T19:40:00+00:00,144.01999999999924,144.10999999999925,143.80999999999926,143.81999999999925,300
2026-08-05T19:45:00+00:00,143.81999999999925,143.90999999999926,143.67999999999927,143.86999999999927,350
2026-08-05T19:50:00+00:00,143.86999999999927,143.90999999999926,143.71999999999926,143.79999999999924,456
2026-08-05T19:55:00+00:00,143.79999999999924,143.80999999999926,143.46999999999926,143.69999999999925,857
2026-08-06T13:30:00+00:00,143.69999999999925,144.39999999999924,142.27999999999923,143.12999999999926,229
2026-08-06T13:35:00+00:00,143.12999999999926,143.24999999999926,142.51999999999924,142.93999999999926,411
2026-08-06T13:40:00+00:00,142.93999999999926,143.58999999999924,142.71999999999926,143.33999999999924,598
2026-08-06T13:45:00+00:00,143.33999999999924,143.33999999999924,142.63999999999925,142.64999999999924,616
2026-08-06T13:50:00+00:00,142.64999999999924,142.80999999999923,142.03999999999925,142.20999999999924,676
2026-08-06T13:55:00+00:00,142.20999999999924,142.37999999999926,142.05999999999923,142.26999999999924,516
2026-08-06T14:00:00+00:00,142.26999999999924,142.55999999999923,142.19999999999925,142.52999999999923,694
2026-08-06T14:05:00+00:00,142.52999999999923,142.57999999999925,142.24999999999926,142.40999999999926,571
2026-08-06T14:10:00+00:00,142.40999999999926,142.98999999999924,142.38999999999925,142.91999999999925,615
2026-08-06T14:15:00+00:00,142.91999999999925,142.94999999999925,142.43999999999926,142.57999999999925,681
2026-08-06T14:20:00+00:00,142.57999999999925,142.61999999999924,142.36999999999924,142.51999999999924,474
2026-08-06T14:25:00+00:00,142.51999999999924,142.54999999999924,142.01999999999924,142.10999999999925,696
2026-08-06T14:30:00+00:00,142.10999999999925,142.33999999999924,142.02999999999923,142.04999999999924,643
2026-08-06T14:35:00+00:00,142.04999999999924,142.12999999999926,141.65999999999926,141.67999999999924,637
2026-08-06T14:40:00+00:00,141.67999999999924,141.87999999999926,141.53999999999925,141.53999999999925,579
2026-08-06T14:45:00+00:00,141.53999999999925,141.57999999999925,141.12999999999926,141.19999999999925,745
2026-08-06T14:50:00+00:00,141.19999999999925,141.33999999999924,141.08999999999924,141.33999999999924,543
2026-08-06T14:55:00+00:00,141.33999999999924,141.34999999999926,141.04999999999924,141.12999999999926,547
2026-08-06T15:00:00+00:00,141.12999999999926,141.30999999999923,141.02999999999923,141.09999999999926,732
2026-08-06T15:05:00+00:00,141.09999999999926,141.41999999999925,141.01999999999924,141.18999999999926,558
2026-08-06T15:10:00+00:00,141.18999999999926,141.21999999999926,140.76999999999924,140.76999999999924,610
2026-08-06T15:15:00+00:00,140.76999999999924,140.92999999999924,140.71999999999926,140.72999999999925,634
2026-08-06T15:20:00+00:00,140.72999999999925,140.89999999999924,140.64999999999924,140.69999999999925,639
2026-08-06T15:25:00+00:00,140.69999999999925,140.78999999999925,140.64999999999924,140.71999999999926,664
2026-08-06T15:30:00+00:00,140.71999999999926,140.78999999999925,140.62999999999926,140.65999999999926,517
2026-08-06T15:35:00+00:00,140.65999999999926,140.87999999999926,140.61999999999924,140.81999999999925,466
2026-08-06T15:40:00+00:00,140.81999999999925,140.89999999999924,140.62999999999926,140.68999999999926,446
2026-08-06T15:45:00+00:00,140.68999999999926,140.88999999999925,140.66999999999925,140.76999999999924,341
2026-08-06T15:50:00+00:00,140.76999999999924,140.96999999999926,140.71999999999926,140.72999999999925,629
2026-08-06T15:55:00+00:00,140.72999999999925,140.85999999999925,140.66999999999925,140.75999999999925,593
2026-08-06T16:00:00+00:00,140.75999999999925,140.76999999999924,140.57999999999925,140.69999999999925,671
2026-08-06T16:05:00+00:00,140.69999999999925,141.01999999999924,140.69999999999925,140.98999999999924,528
2026-08-06T16:10:00+00:00,140.98999999999924,141.10999999999925,140.67999999999924,140.77999999999923,470
2026-08-06T16:15:00+00:00,140.77999999999923,140.98999999999924,140.62999999999926,140.96999999999926,541
2026-08-06T16:20:00+00:00,140.96999999999926,141.04999999999924,140.80999999999923,141.03999999999925,591
2026-08-06T16:25:00+00:00,141.03999999999925,141.57999999999925,140.95999999999924,141.50999999999925,564
2026-08-06T16:30:00+00:00,141.50999999999925,141.71999999999926,141.45999999999924,141.60999999999925,579
2026-08-06T16:35:00+00:00,141.60999999999925,141.68999999999926,141.48999999999924,141.67999999999924,488
2026-08-06T16:40:00+00:00,141.67999999999924,141.70999999999924,141.45999999999924,141.63999999999925,480
2026-08-06T16:45:00+00:00,141.63999999999925,141.73999999999924,141.51999999999924,141.57999999999925,396
2026-08-06T16:50:00+00:00,141.57999999999925,141.66999999999925,141.49999999999926,141.51999999999924,418
2026-08-06T16:55:00+00:00,141.51999999999924,141.66999999999925,141.43999999999926,141.55999999999923,467
2026-08-06T17:00:00+00:00,141.55999999999923,141.55999999999923,141.37999999999926,141.47999999999925,354
2026-08-06T17:05:00+00:00,141.47999999999925,141.53999999999925,141.18999999999926,141.23999999999924,421
2026-08-06T17:10:00+00:00,141.23999999999924,141.40999999999926,141.18999999999926,141.20999999999924,343
2026-08-06T17:15:00+00:00,141.20999999999924,141.25999999999925,141.08999999999924,141.14999999999924,364
2026-08-06T17:20:00+00:00,141.14999999999924,141.18999999999926,140.78999999999925,140.82999999999925,486
2026-08-06T17:25:00+00:00,140.82999999999925,140.92999999999924,140.58999999999924,140.64999999999924,343
2026-08-06T17:30:00+00:00,140.64999999999924,140.86999999999924,140.51999999999924,140.79999999999924,514
2026-08-06T17:35:00+00:00,140.79999999999924,140.99999999999926,140.73999999999924,140.93999999999926,454
2026-08-06T17:40:00+00:00,140.93999999999926,140.98999999999924,140.80999999999923,140.89999999999924,359
2026-08-06T17:45:00+00:00,140.89999999999924,141.05999999999923,140.87999999999926,140.97999999999925,304
2026-08-06T17:50:00+00:00,140.97999999999925,141.15999999999926,140.92999999999924,141.07999999999925,376
2026-08-06T17:55:00+00:00,141.07999999999925,141.17999999999924,141.03999999999925,141.14999999999924,314
2026-08-06T18:00:00+00:00,141.14999999999924,141.19999999999925,141.06999999999925,141.09999999999926,332
2026-08-06T18:05:00+00:00,141.09999999999926,141.09999999999926,140.96999999999926,140.99999999999926,282
2026-08-06T18:10:00+00:00,140.99999999999926,141.06999999999925,140.89999999999924,140.98999999999924,264
2026-08-06T18:15:00+00:00,140.98999999999924,141.19999999999925,140.93999999999926,141.05999999999923,546
2026-08-06T18:20:00+00:00,141.05999999999923,141.11999999999924,140.98999999999924,141.06999999999925,342
2026-08-06T18:25:00+00:00,141.06999999999925,141.10999999999925,140.93999999999926,140.96999999999926,319
2026-08-06T18:30:00+00:00,140.96999999999926,140.98999999999924,140.89999999999924,140.98999999999924,202
2026-08-06T18:35:00+00:00,140.98999999999924,141.00999999999925,140.90999999999926,140.93999999999926,196
2026-08-06T18:40:00+00:00,140.93999999999926,141.03999999999925,140.85999999999925,140.92999999999924,256
2026-08-06T18:45:00+00:00,140.92999999999924,141.03999999999925,140.89999999999924,140.97999999999925,249
2026-08-06T18:50:00+00:00,140.97999999999925,141.03999999999925,140.93999999999926,141.01999999999924,208
2026-08-06T18:55:00+00:00,141.01999999999924,141.09999999999926,140.99999999999926,141.00999999999925,206
2026-08-06T19:00:00+00:00,141.00999999999925,141.12999999999926,140.97999999999925,141.04999999999924,258
2026-08-06T19:05:00+00:00,141.04999999999924,141.12999999999926,140.96999999999926,141.11999999999924,255
2026-08-06T19:10:00+00:00,141.11999999999924,141.26999999999924,141.04999999999924,141.16999999999925,348
2026-08-06T19:15:00+00:00,141.16999999999925,141.24999999999926,141.04999999999924,141.16999999999925,364
2026-08-06T19:20:00+00:00,141.16999999999925,141.21999999999926,140.85999999999925,140.87999999999926,334
2026-08-06T19:25:00+00:00,140.87999999999926,140.87999999999926,140.65999999999926,140.66999999999925,376
2026-08-06T19:30:00+00:00,140.66999999999925,140.70999999999924,140.41999999999925,140.59999999999926,437
2026-08-06T19:35:00+00:00,140.59999999999926,140.67999999999924,140.56999999999925,140.59999999999926,280
2026-08-06T19:40:00+00:00,140.59999999999926,140.59999999999926,139.81999999999925,139.86999999999924,488
2026-08-06T19:45:00+00:00,139.86999999999924,140.08999999999924,139.81999999999925,140.06999999999925,663
2026-08-06T19:50:00+00:00,140.06999999999925,140.11999999999924,139.80999999999923,139.92999999999924,666
2026-08-06T19:55:00+00:00,139.92999999999924,139.96999999999926,139.67999999999924,139.80999999999923,888
2026-08-07T13:30:00+00:00,139.80999999999923,139.80999999999923,138.41999999999925,139.34999999999926,118
2026-08-07T13:35:00+00:00,139.34999999999926,140.08999999999924,139.01999999999924,139.93999999999926,144
2026-08-07T13:40:00+00:00,139.93999999999926,140.38999999999925,139.76999999999924,140.19999999999925,122
2026-08-07T13:45:00+00:00,140.19999999999925,140.22999999999925,139.76999999999924,140.15999999999926,145
2026-08-07T13:50:00+00:00,140.15999999999926,140.24999999999926,139.90999999999926,140.06999999999925,237
2026-08-07T13:55:00+00:00,140.06999999999925,140.06999999999925,139.79999999999924,139.93999999999926,215
2026-08-07T14:00:00+00:00,139.93999999999926,140.01999999999924,139.58999999999924,139.59999999999926,213
2026-08-07T14:05:00+00:00,139.59999999999926,139.94999999999925,139.55999999999923,139.75999999999925,268
2026-08-07T14:10:00+00:00,139.75999999999925,139.75999999999925,139.47999999999925,139.58999999999924,309
2026-08-07T14:15:00+00:00,139.58999999999924,140.28999999999925,139.58999999999924,140.18999999999926,275
2026-08-07T14:20:00+00:00,140.18999999999926,140.40999999999926,140.09999999999926,140.38999999999925,213
2026-08-07T14:25:00+00:00,140.38999999999925,140.60999999999925,140.36999999999924,140.47999999999925,230
2026-08-07T14:30:00+00:00,140.47999999999925,140.47999999999925,140.17999999999924,140.30999999999923,256
2026-08-07T14:35:00+00:00,140.30999999999923,140.49999999999926,140.26999999999924,140.40999999999926,241
2026-08-07T14:40:00+00:00,140.40999999999926,140.42999999999924,140.20999999999924,140.27999999999923,193
2026-08-07T14:45:00+00:00,140.27999999999923,140.55999999999923,140.26999999999924,140.54999999999924,230
2026-08-07T14:50:00+00:00,140.54999999999924,140.54999999999924,140.27999999999923,140.45999999999924,185
2026-08-07T14:55:00+00:00,140.45999999999924,140.64999999999924,140.42999999999924,140.54999999999924,218
2026-08-07T15:00:00+00:00,140.54999999999924,140.67999999999924,140.46999999999926,140.53999999999925,175
2026-08-07T15:05:00+00:00,140.53999999999925,140.70999999999924,140.52999999999923,140.70999999999924,200
2026-08-07T15:10:00+00:00,140.70999999999924,140.74999999999926,140.57999999999925,140.60999999999925,179
2026-08-07T15:15:00+00:00,140.60999999999925,140.68999999999926,140.53999999999925,140.56999999999925,194
2026-08-07T15:20:00+00:00,140.56999999999925,140.69999999999925,140.55999999999923,140.64999999999924,204
2026-08-07T15:25:00+00:00,140.64999999999924,140.68999999999926,140.54999999999924,140.59999999999926,145
2026-08-07T15:30:00+00:00,140.59999999999926,140.61999999999924,140.42999999999924,140.50999999999925,181
2026-08-07T15:35:00+00:00,140.50999999999925,140.52999999999923,140.37999999999926,140.47999999999925,134
2026-08-07T15:40:00+00:00,140.47999999999925,140.52999999999923,140.34999999999926,140.44999999999925,171
2026-08-07T15:45:00+00:00,140.44999999999925,140.75999999999925,140.43999999999926,140.69999999999925,165
2026-08-07T15:50:00+00:00,140.69999999999925,140.74999999999926,140.39999999999924,140.46999999999926,215
2026-08-07T15:55:00+00:00,140.46999999999926,140.49999999999926,140.37999999999926,140.39999999999924,109
2026-08-07T16:00:00+00:00,140.39999999999924,140.44999999999925,140.32999999999925,140.39999999999924,126
2026-08-07T16:05:00+00:00,140.39999999999924,140.51999999999924,140.32999999999925,140.32999999999925,151
2026-08-07T16:10:00+00:00,140.32999999999925,140.38999999999925,140.17999999999924,140.23999999999924,170
2026-08-07T16:15:00+00:00,140.23999999999924,140.30999999999923,140.21999999999926,140.25999999999925,152
2026-08-07T16:20:00+00:00,140.25999999999925,140.28999999999925,140.05999999999923,140.06999999999925,192
2026-08-07T16:25:00+00:00,140.06999999999925,140.13999999999925,139.99999999999926,140.07999999999925,300
2026-08-07T16:30:00+00:00,140.07999999999925,140.14999999999924,140.00999999999925,140.10999999999925,202
2026-08-07T16:35:00+00:00,140.10999999999925,140.35999999999925,140.10999999999925,140.35999999999925,172
2026-08-07T16:40:00+00:00,140.35999999999925,140.49999999999926,140.33999999999924,140.44999999999925,156
2026-08-07T16:45:00+00:00,140.44999999999925,140.50999999999925,140.41999999999925,140.46999999999926,118
2026-08-07T16:50:00+00:00,140.46999999999926,140.51999999999924,140.39999999999924,140.46999999999926,127
2026-08-07T16:55:00+00:00,140.46999999999926,140.56999999999925,140.44999999999925,140.49999999999926,132
2026-08-07T17:00:00+00:00,140.49999999999926,140.66999999999925,140.49999999999926,140.59999999999926,115
2026-08-07T17:05:00+00:00,140.59999999999926,140.66999999999925,140.56999999999925,140.63999999999925,98
2026-08-07T17:10:00+00:00,140.63999999999925,140.71999999999926,140.47999999999925,140.54999999999924,146
2026-08-07T17:15:00+00:00,140.54999999999924,140.65999999999926,140.51999999999924,140.61999999999924,100
2026-08-07T17:20:00+00:00,140.61999999999924,140.65999999999926,140.56999999999925,140.61999999999924,79
2026-08-07T17:25:00+00:00,140.61999999999924,140.62999999999926,140.57999999999925,140.59999999999926,99
2026-08-07T17:30:00+00:00,140.59999999999926,140.64999999999924,140.52999999999923,140.54999999999924,155
2026-08-07T17:35:00+00:00,140.54999999999924,140.61999999999924,140.50999999999925,140.54999999999924,85
2026-08-07T17:40:00+00:00,140.54999999999924,140.59999999999926,140.50999999999925,140.55999999999923,99
2026-08-07T17:45:00+00:00,140.55999999999923,140.62999999999926,140.55999999999923,140.61999999999924,85
2026-08-07T17:50:00+00:00,140.61999999999924,140.63999999999925,140.55999999999923,140.60999999999925,124
2026-08-07T17:55:00+00:00,140.60999999999925,140.62999999999926,140.52999999999923,140.52999999999923,93
2026-08-07T18:00:00+00:00,140.52999999999923,140.57999999999925,140.44999999999925,140.46999999999926,125
2026-08-07T18:05:00+00:00,140.46999999999926,140.62999999999926,140.38999999999925,140.59999999999926,119
2026-08-07T18:10:00+00:00,140.59999999999926,140.64999999999924,140.54999999999924,140.55999999999923,112
2026-08-07T18:15:00+00:00,140.55999999999923,140.78999999999925,140.54999999999924,140.76999999999924,123
2026-08-07T18:20:00+00:00,140.76999999999924,140.77999999999923,140.65999999999926,140.70999999999924,128
2026-08-07T18:25:00+00:00,140.70999999999924,140.73999999999924,140.65999999999926,140.69999999999925,112
2026-08-07T18:30:00+00:00,140.69999999999925,140.83999999999924,140.69999999999925,140.77999999999923,120
2026-08-07T18:35:00+00:00,140.77999999999923,140.81999999999925,140.74999999999926,140.80999999999923,106
2026-08-07T18:40:00+00:00,140.80999999999923,140.85999999999925,140.76999999999924,140.80999999999923,88
2026-08-07T18:45:00+00:00,140.80999999999923,140.90999999999926,140.76999999999924,140.88999999999925,127
2026-08-07T18:50:00+00:00,140.88999999999925,140.95999999999924,140.86999999999924,140.88999999999925,122
2026-08-07T18:55:00+00:00,140.88999999999925,140.92999999999924,140.84999999999926,140.87999999999926,107
2026-08-07T19:00:00+00:00,140.87999999999926,141.03999999999925,140.87999999999926,140.94999999999925,159
2026-08-07T19:05:00+00:00,140.94999999999925,141.02999999999923,140.91999999999925,141.00999999999925,116
2026-08-07T19:10:00+00:00,141.00999999999925,141.17999999999924,140.98999999999924,141.14999999999924,167
2026-08-07T19:15:00+00:00,141.14999999999924,141.24999999999926,141.02999999999923,141.06999999999925,142
2026-08-07T19:20:00+00:00,141.06999999999925,141.17999999999924,141.04999999999924,141.06999999999925,141
2026-08-07T19:25:00+00:00,141.06999999999925,141.17999999999924,141.03999999999925,141.07999999999925,141
2026-08-07T19:30:00+00:00,141.07999999999925,141.07999999999925,140.92999999999924,140.96999999999926,229
2026-08-07T19:35:00+00:00,140.96999999999926,141.04999999999924,140.90999999999926,140.95999999999924,176
2026-08-07T19:40:00+00:00,140.95999999999924,140.98999999999924,140.85999999999925,140.86999999999924,197
2026-08-07T19:45:00+00:00,140.86999999999924,141.02999999999923,140.86999999999924,140.96999999999926,197
2026-08-07T19:50:00+00:00,140.96999999999926,141.04999999999924,140.77999999999923,140.79999999999924,304
2026-08-07T19:55:00+00:00,140.79999999999924,141.04999999999924,140.68999999999926,141.00999999999925,406
2026-08-10T13:30:00+00:00,141.00999999999925,141.79999999999924,140.07999999999925,140.86999999999924,126
2026-08-10T13:35:00+00:00,140.86999999999924,141.85999999999925,140.86999999999924,141.35999999999925,182
2026-08-10T13:40:00+00:00,141.35999999999925,141.76999999999924,141.07999999999925,141.43999999999926,153
2026-08-10T13:45:00+00:00,141.43999999999926,141.73999999999924,141.17999999999924,141.69999999999925,205
2026-08-10T13:50:00+00:00,141.69999999999925,141.84999999999926,141.44999999999925,141.68999999999926,252
2026-08-10T13:55:00+00:00,141.68999999999926,141.80999999999923,141.37999999999926,141.38999999999925,270
2026-08-10T14:00:00+00:00,141.38999999999925,141.80999999999923,141.36999999999924,141.49999999999926,241
2026-08-10T14:05:00+00:00,141.49999999999926,141.56999999999925,141.02999999999923,141.04999999999924,221
2026-08-10T14:10:00+00:00,141.04999999999924,141.41999999999925,141.04999999999924,141.22999999999925,170
2026-08-10T14:15:00+00:00,141.22999999999925,141.29999999999924,141.10999999999925,141.19999999999925,170
2026-08-10T14:20:00+00:00,141.19999999999925,141.24999999999926,140.93999999999926,141.03999999999925,174
2026-08-10T14:25:00+00:00,141.03999999999925,141.19999999999925,141.01999999999924,141.03999999999925,131
2026-08-10T14:30:00+00:00,141.03999999999925,141.12999999999926,140.90999999999926,140.90999999999926,148
2026-08-10T14:35:00+00:00,140.90999999999926,141.11999999999924,140.90999999999926,140.95999999999924,147
2026-08-10T14:40:00+00:00,140.95999999999924,141.14999999999924,140.93999999999926,141.00999999999925,152
2026-08-10T14:45:00+00:00,141.00999999999925,141.51999999999924,141.00999999999925,141.44999999999925,169
2026-08-10T14:50:00+00:00,141.44999999999925,141.60999999999925,141.32999999999925,141.50999999999925,168
2026-08-10T14:55:00+00:00,141.50999999999925,141.57999999999925,141.33999999999924,141.33999999999924,218
2026-08-10T15:00:00+00:00,141.33999999999924,141.52999999999923,141.29999999999924,141.44999999999925,232
2026-08-10T15:05:00+00:00,141.44999999999925,141.89999999999924,141.44999999999925,141.84999999999926,259
2026-08-10T15:10:00+00:00,141.84999999999926,142.05999999999923,141.77999999999923,142.00999999999925,272
2026-08-10T15:15:00+00:00,142.00999999999925,142.11999999999924,141.82999999999925,141.92999999999924,244
2026-08-10T15:20:00+00:00,141.92999999999924,142.05999999999923,141.86999999999924,141.90999999999926,180
2026-08-10T15:25:00+00:00,141.90999999999926,141.93999999999926,141.76999999999924,141.80999999999923,152
2026-08-10T15:30:00+00:00,141.80999999999923,141.98999999999924,141.77999999999923,141.77999999999923,441
2026-08-10T15:35:00+00:00,141.77999999999923,141.80999999999923,141.49999999999926,141.54999999999924,185
2026-08-10T15:40:00+00:00,141.54999999999924,141.70999999999924,141.39999999999924,141.43999999999926,146
2026-08-10T15:45:00+00:00,141.43999999999926,141.71999999999926,141.43999999999926,141.57999999999925,183
2026-08-10T15:50:00+00:00,141.57999999999925,141.74999999999926,141.55999999999923,141.69999999999925,114
2026-08-10T15:55:00+00:00,141.69999999999925,141.85999999999925,141.63999999999925,141.80999999999923,197
2026-08-10T16:00:00+00:00,141.80999999999923,141.83999999999924,141.47999999999925,141.48999999999924,172
2026-08-10T16:05:00+00:00,141.48999999999924,141.70999999999924,141.48999999999924,141.64999999999924,139
2026-08-10T16:10:00+00:00,141.64999999999924,141.67999999999924,141.43999999999926,141.43999999999926,122
2026-08-10T16:15:00+00:00,141.43999999999926,141.43999999999926,141.23999999999924,141.27999999999923,123
2026-08-10T16:20:00+00:00,141.27999999999923,141.42999999999924,141.13999999999925,141.42999999999924,159
2026-08-10T16:25:00+00:00,141.42999999999924,141.52999999999923,141.35999999999925,141.51999999999924,103
2026-08-10T16:30:00+00:00,141.51999999999924,141.65999999999926,141.25999999999925,141.45999999999924,265
2026-08-10T16:35:00+00:00,141.45999999999924,141.62999999999926,141.38999999999925,141.55999999999923,194
2026-08-10T16:40:00+00:00,141.55999999999923,141.64999999999924,141.38999999999925,141.41999999999925,149
2026-08-10T16:45:00+00:00,141.41999999999925,141.56999999999925,141.31999999999925,141.49999999999926,149
2026-08-10T16:50:00+00:00,141.49999999999926,141.54999999999924,141.19999999999925,141.27999999999923,165
2026-08-10T16:55:00+00:00,141.27999999999923,141.32999999999925,141.11999999999924,141.13999999999925,125
2026-08-10T17:00:00+00:00,141.13999999999925,141.15999999999926,141.05999999999923,141.09999999999926,126
2026-08-10T17:05:00+00:00,141.09999999999926,141.13999999999925,141.01999999999924,141.11999999999924,149
2026-08-10T17:10:00+00:00,141.11999999999924,141.13999999999925,141.01999999999924,141.02999999999923,97
2026-08-10T17:15:00+00:00,141.02999999999923,141.07999999999925,140.96999999999926,141.02999999999923,211
2026-08-10T17:20:00+00:00,141.02999999999923,141.03999999999925,140.90999999999926,140.98999999999924,127
2026-08-10T17:25:00+00:00,140.98999999999924,141.08999999999924,140.97999999999925,141.04999999999924,95
2026-08-10T17:30:00+00:00,141.04999999999924,141.12999999999926,140.95999999999924,141.07999999999925,129
2026-08-10T17:35:00+00:00,141.07999999999925,141.29999999999924,141.03999999999925,141.29999999999924,144
2026-08-10T17:40:00+00:00,141.29999999999924,141.52999999999923,141.26999999999924,141.49999999999926,145
2026-08-10T17:45:00+00:00,141.49999999999926,141.58999999999924,141.45999999999924,141.53999999999925,136
2026-08-10T17:50:00+00:00,141.53999999999925,141.58999999999924,141.43999999999926,141.43999999999926,132
2026-08-10T17:55:00+00:00,141.43999999999926,141.47999999999925,141.30999999999923,141.40999999999926,177
2026-08-10T18:00:00+00:00,141.40999999999926,141.45999999999924,141.32999999999925,141.41999999999925,137
2026-08-10T18:05:00+00:00,141.41999999999925,141.51999999999924,141.38999999999925,141.39999999999924,125
2026-08-10T18:10:00+00:00,141.39999999999924,141.47999999999925,141.29999999999924,141.31999999999925,129
2026-08-10T18:15:00+00:00,141.31999999999925,141.47999999999925,141.29999999999924,141.35999999999925,95
2026-08-10T18:20:00+00:00,141.35999999999925,141.44999999999925,141.33999999999924,141.44999999999925,75
2026-08-10T18:25:00+00:00,141.44999999999925,141.56999999999925,141.39999999999924,141.46999999999926,113
2026-08-10T18:30:00+00:00,141.46999999999926,141.50999999999925,141.39999999999924,141.42999999999924,110
2026-08-10T18:35:00+00:00,141.42999999999924,141.56999999999925,141.42999999999924,141.53999999999925,104
2026-08-10T18:40:00+00:00,141.53999999999925,141.64999999999924,141.50999999999925,141.57999999999925,98
2026-08-10T18:45:00+00:00,141.57999999999925,141.72999999999925,141.53999999999925,141.58999999999924,81
2026-08-10T18:50:00+00:00,141.58999999999924,141.77999999999923,141.58999999999924,141.72999999999925,110
2026-08-10T18:55:00+00:00,141.72999999999925,141.77999999999923,141.67999999999924,141.67999999999924,98
2026-08-10T19:00:00+00:00,141.67999999999924,141.73999999999924,141.56999999999925,141.61999999999924,123
2026-08-10T19:05:00+00:00,141.61999999999924,141.71999999999926,141.57999999999925,141.62999999999926,112
2026-08-10T19:10:00+00:00,141.62999999999926,141.64999999999924,141.43999999999926,141.46999999999926,126
2026-08-10T19:15:00+00:00,141.46999999999926,141.50999999999925,141.39999999999924,141.45999999999924,176
2026-08-10T19:20:00+00:00,141.45999999999924,141.49999999999926,141.36999999999924,141.42999999999924,183
2026-08-10T19:25:00+00:00,141.42999999999924,141.46999999999926,141.34999999999926,141.37999999999926,128
2026-08-10T19:30:00+00:00,141.37999999999926,141.46999999999926,141.29999999999924,141.44999999999925,165
2026-08-10T19:35:00+00:00,141.44999999999925,141.47999999999925,141.32999999999925,141.40999999999926,184
2026-08-10T19:40:00+00:00,141.40999999999926,141.46999999999926,141.34999999999926,141.38999999999925,172
2026-08-10T19:45:00+00:00,141.38999999999925,141.51999999999924,141.33999999999924,141.43999999999926,215
2026-08-10T19:50:00+00:00,141.43999999999926,141.51999999999924,141.28999999999925,141.41999999999925,418
2026-08-10T19:55:00+00:00,141.41999999999925,141.50999999999925,141.08999999999924,141.28999999999925,775
2026-08-11T13:30:00+00:00,141.28999999999925,142.55999999999923,141.23999999999924,142.33999999999924,170
2026-08-11T13:35:00+00:00,142.33999999999924,142.78999999999925,141.76999999999924,141.98999999999924,161
2026-08-11T13:40:00+00:00,141.98999999999924,142.65999999999926,141.77999999999923,142.52999999999923,130
2026-08-11T13:45:00+00:00,142.52999999999923,143.10999999999925,142.32999999999925,142.82999999999925,179
2026-08-11T13:50:00+00:00,142.82999999999925,143.12999999999926,142.50999999999925,143.12999999999926,309
2026-08-11T13:55:00+00:00,143.12999999999926,143.14999999999924,142.75999999999925,142.75999999999925,259
2026-08-11T14:00:00+00:00,142.75999999999925,142.95999999999924,142.53999999999925,142.55999999999923,188
2026-08-11T14:05:00+00:00,142.55999999999923,142.56999999999925,141.94999999999925,141.98999999999924,237
2026-08-11T14:10:00+00:00,141.98999999999924,142.06999999999925,141.57999999999925,141.78999999999925,209
2026-08-11T14:15:00+00:00,141.78999999999925,141.90999999999926,141.60999999999925,141.64999999999924,195
2026-08-11T14:20:00+00:00,141.64999999999924,141.83999999999924,141.48999999999924,141.77999999999923,214
2026-08-11T14:25:00+00:00,141.77999999999923,142.01999999999924,141.66999999999925,141.96999999999926,187
2026-08-11T14:30:00+00:00,141.96999999999926,142.01999999999924,141.59999999999926,141.59999999999926,169
2026-08-11T14:35:00+00:00,141.59999999999926,141.83999999999924,141.48999999999924,141.51999999999924,188
2026-08-11T14:40:00+00:00,141.51999999999924,141.59999999999926,141.43999999999926,141.54999999999924,172
2026-08-11T14:45:00+00:00,141.54999999999924,141.98999999999924,141.54999999999924,141.91999999999925,183
2026-08-11T14:50:00+00:00,141.91999999999925,141.97999999999925,141.81999999999925,141.91999999999925,196
2026-08-11T14:55:00+00:00,141.91999999999925,142.10999999999925,141.82999999999925,141.98999999999924,167
2026-08-11T15:00:00+00:00,141.98999999999924,142.13999999999925,141.98999999999924,142.08999999999924,205
2026-08-11T15:05:00+00:00,142.08999999999924,142.15999999999926,142.00999999999925,142.07999999999925,183
2026-08-11T15:10:00+00:00,142.07999999999925,142.27999999999923,141.97999999999925,142.19999999999925,246
2026-08-11T15:15:00+00:00,142.19999999999925,142.22999999999925,141.94999999999925,141.96999999999926,181
2026-08-11T15:20:00+00:00,141.96999999999926,142.21999999999926,141.93999999999926,142.16999999999925,188
2026-08-11T15:25:00+00:00,142.16999999999925,142.26999999999924,142.14999999999924,142.19999999999925,173
2026-08-11T15:30:00+00:00,142.19999999999925,142.27999999999923,142.09999999999926,142.12999999999926,210
2026-08-11T15:35:00+00:00,142.12999999999926,142.20999999999924,141.95999999999924,141.98999999999924,181
2026-08-11T15:40:00+00:00,141.98999999999924,142.13999999999925,141.96999999999926,141.98999999999924,195
2026-08-11T15:45:00+00:00,141.98999999999924,142.09999999999926,141.89999999999924,142.04999999999924,188
2026-08-11T15:50:00+00:00,142.04999999999924,142.08999999999924,141.83999999999924,141.91999999999925,211
2026-08-11T15:55:00+00:00,141.91999999999925,142.05999999999923,141.87999999999926,141.99999999999926,169
2026-08-11T16:00:00+00:00,141.99999999999926,142.13999999999925,141.87999999999926,141.90999999999926,191
2026-08-11T16:05:00+00:00,141.90999999999926,141.98999999999924,141.82999999999925,141.87999999999926,152
2026-08-11T16:10:00+00:00,141.87999999999926,141.93999999999926,141.73999999999924,141.77999999999923,126
2026-08-11T16:15:00+00:00,141.77999999999923,142.13999999999925,141.75999999999925,142.11999999999924,140
2026-08-11T16:20:00+00:00,142.11999999999924,142.29999999999924,141.98999999999924,142.05999999999923,199
2026-08-11T16:25:00+00:00,142.05999999999923,142.23999999999924,141.98999999999924,142.19999999999925,168
2026-08-11T16:30:00+00:00,142.19999999999925,142.27999999999923,142.10999999999925,142.20999999999924,126
2026-08-11T16:35:00+00:00,142.20999999999924,142.44999999999925,142.17999999999924,142.40999999999926,104
2026-08-11T16:40:00+00:00,142.40999999999926,142.53999999999925,142.34999999999926,142.43999999999926,115
2026-08-11T16:45:00+00:00,142.43999999999926,142.63999999999925,142.38999999999925,142.61999999999924,129
2026-08-11T16:50:00+00:00,142.61999999999924,142.61999999999924,142.50999999999925,142.56999999999925,118
2026-08-11T16:55:00+00:00,142.56999999999925,142.66999999999925,142.55999999999923,142.66999999999925,120
2026-08-11T17:00:00+00:00,142.66999999999925,142.69999999999925,142.52999999999923,142.54999999999924,131
2026-08-11T17:05:00+00:00,142.54999999999924,142.57999999999925,142.45999999999924,142.49999999999926,113
2026-08-11T17:10:00+00:00,142.49999999999926,142.60999999999925,142.46999999999926,142.55999999999923,104
2026-08-11T17:15:00+00:00,142.55999999999923,142.65999999999926,142.45999999999924,142.48999999999924,160
2026-08-11T17:20:00+00:00,142.48999999999924,142.50999999999925,142.26999999999924,142.35999999999925,175
2026-08-11T17:25:00+00:00,142.35999999999925,142.38999999999925,142.18999999999926,142.25999999999925,99
2026-08-11T17:30:00+00:00,142.25999999999925,142.25999999999925,142.05999999999923,142.08999999999924,164
2026-08-11T17:35:00+00:00,142.08999999999924,142.12999999999926,141.99999999999926,142.06999999999925,134
2026-08-11T17:40:00+00:00,142.06999999999925,142.14999999999924,142.03999999999925,142.09999999999926,118
2026-08-11T17:45:00+00:00,142.09999999999926,142.11999999999924,141.99999999999926,142.02999999999923,102
2026-08-11T17:50:00+00:00,142.02999999999923,142.05999999999923,141.91999999999925,141.95999999999924,81
2026-08-11T17:55:00+00:00,141.95999999999924,142.08999999999924,141.94999999999925,142.06999999999925,132
2026-08-11T18:00:00+00:00,142.06999999999925,142.08999999999924,141.90999999999926,141.95999999999924,122
2026-08-11T18:05:00+00:00,141.95999999999924,142.01999999999924,141.87999999999926,141.96999999999926,81
2026-08-11T18:10:00+00:00,141.96999999999926,142.10999999999925,141.94999999999925,142.09999999999926,97
2026-08-11T18:15:00+00:00,142.09999999999926,142.10999999999925,141.94999999999925,141.95999999999924,96
2026-08-11T18:20:00+00:00,141.95999999999924,142.06999999999925,141.93999999999926,142.02999999999923,117
2026-08-11T18:25:00+00:00,142.02999999999923,142.08999999999924,141.91999999999925,141.94999999999925,119
2026-08-11T18:30:00+00:00,141.94999999999925,142.04999999999924,141.90999999999926,141.98999999999924,112
2026-08-11T18:35:00+00:00,141.98999999999924,142.08999999999924,141.96999999999926,142.01999999999924,106
2026-08-11T18:40:00+00:00,142.01999999999924,142.02999999999923,141.81999999999925,141.98999999999924,144
2026-08-11T18:45:00+00:00,141.98999999999924,142.02999999999923,141.89999999999924,141.95999999999924,115
2026-08-11T18:50:00+00:00,141.95999999999924,141.96999999999926,141.77999999999923,141.81999999999925,145
2026-08-11T18:55:00+00:00,141.81999999999925,141.81999999999925,141.65999999999926,141.69999999999925,130
2026-08-11T19:00:00+00:00,141.69999999999925,141.71999999999926,141.57999999999925,141.57999999999925,108
2026-08-11T19:05:00+00:00,141.57999999999925,141.63999999999925,141.37999999999926,141.40999999999926,148
2026-08-11T19:10:00+00:00,141.40999999999926,141.51999999999924,141.37999999999926,141.38999999999925,82
2026-08-11T19:15:00+00:00,141.38999999999925,141.77999999999923,141.35999999999925,141.76999999999924,203
2026-08-11T19:20:00+00:00,141.76999999999924,141.96999999999926,141.73999999999924,141.90999999999926,141
2026-08-11T19:25:00+00:00,141.90999999999926,142.00999999999925,141.81999999999925,141.92999999999924,166
2026-08-11T19:30:00+00:00,141.92999999999924,142.06999999999925,141.91999999999925,142.04999999999924,191
2026-08-11T19:35:00+00:00,142.04999999999924,142.16999999999925,141.89999999999924,141.92999999999924,163
2026-08-11T19:40:00+00:00,141.92999999999924,142.19999999999925,141.91999999999925,142.06999999999925,204
2026-08-11T19:45:00+00:00,142.06999999999925,142.06999999999925,141.90999999999926,141.96999999999926,248
2026-08-11T19:50:00+00:00,141.96999999999926,142.02999999999923,141.74999999999926,141.85999999999925,331
2026-08-11T19:55:00+00:00,141.85999999999925,141.97999999999925,141.46999999999926,141.72999999999925,554
2026-08-12T13:30:00+00:00,141.72999999999925,143.02999999999923,141.72999999999925,142.74999999999926,180
2026-08-12T13:35:00+00:00,142.74999999999926,143.14999999999924,142.59999999999926,143.09999999999926,349
2026-08-12T13:40:00+00:00,143.09999999999926,143.51999999999924,142.95999999999924,143.24999999999926,377
2026-08-12T13:45:00+00:00,143.24999999999926,143.60999999999925,143.24999999999926,143.43999999999926,457
2026-08-12T13:50:00+00:00,143.43999999999926,143.46999999999926,142.94999999999925,143.03999999999925,426
2026-08-12T13:55:00+00:00,143.03999999999925,143.49999999999926,142.95999999999924,143.37999999999926,364
2026-08-12T14:00:00+00:00,143.37999999999926,144.05999999999923,143.37999999999926,143.93999999999926,589
2026-08-12T14:05:00+00:00,143.93999999999926,143.96999999999926,143.37999999999926,143.44999999999925,383
2026-08-12T14:10:00+00:00,143.44999999999925,143.59999999999926,143.08999999999924,143.54999999999924,401
2026-08-12T14:15:00+00:00,143.54999999999924,143.90999999999926,143.41999999999925,143.86999999999924,290
2026-08-12T14:20:00+00:00,143.86999999999924,144.27999999999923,143.58999999999924,144.08999999999924,448
2026-08-12T14:25:00+00:00,144.08999999999924,144.58999999999924,143.95999999999924,144.28999999999925,406
2026-08-12T14:30:00+00:00,144.28999999999925,144.41999999999925,143.80999999999923,143.94999999999925,511
2026-08-12T14:35:00+00:00,143.94999999999925,144.20999999999924,143.83999999999924,144.16999999999925,390
2026-08-12T14:40:00+00:00,144.16999999999925,144.35999999999925,144.11999999999924,144.23999999999924,296
2026-08-12T14:45:00+00:00,144.23999999999924,144.48999999999924,144.12999999999926,144.25999999999925,377
2026-08-12T14:50:00+00:00,144.25999999999925,144.40999999999926,143.89999999999924,143.89999999999924,436
2026-08-12T14:55:00+00:00,143.89999999999924,144.08999999999924,143.89999999999924,143.97999999999925,305.06661462399165
2026-08-12T15:00:00+00:00,143.97999999999925,144.04999999999924,143.84999999999926,143.97999999999925,343
2026-08-12T15:05:00+00:00,143.97999999999925,144.11999999999924,143.85999999999925,143.87999999999926,342
2026-08-12T15:10:00+00:00,143.87999999999926,143.94999999999925,143.57999999999925,143.59999999999926,256
2026-08-12T15:15:00+00:00,143.59999999999926,143.67999999999924,143.50999999999925,143.55999999999923,275
2026-08-12T15:20:00+00:00,143.55999999999923,143.70999999999924,143.45999999999924,143.70999999999924,289
2026-08-12T15:25:00+00:00,143.70999999999924,143.75999999999925,143.64999999999924,143.72999999999925,228
2026-08-12T15:30:00+00:00,143.72999999999925,143.96999999999926,143.70999999999924,143.93999999999926,207
2026-08-12T15:35:00+00:00,143.93999999999926,143.97999999999925,143.80999999999923,143.83999999999924,179
2026-08-12T15:40:00+00:00,143.83999999999924,144.06999999999925,143.80999999999923,144.05999999999923,158
2026-08-12T15:45:00+00:00,144.05999999999923,144.14999999999924,143.98999999999924,144.10999999999925,150
2026-08-12T15:50:00+00:00,144.10999999999925,144.12999999999926,143.86999999999924,143.89999999999924,182
2026-08-12T15:55:00+00:00,143.89999999999924,144.06999999999925,143.84999999999926,144.03999999999925,242
2026-08-12T16:00:00+00:00,144.03999999999925,144.05999999999923,143.85999999999925,143.90999999999926,255
2026-08-12T16:05:00+00:00,143.90999999999926,143.92999999999924,143.58999999999924,143.62999999999926,223
2026-08-12T16:10:00+00:00,143.62999999999926,143.80999999999923,143.56999999999925,143.71999999999926,330
2026-08-12T16:15:00+00:00,143.71999999999926,143.81999999999925,143.68999999999926,143.78999999999925,126
2026-08-12T16:20:00+00:00,143.78999999999925,143.90999999999926,143.73999999999924,143.88999999999925,159
2026-08-12T16:25:00+00:00,143.88999999999925,143.89999999999924,143.69999999999925,143.73999999999924,170
2026-08-12T16:30:00+00:00,143.73999999999924,143.73999999999924,143.56999999999925,143.59999999999926,226
2026-08-12T16:35:00+00:00,143.59999999999926,143.67999999999924,143.48999999999924,143.60999999999925,163
2026-08-12T16:40:00+00:00,143.60999999999925,143.70999999999924,143.53999999999925,143.64999999999924,148
2026-08-12T16:45:00+00:00,143.64999999999924,143.76999999999924,143.62999999999926,143.67999999999924,239
2026-08-12T16:50:00+00:00,143.67999999999924,143.72999999999925,143.64999999999924,143.70999999999924,113
2026-08-12T16:55:00+00:00,143.70999999999924,143.71999999999926,143.58999999999924,143.62999999999926,136
2026-08-12T17:00:00+00:00,143.62999999999926,143.64999999999924,143.56999999999925,143.59999999999926,85
2026-08-12T17:05:00+00:00,143.59999999999926,143.61999999999924,143.51999999999924,143.53999999999925,115
2026-08-12T17:10:00+00:00,143.53999999999925,143.64999999999924,143.53999999999925,143.56999999999925,181
2026-08-12T17:15:00+00:00,143.56999999999925,143.56999999999925,143.45999999999924,143.55999999999923,173
2026-08-12T17:20:00+00:00,143.55999999999923,143.65999999999926,143.47999999999925,143.60999999999925,212
2026-08-12T17:25:00+00:00,143.60999999999925,143.74999999999926,143.59999999999926,143.71999999999926,134
2026-08-12T17:30:00+00:00,143.71999999999926,143.75999999999925,143.54999999999924,143.57999999999925,159
2026-08-12T17:35:00+00:00,143.57999999999925,143.57999999999925,143.42999999999924,143.48999999999924,148
2026-08-12T17:40:00+00:00,143.48999999999924,143.52999999999923,143.42999999999924,143.47999999999925,134
2026-08-12T17:45:00+00:00,143.47999999999925,143.62999999999926,143.47999999999925,143.56999999999925,156
2026-08-12T17:50:00+00:00,143.56999999999925,143.62999999999926,143.50999999999925,143.51999999999924,146
2026-08-12T17:55:00+00:00,143.51999999999924,143.68999999999926,143.42999999999924,143.58999999999924,209
2026-08-12T18:00:00+00:00,143.58999999999924,143.64999999999924,143.46999999999926,143.52999999999923,160
2026-08-12T18:05:00+00:00,143.52999999999923,143.71999999999926,143.48999999999924,143.54999999999924,137
2026-08-12T18:10:00+00:00,143.54999999999924,143.63999999999925,143.47999999999925,143.61999999999924,222
2026-08-12T18:15:00+00:00,143.61999999999924,143.66999999999925,143.51999999999924,143.63999999999925,177
2026-08-12T18:20:00+00:00,143.63999999999925,143.71999999999926,143.61999999999924,143.65999999999926,118
2026-08-12T18:25:00+00:00,143.65999999999926,143.73999999999924,143.60999999999925,143.67999999999924,122
2026-08-12T18:30:00+00:00,143.67999999999924,143.82999999999925,143.63999999999925,143.78999999999925,165
2026-08-12T18:35:00+00:00,143.78999999999925,143.88999999999925,143.72999999999925,143.74999999999926,152
2026-08-12T18:40:00+00:00,143.74999999999926,143.88999999999925,143.71999999999926,143.83999999999924,162
2026-08-12T18:45:00+00:00,143.83999999999924,143.88999999999925,143.76999999999924,143.84999999999926,133
2026-08-12T18:50:00+00:00,143.84999999999926,143.87999999999926,143.78999999999925,143.82999999999925,170
2026-08-12T18:55:00+00:00,143.82999999999925,143.87999999999926,143.79999999999924,143.79999999999924,181
2026-08-12T19:00:00+00:00,143.79999999999924,143.96999999999926,143.79999999999924,143.87999999999926,118
2026-08-12T19:05:00+00:00,143.87999999999926,143.97999999999925,143.87999999999926,143.96999999999926,130
2026-08-12T19:10:00+00:00,143.96999999999926,143.98999999999924,143.81999999999925,143.81999999999925,201
2026-08-12T19:15:00+00:00,143.81999999999925,144.00999999999925,143.80999999999923,143.94999999999925,152
2026-08-12T19:20:00+00:00,143.94999999999925,143.98999999999924,143.85999999999925,143.89999999999924,126
2026-08-12T19:25:00+00:00,143.89999999999924,143.92999999999924,143.79999999999924,143.83999999999924,176
2026-08-12T19:30:00+00:00,143.83999999999924,144.12999999999926,143.81999999999925,144.07999999999925,245
2026-08-12T19:35:00+00:00,144.07999999999925,144.09999999999926,143.96999999999926,144.06999999999925,250
2026-08-12T19:40:00+00:00,144.06999999999925,144.10999999999925,143.83999999999924,143.90999999999926,215
2026-08-12T19:45:00+00:00,143.90999999999926,143.98999999999924,143.82999999999925,143.88999999999925,246
2026-08-12T19:50:00+00:00,143.88999999999925,143.89999999999924,143.60999999999925,143.61999999999924,396
2026-08-12T19:55:00+00:00,143.61999999999924,143.69999999999925,143.48999999999924,143.59999999999926,664
2026-08-13T13:30:00+00:00,143.59999999999926,144.88999999999925,143.59999999999926,143.61999999999924,180
2026-08-13T13:35:00+00:00,143.61999999999924,143.75999999999925,143.01999999999924,143.40999999999926,232
2026-08-13T13:40:00+00:00,143.40999999999926,143.95999999999924,143.02999999999923,143.91999999999925,180
2026-08-13T13:45:00+00:00,143.91999999999925,144.61999999999924,143.89999999999924,143.90999999999926,308
2026-08-13T13:50:00+00:00,143.90999999999926,144.00999999999925,143.52999999999923,143.66999999999925,337
2026-08-13T13:55:00+00:00,143.66999999999925,143.94999999999925,143.51999999999924,143.81999999999925,265
2026-08-13T14:00:00+00:00,143.81999999999925,144.10999999999925,143.59999999999926,144.08999999999924,252
2026-08-13T14:05:00+00:00,144.08999999999924,144.11999999999924,143.67999999999924,143.83999999999924,218
2026-08-13T14:10:00+00:00,143.83999999999924,143.92999999999924,143.62999999999926,143.79999999999924,231
2026-08-13T14:15:00+00:00,143.79999999999924,144.21999999999926,143.77999999999923,144.20999999999924,164
2026-08-13T14:20:00+00:00,144.20999999999924,144.83999999999924,144.18999999999926,144.73999999999924,263
2026-08-13T14:25:00+00:00,144.73999999999924,145.02999999999923,144.70999999999924,144.91999999999925,261
2026-08-13T14:30:00+00:00,144.91999999999925,144.95999999999924,144.65999999999926,144.71999999999926,236
2026-08-13T14:35:00+00:00,144.71999999999926,144.88999999999925,144.53999999999925,144.57999999999925,187
2026-08-13T14:40:00+00:00,144.57999999999925,144.61999999999924,144.33999999999924,144.39999999999924,154
2026-08-13T14:45:00+00:00,144.39999999999924,144.56999999999925,144.23999999999924,144.33999999999924,237
2026-08-13T14:50:00+00:00,144.33999999999924,144.41999999999925,143.95999999999924,144.25999999999925,238
2026-08-13T14:55:00+00:00,144.25999999999925,144.26999999999924,144.02999999999923,144.12999999999926,246
2026-08-13T15:00:00+00:00,144.12999999999926,144.36999999999924,143.98999999999924,144.00999999999925,288
2026-08-13T15:05:00+00:00,144.00999999999925,144.17999999999924,143.94999999999925,144.00999999999925,239
2026-08-13T15:10:00+00:00,144.00999999999925,144.04999999999924,143.62999999999926,143.71999999999926,256
2026-08-13T15:15:00+00:00,143.71999999999926,143.79999999999924,143.46999999999926,143.56999999999925,283
2026-08-13T15:20:00+00:00,143.56999999999925,143.75999999999925,143.54999999999924,143.70999999999924,277
2026-08-13T15:25:00+00:00,143.70999999999924,143.85999999999925,143.52999999999923,143.63999999999925,249
2026-08-13T15:30:00+00:00,143.63999999999925,143.81999999999925,143.59999999999926,143.72999999999925,295
2026-08-13T15:35:00+00:00,143.72999999999925,144.02999999999923,143.71999999999926,143.95999999999924,262
2026-08-13T15:40:00+00:00,143.95999999999924,144.20999999999924,143.92999999999924,143.98999999999924,200
2026-08-13T15:45:00+00:00,143.98999999999924,144.15999999999926,143.94999999999925,144.05999999999923,171
2026-08-13T15:50:00+00:00,144.05999999999923,144.10999999999925,143.89999999999924,143.90999999999926,179
2026-08-13T15:55:00+00:00,143.90999999999926,144.09999999999926,143.89999999999924,143.92999999999924,148
2026-08-13T16:00:00+00:00,143.92999999999924,144.11999999999924,143.92999999999924,144.04999999999924,110
2026-08-13T16:05:00+00:00,144.04999999999924,144.28999999999925,144.04999999999924,144.09999999999926,140
2026-08-13T16:10:00+00:00,144.09999999999926,144.12999999999926,143.79999999999924,143.82999999999925,174
2026-08-13T16:15:00+00:00,143.82999999999925,144.12999999999926,143.82999999999925,144.04999999999924,149
2026-08-13T16:20:00+00:00,144.04999999999924,144.16999999999925,143.99999999999926,144.14999999999924,135
2026-08-13T16:25:00+00:00,144.14999999999924,144.31999999999925,144.14999999999924,144.29999999999924,175
2026-08-13T16:30:00+00:00,144.29999999999924,144.36999999999924,144.17999999999924,144.31999999999925,214
2026-08-13T16:35:00+00:00,144.31999999999925,144.35999999999925,144.18999999999926,144.35999999999925,170
2026-08-13T16:40:00+00:00,144.35999999999925,144.50999999999925,144.27999999999923,144.44999999999925,204
2026-08-13T16:45:00+00:00,144.44999999999925,144.46999999999926,144.25999999999925,144.27999999999923,192
2026-08-13T16:50:00+00:00,144.27999999999923,144.34999999999926,144.18999999999926,144.18999999999926,134
2026-08-13T16:55:00+00:00,144.18999999999926,144.39999999999924,144.17999999999924,144.31999999999925,130
2026-08-13T17:00:00+00:00,144.31999999999925,144.48999999999924,144.30999999999923,144.36999999999924,115
2026-08-13T17:05:00+00:00,144.36999999999924,144.48999999999924,144.32999999999925,144.32999999999925,121
2026-08-13T17:10:00+00:00,144.32999999999925,144.52999999999923,144.32999999999925,144.45999999999924,148
2026-08-13T17:15:00+00:00,144.45999999999924,144.65999999999926,144.44999999999925,144.63999999999925,136
2026-08-13T17:20:00+00:00,144.63999999999925,144.66999999999925,144.54999999999924,144.57999999999925,154
2026-08-13T17:25:00+00:00,144.57999999999925,144.67999999999924,144.17999999999924,144.20999999999924,177
2026-08-13T17:30:00+00:00,144.20999999999924,144.26999999999924,144.05999999999923,144.06999999999925,191
2026-08-13T17:35:00+00:00,144.06999999999925,144.16999999999925,143.83999999999924,144.15999999999926,173
2026-08-13T17:40:00+00:00,144.15999999999926,144.54999999999924,144.15999999999926,144.45999999999924,248
2026-08-13T17:45:00+00:00,144.45999999999924,144.55999999999923,144.44999999999925,144.50999999999925,112
2026-08-13T17:50:00+00:00,144.50999999999925,144.67999999999924,144.42999999999924,144.67999999999924,118
2026-08-13T17:55:00+00:00,144.67999999999924,144.68999999999926,144.57999999999925,144.65999999999926,121
2026-08-13T18:00:00+00:00,144.65999999999926,144.85999999999925,144.64999999999924,144.82999999999925,174
2026-08-13T18:05:00+00:00,144.82999999999925,144.94999999999925,144.79999999999924,144.82999999999925,146
2026-08-13T18:10:00+00:00,144.82999999999925,145.07999999999925,144.78999999999925,144.95999999999924,167
2026-08-13T18:15:00+00:00,144.95999999999924,144.99999999999926,144.65999999999926,144.71999999999926,161
2026-08-13T18:20:00+00:00,144.71999999999926,144.74999999999926,144.57999999999925,144.59999999999926,151
2026-08-13T18:25:00+00:00,144.59999999999926,144.71999999999926,144.52999999999923,144.68999999999926,115
2026-08-13T18:30:00+00:00,144.68999999999926,144.75999999999925,144.60999999999925,144.61999999999924,119
2026-08-13T18:35:00+00:00,144.61999999999924,144.65999999999926,144.42999999999924,144.48999999999924,128
2026-08-13T18:40:00+00:00,144.48999999999924,144.51999999999924,144.42999999999924,144.46999999999926,102
2026-08-13T18:45:00+00:00,144.46999999999926,144.61999999999924,144.43999999999926,144.52999999999923,172
2026-08-13T18:50:00+00:00,144.52999999999923,144.62999999999926,144.49999999999926,144.49999999999926,158
2026-08-13T18:55:00+00:00,144.49999999999926,144.55999999999923,144.38999999999925,144.55999999999923,142
2026-08-13T19:00:00+00:00,144.55999999999923,144.78999999999925,144.52999999999923,144.69999999999925,196
2026-08-13T19:05:00+00:00,144.69999999999925,144.80999999999923,144.64999999999924,144.76999999999924,134
2026-08-13T19:10:00+00:00,144.76999999999924,144.80999999999923,144.68999999999926,144.68999999999926,83
2026-08-13T19:15:00+00:00,144.68999999999926,144.83999999999924,144.67999999999924,144.80999999999923,95
2026-08-13T19:20:00+00:00,144.80999999999923,144.89999999999924,144.76999999999924,144.88999999999925,129
2026-08-13T19:25:00+00:00,144.88999999999925,144.92999999999924,144.64999999999924,144.72999999999925,144
2026-08-13T19:30:00+00:00,144.72999999999925,144.79999999999924,144.56999999999925,144.65999999999926,171
2026-08-13T19:35:00+00:00,144.65999999999926,144.67999999999924,144.50999999999925,144.58999999999924,184
2026-08-13T19:40:00+00:00,144.58999999999924,144.85999999999925,144.55999999999923,144.71999999999926,234
2026-08-13T19:45:00+00:00,144.71999999999926,144.90999999999926,144.67999999999924,144.84999999999926,219
2026-08-13T19:50:00+00:00,144.84999999999926,144.94999999999925,144.56999999999925,144.61999999999924,326
2026-08-13T19:55:00+00:00,144.61999999999924,144.83999999999924,144.55999999999923,144.80999999999923,555
2026-08-14T13:30:00+00:00,144.80999999999923,145.00999999999925,144.02999999999923,144.75999999999925,139
2026-08-14T13:35:00+00:00,144.75999999999925,145.01999999999924,144.32999999999925,144.63999999999925,188
2026-08-14T13:40:00+00:00,144.63999999999925,145.33999999999924,144.31999999999925,145.27999999999923,200
2026-08-14T13:45:00+00:00,145.27999999999923,145.64999999999924,145.01999999999924,145.37999999999926,315
2026-08-14T13:50:00+00:00,145.37999999999926,146.27999999999923,145.34999999999926,146.11999999999924,323
2026-08-14T13:55:00+00:00,146.11999999999924,146.15999999999926,145.67999999999924,145.81999999999925,269
2026-08-14T14:00:00+00:00,145.81999999999925,145.94999999999925,145.50999999999925,145.57999999999925,282
2026-08-14T14:05:00+00:00,145.57999999999925,145.84999999999926,145.56999999999925,145.64999999999924,206
2026-08-14T14:10:00+00:00,145.64999999999924,145.93999999999926,145.60999999999925,145.69999999999925,240
2026-08-14T14:15:00+00:00,145.69999999999925,145.93999999999926,145.41999999999925,145.78999999999925,276
2026-08-14T14:20:00+00:00,145.78999999999925,145.83999999999924,145.24999999999926,145.26999999999924,326
2026-08-14T14:25:00+00:00,145.26999999999924,145.50999999999925,145.24999999999926,145.38999999999925,295
2026-08-14T14:30:00+00:00,145.38999999999925,145.66999999999925,145.32999999999925,145.53999999999925,280
2026-08-14T14:35:00+00:00,145.53999999999925,145.57999999999925,145.29999999999924,145.55999999999923,232
2026-08-14T14:40:00+00:00,145.55999999999923,145.67999999999924,145.46999999999926,145.53999999999925,210
2026-08-14T14:45:00+00:00,145.53999999999925,145.83999999999924,145.50999999999925,145.81999999999925,221
2026-08-14T14:50:00+00:00,145.81999999999925,145.82999999999925,145.45999999999924,145.45999999999924,252
2026-08-14T14:55:00+00:00,145.45999999999924,145.61999999999924,145.45999999999924,145.45999999999924,184.471686175261
2026-08-14T15:00:00+00:00,145.45999999999924,145.58999999999924,145.39999999999924,145.45999999999924,172
2026-08-14T15:05:00+00:00,145.45999999999924,145.47999999999925,145.31999999999923,145.42999999999924,136
2026-08-14T15:10:00+00:00,145.42999999999924,145.49999999999923,145.33999999999924,145.39999999999924,218
2026-08-14T15:15:00+00:00,145.39999999999924,145.49999999999923,145.34999999999923,145.37999999999923,138
2026-08-14T15:20:00+00:00,145.37999999999923,145.42999999999924,145.22999999999925,145.24999999999923,266
2026-08-14T15:25:00+00:00,145.24999999999923,145.32999999999925,145.12999999999923,145.16999999999925,346
2026-08-14T15:30:00+00:00,145.16999999999925,145.26999999999924,145.00999999999922,145.07999999999925,254
2026-08-14T15:35:00+00:00,145.07999999999925,145.07999999999925,144.82999999999925,144.92999999999924,266
2026-08-14T15:40:00+00:00,144.92999999999924,145.00999999999922,144.79999999999924,144.84999999999923,228
2026-08-14T15:45:00+00:00,144.84999999999923,144.93999999999923,144.80999999999923,144.83999999999924,187
2026-08-14T15:50:00+00:00,144.83999999999924,144.84999999999923,144.61999999999924,144.64999999999924,243
2026-08-14T15:55:00+00:00,144.64999999999924,144.86999999999924,144.63999999999925,144.75999999999922,213
2026-08-14T16:00:00+00:00,144.75999999999922,145.03999999999922,144.73999999999924,144.93999999999923,232
2026-08-14T16:05:00+00:00,144.93999999999923,144.93999999999923,144.79999999999924,144.85999999999925,128
2026-08-14T16:10:00+00:00,144.85999999999925,144.95999999999924,144.81999999999923,144.95999999999924,120
2026-08-14T16:15:00+00:00,144.95999999999924,145.10999999999925,144.90999999999923,144.97999999999925,185
2026-08-14T16:20:00+00:00,144.97999999999925,145.01999999999924,144.78999999999922,144.80999999999923,138
2026-08-14T16:25:00+00:00,144.80999999999923,144.82999999999925,144.59999999999923,144.62999999999923,157
2026-08-14T16:30:00+00:00,144.62999999999923,144.71999999999923,144.60999999999925,144.62999999999923,131
2026-08-14T16:35:00+00:00,144.62999999999923,144.75999999999922,144.55999999999923,144.69999999999925,141
2026-08-14T16:40:00+00:00,144.69999999999925,144.75999999999922,144.62999999999923,144.65999999999923,118
2026-08-14T16:45:00+00:00,144.65999999999923,144.71999999999923,144.57999999999925,144.65999999999923,165
2026-08-14T16:50:00+00:00,144.65999999999923,144.69999999999925,144.57999999999925,144.63999999999925,108
2026-08-14T16:55:00+00:00,144.63999999999925,144.67999999999924,144.53999999999922,144.56999999999923,91
2026-08-14T17:00:00+00:00,144.56999999999923,144.69999999999925,144.53999999999922,144.58999999999924,131
2026-08-14T17:05:00+00:00,144.58999999999924,144.66999999999925,144.57999999999925,144.61999999999924,101
2026-08-14T17:10:00+00:00,144.61999999999924,144.72999999999925,144.60999999999925,144.68999999999923,114
2026-08-14T17:15:00+00:00,144.68999999999923,144.89999999999924,144.68999999999923,144.85999999999925,175
2026-08-14T17:20:00+00:00,144.85999999999925,144.91999999999925,144.84999999999923,144.87999999999923,94
2026-08-14T17:25:00+00:00,144.87999999999923,144.98999999999924,144.85999999999925,144.96999999999923,103
2026-08-14T17:30:00+00:00,144.96999999999923,144.98999999999924,144.78999999999922,144.79999999999924,152
2026-08-14T17:35:00+00:00,144.79999999999924,144.83999999999924,144.64999999999924,144.68999999999923,173
2026-08-14T17:40:00+00:00,144.68999999999923,144.75999999999922,144.58999999999924,144.75999999999922,178
2026-08-14T17:45:00+00:00,144.75999999999922,144.91999999999925,144.72999999999925,144.81999999999923,340
2026-08-14T17:50:00+00:00,144.81999999999923,144.93999999999923,144.80999999999923,144.90999999999923,133
2026-08-14T17:55:00+00:00,144.90999999999923,144.94999999999925,144.88999999999925,144.91999999999925,86
2026-08-14T18:00:00+00:00,144.91999999999925,144.98999999999924,144.82999999999925,144.91999999999925,147
2026-08-14T18:05:00+00:00,144.91999999999925,145.03999999999922,144.88999999999925,144.98999999999924,106
2026-08-14T18:10:00+00:00,144.98999999999924,145.06999999999923,144.93999999999923,145.02999999999923,146
2026-08-14T18:15:00+00:00,145.02999999999923,145.11999999999924,144.99999999999923,145.02999999999923,126
2026-08-14T18:20:00+00:00,145.02999999999923,145.05999999999923,144.95999999999924,145.00999999999922,98
2026-08-14T18:25:00+00:00,145.00999999999922,145.27999999999923,145.00999999999922,145.26999999999924,150
2026-08-14T18:30:00+00:00,145.26999999999924,145.34999999999923,145.12999999999923,145.12999999999923,141
2026-08-14T18:35:00+00:00,145.12999999999923,145.16999999999925,145.07999999999925,145.08999999999924,92
2026-08-14T18:40:00+00:00,145.08999999999924,145.20999999999924,145.00999999999922,145.18999999999923,145
2026-08-14T18:45:00+00:00,145.18999999999923,145.27999999999923,145.13999999999925,145.21999999999923,146
2026-08-14T18:50:00+00:00,145.21999999999923,145.27999999999923,145.15999999999923,145.17999999999924,149
2026-08-14T18:55:00+00:00,145.17999999999924,145.19999999999925,145.09999999999923,145.13999999999925,81
2026-08-14T19:00:00+00:00,145.13999999999925,145.19999999999925,144.94999999999925,144.95999999999924,135
2026-08-14T19:05:00+00:00,144.95999999999924,145.03999999999922,144.90999999999923,144.98999999999924,114
2026-08-14T19:10:00+00:00,144.98999999999924,145.04999999999924,144.90999999999923,144.96999999999923,116
2026-08-14T19:15:00+00:00,144.96999999999923,145.01999999999924,144.90999999999923,144.92999999999924,115
2026-08-14T19:20:00+00:00,144.92999999999924,145.18999999999923,144.90999999999923,145.18999999999923,164
2026-08-14T19:25:00+00:00,145.18999999999923,145.22999999999925,145.05999999999923,145.06999999999923,206
2026-08-14T19:30:00+00:00,145.06999999999923,145.23999999999924,145.04999999999924,145.16999999999925,193
2026-08-14T19:35:00+00:00,145.16999999999925,145.19999999999925,145.01999999999924,145.08999999999924,164
2026-08-14T19:40:00+00:00,145.08999999999924,145.19999999999925,144.98999999999924,144.98999999999924,171
2026-08-14T19:45:00+00:00,144.98999999999924,145.11999999999924,144.97999999999925,145.07999999999925,179
2026-08-14T19:50:00+00:00,145.07999999999925,145.21999999999923,145.02999999999923,145.20999999999924,239
2026-08-14T19:55:00+00:00,145.20999999999924,145.35999999999925,145.05999999999923,145.27999999999923,410
2026-08-17T13:30:00+00:00,139.16,139.43,138,138.05,154
2026-08-17T13:35:00+00:00,138.05,139.52,138,139.04,175
2026-08-17T13:40:00+00:00,139.04,140.33,138.91,140.18,203
2026-08-17T13:45:00+00:00,140.18,140.75,139.75,140.52,299
2026-08-17T13:50:00+00:00,140.52,140.55,139.72,139.89,271
2026-08-17T13:55:00+00:00,139.89,140.06,139.77,139.79,282
2026-08-17T14:00:00+00:00,139.79,140.07,139.72,139.74,260
2026-08-17T14:05:00+00:00,139.74,140.21,139.72,139.95,236
2026-08-17T14:10:00+00:00,139.95,140.04,139.8,139.8,188
2026-08-17T14:15:00+00:00,139.8,139.85,139.33,139.52,276
2026-08-17T14:20:00+00:00,139.52,139.62,139.36,139.43,184
2026-08-17T14:25:00+00:00,139.43,139.49,139.04,139.2,163
2026-08-17T14:30:00+00:00,139.2,139.31,138.98,139.09,150
2026-08-17T14:35:00+00:00,139.09,139.15,138.74,138.89,274
2026-08-17T14:40:00+00:00,138.89,138.91,138.67,138.74,187
2026-08-17T14:45:00+00:00,138.74,139.1,138.66,139,132
2026-08-17T14:50:00+00:00,139,139.04,138.8,138.81,142
2026-08-17T14:55:00+00:00,138.81,138.85,138.63,138.8,150
2026-08-17T15:00:00+00:00,138.8,139.08,138.76,138.92,168
2026-08-17T15:05:00+00:00,138.92,139.08,138.75,138.99,206
2026-08-17T15:10:00+00:00,138.99,139.05,138.87,138.99,149
2026-08-17T15:15:00+00:00,138.99,139.02,138.88,138.94,140
2026-08-17T15:20:00+00:00,138.94,139.32,138.93,139.2,236
2026-08-17T15:25:00+00:00,139.2,139.23,138.89,138.89,167
2026-08-17T15:30:00+00:00,138.89,138.97,138.63,138.68,180
2026-08-17T15:35:00+00:00,138.68,138.78,138.46,138.59,177
2026-08-17T15:40:00+00:00,138.59,138.64,138.47,138.55,160
2026-08-17T15:45:00+00:00,138.55,138.57,138.46,138.5,142
2026-08-17T15:50:00+00:00,138.5,138.61,138.41,138.61,138
2026-08-17T15:55:00+00:00,138.61,138.69,138.53,138.56,111
2026-08-17T16:00:00+00:00,138.56,138.77,138.49,138.71,158
2026-08-17T16:05:00+00:00,138.71,138.95,138.69,138.87,175
2026-08-17T16:10:00+00:00,138.87,139.08,138.87,138.97,116
2026-08-17T16:15:00+00:00,138.97,139.05,138.93,138.95,100
2026-08-17T16:20:00+00:00,138.95,139.03,138.91,138.95,145
2026-08-17T16:25:00+00:00,138.95,138.96,138.79,138.8,112
2026-08-17T16:30:00+00:00,138.8,138.82,138.44,138.45,173
2026-08-17T16:35:00+00:00,138.45,138.66,138.42,138.66,252
2026-08-17T16:40:00+00:00,138.66,138.77,138.62,138.65,144
2026-08-17T16:45:00+00:00,138.65,138.74,138.52,138.56,146
2026-08-17T16:50:00+00:00,138.56,138.59,138.45,138.54,150
2026-08-17T16:55:00+00:00,138.54,138.54,138.44,138.48,188
2026-08-17T17:00:00+00:00,138.48,138.55,138.42,138.54,139
2026-08-17T17:05:00+00:00,138.54,138.7,138.54,138.7,144
2026-08-17T17:10:00+00:00,138.7,138.94,138.69,138.94,172
2026-08-17T17:15:00+00:00,138.94,139.09,138.9,139.01,154
2026-08-17T17:20:00+00:00,139.01,139.14,138.96,138.97,248
2026-08-17T17:25:00+00:00,138.97,138.99,138.79,138.82,165
2026-08-17T17:30:00+00:00,138.82,138.87,138.6,138.6,139
2026-08-17T17:35:00+00:00,138.6,138.63,138.46,138.49,144
2026-08-17T17:40:00+00:00,138.49,138.7,138.41,138.7,161
2026-08-17T17:45:00+00:00,138.7,138.74,138.63,138.65,117
2026-08-17T17:50:00+00:00,138.65,138.69,138.56,138.61,105
2026-08-17T17:55:00+00:00,138.61,138.68,138.59,138.62,90
2026-08-17T18:00:00+00:00,138.62,138.68,138.53,138.63,123
2026-08-17T18:05:00+00:00,138.63,138.68,138.57,138.58,117
2026-08-17T18:10:00+00:00,138.58,138.68,138.29,138.43,335
2026-08-17T18:15:00+00:00,138.43,138.68,138.42,138.55,163
2026-08-17T18:20:00+00:00,138.55,138.65,138.45,138.63,117
2026-08-17T18:25:00+00:00,138.63,138.71,138.59,138.67,197
2026-08-17T18:30:00+00:00,138.67,138.69,138.42,138.44,236
2026-08-17T18:35:00+00:00,138.44,138.68,138.42,138.64,171
2026-08-17T18:40:00+00:00,138.64,138.67,138.56,138.58,83
2026-08-17T18:45:00+00:00,138.58,138.85,138.58,138.83,169
2026-08-17T18:50:00+00:00,138.83,138.85,138.66,138.74,132
2026-08-17T18:55:00+00:00,138.74,138.83,138.67,138.68,138
2026-08-17T19:00:00+00:00,138.68,138.83,138.68,138.78,117
2026-08-17T19:05:00+00:00,138.78,138.82,138.67,138.72,96
2026-08-17T19:10:00+00:00,138.72,138.74,138.46,138.51,132
2026-08-17T19:15:00+00:00,138.51,138.72,138.45,138.6,137
2026-08-17T19:20:00+00:00,138.6,138.66,138.46,138.5,139
2026-08-17T19:25:00+00:00,138.5,138.57,138.43,138.45,166
2026-08-17T19:30:00+00:00,138.45,138.47,138.13,138.33,300
2026-08-17T19:35:00+00:00,138.33,138.37,138.09,138.14,250
2026-08-17T19:40:00+00:00,138.14,138.16,137.68,137.74,246
2026-08-17T19:45:00+00:00,137.74,138.36,137.68,138.2,264
2026-08-17T19:50:00+00:00,138.2,138.53,138.17,138.44,289
2026-08-17T19:55:00+00:00,138.44,138.55,138.09,138.38,578
2026-08-18T13:30:00+00:00,138.38,138.38,136.38,137.58,148
2026-08-18T13:35:00+00:00,137.58,137.95,137.18,137.68,170
2026-08-18T13:40:00+00:00,137.68,137.68,137.16,137.34,142
2026-08-18T13:45:00+00:00,137.34,137.5,137.13,137.13,171
2026-08-18T13:50:00+00:00,137.13,137.47,137.13,137.39,173
2026-08-18T13:55:00+00:00,137.39,137.77,137.25,137.59,224
2026-08-18T14:00:00+00:00,137.59,137.73,137.36,137.67,232
2026-08-18T14:05:00+00:00,137.67,137.72,137.39,137.52,225
2026-08-18T14:10:00+00:00,137.52,137.62,137.25,137.39,284
2026-08-18T14:15:00+00:00,137.39,137.52,137.2,137.31,296
2026-08-18T14:20:00+00:00,137.31,137.39,137.07,137.22,227
2026-08-18T14:25:00+00:00,137.22,137.33,137.11,137.12,262
2026-08-18T14:30:00+00:00,137.12,137.44,137.1,137.18,257
2026-08-18T14:35:00+00:00,137.18,137.32,137.02,137.11,315
2026-08-18T14:40:00+00:00,137.11,137.18,136.71,136.72,323
2026-08-18T14:45:00+00:00,136.72,136.74,136.33,136.55,343
2026-08-18T14:50:00+00:00,136.55,136.89,136.48,136.62,293
2026-08-18T14:55:00+00:00,136.62,136.7,136.48,136.58,309
2026-08-18T15:00:00+00:00,136.58,136.82,136.48,136.78,298
2026-08-18T15:05:00+00:00,136.78,136.93,136.5,136.5,274
2026-08-18T15:10:00+00:00,136.5,136.71,136.39,136.69,283
2026-08-18T15:15:00+00:00,136.69,136.71,136.33,136.34,208
2026-08-18T15:20:00+00:00,136.34,136.51,136.29,136.47,217
2026-08-18T15:25:00+00:00,136.47,136.63,136.39,136.51,171
2026-08-18T15:30:00+00:00,136.51,136.82,136.51,136.74,200
2026-08-18T15:35:00+00:00,136.74,137.14,136.66,137.09,230
2026-08-18T15:40:00+00:00,137.09,137.27,136.9,137,307
2026-08-18T15:45:00+00:00,137,137.28,137,137.14,195
2026-08-18T15:50:00+00:00,137.14,137.21,137.03,137.08,206
2026-08-18T15:55:00+00:00,137.08,137.11,136.97,137.06,136
2026-08-18T16:00:00+00:00,137.06,137.19,137.03,137.13,116
2026-08-18T16:05:00+00:00,137.13,137.22,136.97,136.98,157
2026-08-18T16:10:00+00:00,136.98,137.14,136.93,137.01,199
2026-08-18T16:15:00+00:00,137.01,137.17,137.01,137.08,149
2026-08-18T16:20:00+00:00,137.08,137.31,137.04,137.24,173
2026-08-18T16:25:00+00:00,137.24,137.26,137.05,137.05,104
2026-08-18T16:30:00+00:00,137.05,137.18,137.01,137.08,116
2026-08-18T16:35:00+00:00,137.08,137.17,137.04,137.1,109
2026-08-18T16:40:00+00:00,137.1,137.26,137.05,137.22,140
2026-08-18T16:45:00+00:00,137.22,137.37,137.19,137.3,130
2026-08-18T16:50:00+00:00,137.3,137.34,137.25,137.34,112
2026-08-18T16:55:00+00:00,137.34,137.34,137.07,137.14,102
2026-08-18T17:00:00+00:00,137.14,137.24,137.06,137.24,125
2026-08-18T17:05:00+00:00,137.24,137.3,137.15,137.25,186
2026-08-18T17:10:00+00:00,137.25,137.34,137.21,137.23,135
2026-08-18T17:15:00+00:00,137.23,137.32,137.21,137.21,111
2026-08-18T17:20:00+00:00,137.21,137.33,137.19,137.28,120
2026-08-18T17:25:00+00:00,137.28,137.32,137.23,137.26,85
2026-08-18T17:30:00+00:00,137.26,137.34,137.18,137.2,118
2026-08-18T17:35:00+00:00,137.2,137.25,137.14,137.16,111
2026-08-18T17:40:00+00:00,137.16,137.24,137.08,137.23,106
2026-08-18T17:45:00+00:00,137.23,137.24,137.11,137.13,92
2026-08-18T17:50:00+00:00,137.13,137.25,137.1,137.16,112
2026-08-18T17:55:00+00:00,137.16,137.21,136.95,136.95,134
2026-08-18T18:00:00+00:00,136.95,137.02,136.88,136.91,152
2026-08-18T18:05:00+00:00,136.91,136.96,136.78,136.83,146
2026-08-18T18:10:00+00:00,136.83,137.17,136.82,137.11,187
2026-08-18T18:15:00+00:00,137.11,137.28,137.11,137.2,113
2026-08-18T18:20:00+00:00,137.2,137.22,137.01,137.04,147
2026-08-18T18:25:00+00:00,137.04,137.13,136.98,137.1,130
2026-08-18T18:30:00+00:00,137.1,137.22,137.06,137.13,133
2026-08-18T18:35:00+00:00,137.13,137.25,137.11,137.17,123
2026-08-18T18:40:00+00:00,137.17,137.28,137.09,137.28,122
2026-08-18T18:45:00+00:00,137.28,137.47,137.25,137.4,143
2026-08-18T18:50:00+00:00,137.4,137.45,137.26,137.32,125
2026-08-18T18:55:00+00:00,137.32,137.32,137.16,137.18,122
2026-08-18T19:00:00+00:00,137.18,137.28,137.1,137.18,146
2026-08-18T19:05:00+00:00,137.18,137.24,137.07,137.14,117
2026-08-18T19:10:00+00:00,137.14,137.22,137.02,137.2,134
2026-08-18T19:15:00+00:00,137.2,137.32,137.17,137.26,134
2026-08-18T19:20:00+00:00,137.26,137.41,137.2,137.41,129
2026-08-18T19:25:00+00:00,137.41,137.62,137.35,137.52,167
2026-08-18T19:30:00+00:00,137.52,137.71,137.44,137.65,178
2026-08-18T19:35:00+00:00,137.65,137.8,137.61,137.63,191
2026-08-18T19:40:00+00:00,137.63,137.8,137.61,137.77,183
2026-08-18T19:45:00+00:00,137.77,137.85,137.55,137.62,210
2026-08-18T19:50:00+00:00,137.62,137.71,137.42,137.5,396
2026-08-18T19:55:00+00:00,137.5,137.65,137.31,137.53,700
2026-08-19T13:30:00+00:00,137.53,137.53,136.25,136.62,196
2026-08-19T13:35:00+00:00,136.62,136.73,135.89,135.94,306
2026-08-19T13:40:00+00:00,135.94,136.58,135.76,136.39,294
2026-08-19T13:45:00+00:00,136.39,136.64,135.43,135.52,258
2026-08-19T13:50:00+00:00,135.52,135.74,135.38,135.55,283
2026-08-19T13:55:00+00:00,135.55,136.45,135.5,136.2,248
2026-08-19T14:00:00+00:00,136.2,136.28,135.67,135.83,303
2026-08-19T14:05:00+00:00,135.83,136.08,135.72,135.74,253
2026-08-19T14:10:00+00:00,135.74,135.85,135.15,135.15,418
2026-08-19T14:15:00+00:00,135.15,135.55,135.05,135.37,356
2026-08-19T14:20:00+00:00,135.37,135.59,135,135.17,393
2026-08-19T14:25:00+00:00,135.17,135.33,134.98,135.16,329
2026-08-19T14:30:00+00:00,135.16,135.19,134.85,134.93,307
2026-08-19T14:35:00+00:00,134.93,135.38,134.92,135.32,292
2026-08-19T14:40:00+00:00,135.32,135.39,134.89,134.9,263
2026-08-19T14:45:00+00:00,134.9,134.91,134.31,134.32,352
2026-08-19T14:50:00+00:00,134.32,134.54,134.19,134.19,305
2026-08-19T14:55:00+00:00,134.19,140.49999999999923,134.04,140.44999999999922,276.9230769230769
2026-08-19T15:00:00+00:00,134.27,134.69,134.22,134.61,384
2026-08-19T15:05:00+00:00,134.61,134.67,134.14,134.15,331
2026-08-19T15:10:00+00:00,134.15,134.51,134.03,134.33,337
2026-08-19T15:15:00+00:00,134.33,134.33,133.71,133.72,249
2026-08-19T15:20:00+00:00,133.72,134.05,133.63,133.64,268
2026-08-19T15:25:00+00:00,133.64,133.73,133.54,133.69,292
2026-08-19T15:30:00+00:00,133.69,133.88,133.46,133.52,219
2026-08-19T15:35:00+00:00,133.52,133.73,133.45,133.46,216
2026-08-19T15:40:00+00:00,133.46,133.56,133.29,133.49,238
2026-08-19T15:45:00+00:00,133.49,133.71,133.44,133.52,284
2026-08-19T15:50:00+00:00,133.52,133.73,133.43,133.44,268
2026-08-19T15:55:00+00:00,133.44,133.68,133.43,133.6,287
2026-08-19T16:00:00+00:00,133.6,134.34,133.51,134.32,329
2026-08-19T16:05:00+00:00,134.32,134.58,134.18,134.58,240
2026-08-19T16:10:00+00:00,134.58,134.86,134.47,134.47,321
2026-08-19T16:15:00+00:00,134.47,134.62,134.14,134.27,268
2026-08-19T16:20:00+00:00,134.27,134.27,133.98,134.05,223
2026-08-19T16:25:00+00:00,134.05,134.12,133.92,133.93,200
2026-08-19T16:30:00+00:00,133.93,133.93,133.73,133.82,186
2026-08-19T16:35:00+00:00,133.82,133.99,133.68,133.95,207
2026-08-19T16:40:00+00:00,133.95,133.98,133.86,133.9,158
2026-08-19T16:45:00+00:00,133.9,133.97,133.79,133.83,198
2026-08-19T16:50:00+00:00,133.83,133.84,133.63,133.67,189
2026-08-19T16:55:00+00:00,133.67,133.68,133.58,133.59,186
2026-08-19T17:00:00+00:00,133.59,133.72,133.58,133.69,154
2026-08-19T17:05:00+00:00,133.69,133.89,133.69,133.78,145
2026-08-19T17:10:00+00:00,133.78,133.94,133.76,133.86,210
2026-08-19T17:15:00+00:00,133.86,133.97,133.75,133.76,190
2026-08-19T17:20:00+00:00,133.76,133.82,133.68,133.74,171
2026-08-19T17:25:00+00:00,133.74,133.84,133.71,133.72,143
2026-08-19T17:30:00+00:00,133.72,133.81,133.64,133.75,152
2026-08-19T17:35:00+00:00,133.75,133.77,133.57,133.57,137
2026-08-19T17:40:00+00:00,133.57,133.65,133.51,133.51,164
2026-08-19T17:45:00+00:00,133.51,133.67,133.48,133.56,232
2026-08-19T17:50:00+00:00,133.56,133.57,133.43,133.45,180
2026-08-19T17:55:00+00:00,133.45,133.54,133.41,133.44,132
2026-08-19T18:00:00+00:00,133.44,133.69,133.41,133.45,245
2026-08-19T18:05:00+00:00,133.45,133.48,133.24,133.3,217
2026-08-19T18:10:00+00:00,133.3,133.43,133.15,133.19,191
2026-08-19T18:15:00+00:00,133.19,133.35,133.03,133.32,216
2026-08-19T18:20:00+00:00,133.32,133.48,133.28,133.29,180
2026-08-19T18:25:00+00:00,133.29,133.3,133.02,133.15,216
2026-08-19T18:30:00+00:00,133.15,133.26,133.1,133.2,200
2026-08-19T18:35:00+00:00,133.2,133.28,133.09,133.09,162
2026-08-19T18:40:00+00:00,133.09,133.15,132.96,133.02,184
2026-08-19T18:45:00+00:00,133.02,133.1,132.92,133.01,242
2026-08-19T18:50:00+00:00,133.01,133.1,132.74,132.77,284
2026-08-19T18:55:00+00:00,132.77,132.79,132.62,132.68,251
2026-08-19T19:00:00+00:00,132.68,132.82,132.51,132.59,252
2026-08-19T19:05:00+00:00,132.59,132.81,132.54,132.71,236
2026-08-19T19:10:00+00:00,132.71,132.92,132.71,132.82,244
2026-08-19T19:15:00+00:00,132.82,132.85,132.66,132.78,200
2026-08-19T19:20:00+00:00,132.78,132.89,132.68,132.81,289
2026-08-19T19:25:00+00:00,132.81,133.05,132.75,132.91,236
2026-08-19T19:30:00+00:00,132.91,133.11,132.85,132.87,292
2026-08-19T19:35:00+00:00,132.87,132.88,132.47,132.49,295
2026-08-19T19:40:00+00:00,132.49,132.59,132.21,132.5,331
2026-08-19T19:45:00+00:00,132.5,132.87,132.49,132.59,342
2026-08-19T19:50:00+00:00,132.59,132.89,132.58,132.82,433
2026-08-19T19:55:00+00:00,132.82,132.93,132.57,132.81,733
2026-08-20T13:30:00+00:00,132.81,132.81,132.03,132.27,104
2026-08-20T13:35:00+00:00,132.27,132.63,131.66,131.87,267
2026-08-20T13:40:00+00:00,131.87,131.99,131.38,131.38,237
2026-08-20T13:45:00+00:00,131.38,131.96,131.21,131.93,242
2026-08-20T13:50:00+00:00,131.93,132.14,131.66,132.11,239
2026-08-20T13:55:00+00:00,132.11,132.11,131.53,131.66,208
2026-08-20T14:00:00+00:00,131.66,131.9,131.53,131.83,215
2026-08-20T14:05:00+00:00,131.83,131.94,131.68,131.88,178
2026-08-20T14:10:00+00:00,131.88,132.25,131.74,132.09,166
2026-08-20T14:15:00+00:00,132.09,132.21,131.71,131.73,206
2026-08-20T14:20:00+00:00,131.73,132.38,131.67,132.34,226
2026-08-20T14:25:00+00:00,132.34,132.5,132.26,132.29,143
2026-08-20T14:30:00+00:00,132.29,132.45,132.26,132.39,179
2026-08-20T14:35:00+00:00,132.39,132.5,132.25,132.32,212
2026-08-20T14:40:00+00:00,132.32,132.52,132.2,132.42,277
2026-08-20T14:45:00+00:00,132.42,132.49,132.28,132.39,230
2026-08-20T14:50:00+00:00,132.39,132.77,132.35,132.63,246
2026-08-20T14:55:00+00:00,132.63,132.7,132.5,132.58,196
2026-08-20T15:00:00+00:00,132.58,132.92,132.56,132.78,363
2026-08-20T15:05:00+00:00,132.78,132.8,132.22,132.26,326
2026-08-20T15:10:00+00:00,132.26,132.31,131.9,132.09,383
2026-08-20T15:15:00+00:00,132.09,132.1,131.9,131.98,228
2026-08-20T15:20:00+00:00,131.98,131.98,131.85,131.98,252
2026-08-20T15:25:00+00:00,131.98,131.98,131.76,131.79,228
2026-08-20T15:30:00+00:00,131.79,131.86,131.56,131.59,305
2026-08-20T15:35:00+00:00,131.59,131.7,131.49,131.52,224
2026-08-20T15:40:00+00:00,131.52,131.57,131.25,131.26,224
2026-08-20T15:45:00+00:00,131.26,131.43,131.26,131.29,205
2026-08-20T15:50:00+00:00,131.29,131.51,131.27,131.35,211
2026-08-20T15:55:00+00:00,131.35,131.54,131.35,131.46,161
2026-08-20T16:00:00+00:00,131.46,131.47,131.29,131.36,192
2026-08-20T16:05:00+00:00,131.36,131.59,131.32,131.46,149
2026-08-20T16:10:00+00:00,131.46,131.47,131.35,131.41,162
2026-08-20T16:15:00+00:00,131.41,131.5,131.38,131.42,128
2026-08-20T16:20:00+00:00,131.42,131.58,131.42,131.55,119
2026-08-20T16:25:00+00:00,131.55,131.61,131.51,131.53,125
2026-08-20T16:30:00+00:00,131.53,131.67,131.47,131.62,173
2026-08-20T16:35:00+00:00,131.62,131.79,131.53,131.76,133
2026-08-20T16:40:00+00:00,131.76,131.94,131.73,131.8,158
2026-08-20T16:45:00+00:00,131.8,131.85,131.7,131.7,150
2026-08-20T16:50:00+00:00,131.7,131.81,131.48,131.51,150
2026-08-20T16:55:00+00:00,131.51,131.61,131.48,131.56,118
2026-08-20T17:00:00+00:00,131.56,131.66,131.51,131.53,122
2026-08-20T17:05:00+00:00,131.53,131.6,131.5,131.6,102
2026-08-20T17:10:00+00:00,131.6,131.6,131.47,131.5,129
2026-08-20T17:15:00+00:00,131.5,131.51,131.34,131.35,139
2026-08-20T17:20:00+00:00,131.35,131.5,131.22,131.46,246
2026-08-20T17:25:00+00:00,131.46,131.5,131.4,131.44,131
2026-08-20T17:30:00+00:00,131.44,131.51,131.3,131.32,187
2026-08-20T17:35:00+00:00,131.32,131.38,131.22,131.26,121
2026-08-20T17:40:00+00:00,131.26,131.32,131.19,131.24,158
2026-08-20T17:45:00+00:00,131.24,131.3,131.15,131.23,171
2026-08-20T17:50:00+00:00,131.23,131.32,131.17,131.27,138
2026-08-20T17:55:00+00:00,131.27,131.5,131.25,131.42,171
2026-08-20T18:00:00+00:00,131.42,131.51,131.33,131.48,223
2026-08-20T18:05:00+00:00,131.48,131.5,131.3,131.35,203
2026-08-20T18:10:00+00:00,131.35,131.37,131.2,131.25,192
2026-08-20T18:15:00+00:00,131.25,131.3,131.14,131.22,178
2026-08-20T18:20:00+00:00,131.22,131.28,131.17,131.2,180
2026-08-20T18:25:00+00:00,131.2,131.2,131.05,131.08,131
2026-08-20T18:30:00+00:00,131.08,131.13,130.89,130.9,137
2026-08-20T18:35:00+00:00,130.9,130.98,130.81,130.84,178
2026-08-20T18:40:00+00:00,130.84,130.86,130.75,130.75,154
2026-08-20T18:45:00+00:00,130.75,130.79,130.65,130.68,172
2026-08-20T18:50:00+00:00,130.68,130.73,130.55,130.57,206
2026-08-20T18:55:00+00:00,130.57,130.69,130.54,130.66,136
2026-08-20T19:00:00+00:00,130.66,130.69,130.5,130.57,213
2026-08-20T19:05:00+00:00,130.57,130.61,130.48,130.48,175
2026-08-20T19:10:00+00:00,130.48,130.6,130.47,130.55,133
2026-08-20T19:15:00+00:00,130.55,130.63,130.44,130.49,177
2026-08-20T19:20:00+00:00,130.49,130.54,130.41,130.46,230
2026-08-20T19:25:00+00:00,130.46,130.53,130.29,130.32,186
2026-08-20T19:30:00+00:00,130.32,130.35,130.19,130.23,253
2026-08-20T19:35:00+00:00,130.23,130.23,130.07,130.14,221
2026-08-20T19:40:00+00:00,130.14,130.24,130.03,130.09,277
2026-08-20T19:45:00+00:00,130.09,130.14,129.92,129.99,324
2026-08-20T19:50:00+00:00,129.99,130.07,129.87,130.03,393
2026-08-20T19:55:00+00:00,130.03,130.08,129.46,129.66,765
2026-08-21T13:30:00+00:00,129.66,131.29,129.66,130.49,252
2026-08-21T13:35:00+00:00,130.49,130.85,130.36,130.38,200
2026-08-21T13:40:00+00:00,130.38,131.36,130.38,131.29,296
2026-08-21T13:45:00+00:00,131.29,131.83,131.27,131.68,293
2026-08-21T13:50:00+00:00,131.68,131.82,131.6,131.72,266
2026-08-21T13:55:00+00:00,131.72,132.05,131.66,131.74,248
2026-08-21T14:00:00+00:00,131.74,132.11,131.74,131.88,232
2026-08-21T14:05:00+00:00,131.88,131.92,131.52,131.56,190
2026-08-21T14:10:00+00:00,131.56,131.69,131.24,131.28,192
2026-08-21T14:15:00+00:00,131.28,131.29,131.01,131.11,164
2026-08-21T14:20:00+00:00,131.11,131.5,131.09,131.24,179
2026-08-21T14:25:00+00:00,131.24,131.36,131.16,131.28,182
2026-08-21T14:30:00+00:00,131.28,131.29,131.03,131.03,177
2026-08-21T14:35:00+00:00,131.03,131.1,130.64,130.8,185
2026-08-21T14:40:00+00:00,130.8,130.85,130.63,130.69,205
2026-08-21T14:45:00+00:00,130.69,130.74,130.42,130.74,230
2026-08-21T14:50:00+00:00,130.74,130.77,130.38,130.45,164
2026-08-21T14:55:00+00:00,130.45,136.79999999999922,130.39,136.78999999999922,141
2026-08-21T15:00:00+00:00,130.61,130.75,130.44,130.66,177
2026-08-21T15:05:00+00:00,130.66,130.94,130.65,130.91,209
2026-08-21T15:10:00+00:00,130.91,130.99,130.71,130.74,171
2026-08-21T15:15:00+00:00,130.74,130.83,130.62,130.63,130
2026-08-21T15:20:00+00:00,130.63,130.72,130.58,130.62,140
2026-08-21T15:25:00+00:00,130.62,130.86,130.56,130.83,144
2026-08-21T15:30:00+00:00,130.83,130.99,130.75,130.95,141
2026-08-21T15:35:00+00:00,130.95,131.05,130.83,130.93,217
2026-08-21T15:40:00+00:00,130.93,131.03,130.79,130.98,168
2026-08-21T15:45:00+00:00,130.98,131.04,130.87,130.91,117
2026-08-21T15:50:00+00:00,130.91,130.98,130.8,130.8,130
2026-08-21T15:55:00+00:00,130.8,130.85,130.41,130.45,187
2026-08-21T16:00:00+00:00,130.45,130.61,130.39,130.58,157
2026-08-21T16:05:00+00:00,130.58,130.59,130.41,130.41,154
2026-08-21T16:10:00+00:00,130.41,130.55,130.41,130.43,109
2026-08-21T16:15:00+00:00,130.43,130.51,130.32,130.33,102
2026-08-21T16:20:00+00:00,130.33,130.57,130.31,130.37,160
2026-08-21T16:25:00+00:00,130.37,130.75,130.37,130.68,146
2026-08-21T16:30:00+00:00,130.68,130.71,130.52,130.53,135
2026-08-21T16:35:00+00:00,130.53,130.68,130.48,130.61,100
2026-08-21T16:40:00+00:00,130.61,130.7,130.48,130.51,162
2026-08-21T16:45:00+00:00,130.51,130.54,130.4,130.48,100
2026-08-21T16:50:00+00:00,130.48,130.58,130.43,130.46,114
2026-08-21T16:55:00+00:00,130.46,130.47,130.31,130.38,133
2026-08-21T17:00:00+00:00,130.38,130.43,130.29,130.31,126
2026-08-21T17:05:00+00:00,130.31,130.37,130.24,130.31,121
2026-08-21T17:10:00+00:00,130.31,130.34,130.2,130.28,110
2026-08-21T17:15:00+00:00,130.28,130.41,130.25,130.39,143
2026-08-21T17:20:00+00:00,130.39,130.52,130.36,130.46,138
2026-08-21T17:25:00+00:00,130.46,130.59,130.46,130.51,138
2026-08-21T17:30:00+00:00,130.51,130.58,130.46,130.55,138
2026-08-21T17:35:00+00:00,130.55,130.63,130.45,130.49,160
2026-08-21T17:40:00+00:00,130.49,130.73,130.49,130.58,134
2026-08-21T17:45:00+00:00,130.58,130.98,130.58,130.97,166
2026-08-21T17:50:00+00:00,130.97,131,130.78,130.84,125
2026-08-21T17:55:00+00:00,130.84,130.96,130.79,130.93,119
2026-08-21T18:00:00+00:00,130.93,131.04,130.88,130.9,125
2026-08-21T18:05:00+00:00,130.9,131.11,130.89,131.01,104
2026-08-21T18:10:00+00:00,131.01,131.16,130.9,131.06,146
2026-08-21T18:15:00+00:00,131.06,131.21,131.04,131.1,153
2026-08-21T18:20:00+00:00,131.1,131.28,131.1,131.25,82
2026-08-21T18:25:00+00:00,131.25,131.3,131.2,131.23,99
2026-08-21T18:30:00+00:00,131.23,131.37,131.22,131.37,97
2026-08-21T18:35:00+00:00,131.37,131.42,131.31,131.32,139
2026-08-21T18:40:00+00:00,131.32,131.57,131.31,131.46,124
2026-08-21T18:45:00+00:00,131.46,131.49,131.37,131.4,78
2026-08-21T18:50:00+00:00,131.4,131.41,131.31,131.38,89
2026-08-21T18:55:00+00:00,131.38,131.41,131.32,131.38,102
2026-08-21T19:00:00+00:00,131.38,131.5,131.37,131.44,111
2026-08-21T19:05:00+00:00,131.44,131.49,131.32,131.35,116
2026-08-21T19:10:00+00:00,131.35,131.43,131.29,131.38,122
2026-08-21T19:15:00+00:00,131.38,131.49,131.33,131.45,116
2026-08-21T19:20:00+00:00,131.45,131.51,131.37,131.42,159
2026-08-21T19:25:00+00:00,131.42,131.43,131.27,131.41,159
2026-08-21T19:30:00+00:00,131.41,131.47,131.33,131.38,200
2026-08-21T19:35:00+00:00,131.38,131.39,131.26,131.34,193
2026-08-21T19:40:00+00:00,131.34,131.35,131.2,131.23,165
2026-08-21T19:45:00+00:00,131.23,131.28,131.14,131.22,202
2026-08-21T19:50:00+00:00,131.22,131.31,131.12,131.15,246
2026-08-21T19:55:00+00:00,131.15,131.6,131.09,131.59,421
2026-08-24T13:30:00+00:00,131.59,131.96,130.88,131.79,130
2026-08-24T13:35:00+00:00,131.79,132.01,131.27,131.3,179
2026-08-24T13:40:00+00:00,131.3,131.65,131.23,131.25,155
2026-08-24T13:45:00+00:00,131.25,132.22,131.25,131.96,234
2026-08-24T13:50:00+00:00,131.96,132.4,131.85,132.4,262
2026-08-24T13:55:00+00:00,132.4,132.43,131.93,132.01,218
2026-08-24T14:00:00+00:00,132.01,132.05,131.58,131.58,187
2026-08-24T14:05:00+00:00,131.58,131.93,131.53,131.78,200
2026-08-24T14:10:00+00:00,131.78,132.06,131.72,132.02,178
2026-08-24T14:15:00+00:00,132.02,132.02,131.49,131.51,195
2026-08-24T14:20:00+00:00,131.51,131.92,131.5,131.69,212
2026-08-24T14:25:00+00:00,131.69,131.91,131.5,131.67,245
2026-08-24T14:30:00+00:00,131.67,132.02,131.62,131.7,221
2026-08-24T14:35:00+00:00,131.7,131.82,131.44,131.51,244
2026-08-24T14:40:00+00:00,131.51,131.66,131.45,131.45,241
2026-08-24T14:45:00+00:00,131.45,131.95,131.38,131.86,295
2026-08-24T14:50:00+00:00,131.86,131.9,131.69,131.76,204
2026-08-24T14:55:00+00:00,131.76,131.82,131.64,131.71,216
2026-08-24T15:00:00+00:00,131.71,131.8,131.55,131.7,206
2026-08-24T15:05:00+00:00,131.7,131.81,131.55,131.55,203
2026-08-24T15:10:00+00:00,131.55,131.84,131.53,131.78,203
2026-08-24T15:15:00+00:00,131.78,131.82,131.55,131.57,145
2026-08-24T15:20:00+00:00,131.57,131.85,131.52,131.79,153
2026-08-24T15:25:00+00:00,131.79,131.96,131.73,131.89,226
2026-08-24T15:30:00+00:00,131.89,132.05,131.76,131.83,279
2026-08-24T15:35:00+00:00,131.83,131.95,131.75,131.84,179
2026-08-24T15:40:00+00:00,131.84,131.92,131.73,131.8,189
2026-08-24T15:45:00+00:00,131.8,132.01,131.77,131.78,164
2026-08-24T15:50:00+00:00,131.78,132.02,131.78,131.83,135
2026-08-24T15:55:00+00:00,131.83,131.97,131.82,131.93,124
2026-08-24T16:00:00+00:00,131.93,132.07,131.82,131.88,186
2026-08-24T16:05:00+00:00,131.88,131.88,131.77,131.79,143
2026-08-24T16:10:00+00:00,131.79,131.8,131.63,131.68,129
2026-08-24T16:15:00+00:00,131.68,131.91,131.68,131.85,145
2026-08-24T16:20:00+00:00,131.85,131.85,131.64,131.65,103
2026-08-24T16:25:00+00:00,131.65,131.78,131.63,131.74,115
2026-08-24T16:30:00+00:00,131.74,131.75,131.53,131.61,119
2026-08-24T16:35:00+00:00,131.61,131.69,131.53,131.53,110
2026-08-24T16:40:00+00:00,131.53,131.64,131.52,131.6,108
2026-08-24T16:45:00+00:00,131.6,131.67,131.55,131.67,94
2026-08-24T16:50:00+00:00,131.67,131.8,131.63,131.77,87
2026-08-24T16:55:00+00:00,131.77,131.77,131.67,131.68,84
2026-08-24T17:00:00+00:00,131.68,131.84,131.65,131.84,117
2026-08-24T17:05:00+00:00,131.84,131.99,131.8,131.9,110
2026-08-24T17:10:00+00:00,131.9,131.98,131.86,131.93,127
2026-08-24T17:15:00+00:00,131.93,131.93,131.68,131.68,161
2026-08-24T17:20:00+00:00,131.68,131.73,131.46,131.52,177
2026-08-24T17:25:00+00:00,131.52,131.54,131.44,131.49,148
2026-08-24T17:30:00+00:00,131.49,131.6,131.46,131.53,123
2026-08-24T17:35:00+00:00,131.53,131.61,131.46,131.52,129
2026-08-24T17:40:00+00:00,131.52,131.64,131.49,131.5,145
2026-08-24T17:45:00+00:00,131.5,131.61,131.4,131.51,140
2026-08-24T17:50:00+00:00,131.51,131.65,131.49,131.61,150
2026-08-24T17:55:00+00:00,131.61,131.8,131.59,131.77,111
2026-08-24T18:00:00+00:00,131.77,131.89,131.74,131.79,133
2026-08-24T18:05:00+00:00,131.79,131.8,131.63,131.72,138
2026-08-24T18:10:00+00:00,131.72,131.89,131.7,131.84,122
2026-08-24T18:15:00+00:00,131.84,132.01,131.83,131.96,164
2026-08-24T18:20:00+00:00,131.96,132.02,131.86,131.89,136
2026-08-24T18:25:00+00:00,131.89,131.97,131.83,131.93,116
2026-08-24T18:30:00+00:00,131.93,132.01,131.87,131.88,156
2026-08-24T18:35:00+00:00,131.88,131.98,131.88,131.95,106
2026-08-24T18:40:00+00:00,131.95,132.08,131.92,132.04,208
2026-08-24T18:45:00+00:00,132.04,132.11,131.92,132.08,99
2026-08-24T18:50:00+00:00,132.08,132.12,131.97,131.98,109
2026-08-24T18:55:00+00:00,131.98,132.04,131.78,131.79,185
2026-08-24T19:00:00+00:00,131.79,131.91,131.77,131.82,146
2026-08-24T19:05:00+00:00,131.82,131.87,131.74,131.86,124
2026-08-24T19:10:00+00:00,131.86,131.96,131.82,131.93,138
2026-08-24T19:15:00+00:00,131.93,131.95,131.83,131.91,138
2026-08-24T19:20:00+00:00,131.91,131.91,131.68,131.7,105
2026-08-24T19:25:00+00:00,131.7,131.79,131.67,131.7,121
2026-08-24T19:30:00+00:00,131.7,131.89,131.69,131.75,167
2026-08-24T19:35:00+00:00,131.75,131.78,131.62,131.63,150
2026-08-24T19:40:00+00:00,131.63,131.73,131.62,131.7,185
2026-08-24T19:45:00+00:00,131.7,131.75,131.51,131.55,184
2026-08-24T19:50:00+00:00,131.55,131.6,131.37,131.52,278
2026-08-24T19:55:00+00:00,131.52,131.73,131.39,131.52,523
2026-08-25T13:30:00+00:00,131.52,132.3,131.51,131.61,233
2026-08-25T13:35:00+00:00,131.61,132.13,131.38,131.75,474
2026-08-25T13:40:00+00:00,131.75,132.19,131.43,132.01,325
2026-08-25T13:45:00+00:00,132.01,132.13,131.45,131.5,362
2026-08-25T13:50:00+00:00,131.5,131.77,131.43,131.6,273
2026-08-25T13:55:00+00:00,131.6,132.24,131.57,132.22,264
2026-08-25T14:00:00+00:00,132.22,132.47,131.88,132,333
2026-08-25T14:05:00+00:00,132,132.03,131.82,131.97,260
2026-08-25T14:10:00+00:00,131.97,132.2,131.86,132.2,283
2026-08-25T14:15:00+00:00,132.2,132.23,132.03,132.11,259
2026-08-25T14:20:00+00:00,132.11,132.37,132.09,132.37,329
2026-08-25T14:25:00+00:00,132.37,132.4,132.24,132.32,254
2026-08-25T14:30:00+00:00,132.32,132.33,131.86,132.17,426
2026-08-25T14:35:00+00:00,132.17,132.29,132.05,132.18,205
2026-08-25T14:40:00+00:00,132.18,132.19,131.87,132,250
2026-08-25T14:45:00+00:00,132,132.03,131.7,131.8,215
2026-08-25T14:50:00+00:00,131.8,131.93,131.66,131.92,229
2026-08-25T14:55:00+00:00,131.92,132.13,131.83,132.08,206
2026-08-25T15:00:00+00:00,132.08,132.28,132.02,132.19,204
2026-08-25T15:05:00+00:00,132.19,132.38,132.19,132.35,135
2026-08-25T15:10:00+00:00,132.35,132.37,132.1,132.22,265
2026-08-25T15:15:00+00:00,132.22,132.42,132.14,132.37,166
2026-08-25T15:20:00+00:00,132.37,132.44,132.18,132.25,176
2026-08-25T15:25:00+00:00,132.25,132.28,132.14,132.21,143
2026-08-25T15:30:00+00:00,132.21,132.27,132.09,132.1,249
2026-08-25T15:35:00+00:00,132.1,132.31,132.03,132.2,243
2026-08-25T15:40:00+00:00,132.2,132.48,132.18,132.46,173
2026-08-25T15:45:00+00:00,132.46,132.68,132.42,132.64,181
2026-08-25T15:50:00+00:00,132.64,132.73,132.6,132.69,189
2026-08-25T15:55:00+00:00,132.69,133.07,132.69,132.96,173
2026-08-25T16:00:00+00:00,132.96,133.09,132.87,132.99,210
2026-08-25T16:05:00+00:00,132.99,133.04,132.92,132.97,110
2026-08-25T16:10:00+00:00,132.97,132.99,132.85,132.87,120
2026-08-25T16:15:00+00:00,132.87,132.91,132.82,132.82,122
2026-08-25T16:20:00+00:00,132.82,132.85,132.67,132.76,106
2026-08-25T16:25:00+00:00,132.76,132.91,132.7,132.85,141
2026-08-25T16:30:00+00:00,132.85,132.93,132.82,132.89,120
2026-08-25T16:35:00+00:00,132.89,132.96,132.86,132.96,78
2026-08-25T16:40:00+00:00,132.96,133.14,132.9,133.02,180
2026-08-25T16:45:00+00:00,133.02,133.04,132.87,132.93,126
2026-08-25T16:50:00+00:00,132.93,132.95,132.86,132.89,75
2026-08-25T16:55:00+00:00,132.89,132.99,132.89,132.94,91
2026-08-25T17:00:00+00:00,132.94,133.07,132.91,132.97,135
2026-08-25T17:05:00+00:00,132.97,132.99,132.77,132.85,116
2026-08-25T17:10:00+00:00,132.85,132.94,132.79,132.83,148
2026-08-25T17:15:00+00:00,132.83,132.95,132.82,132.86,130
2026-08-25T17:20:00+00:00,132.86,132.86,132.75,132.77,128
2026-08-25T17:25:00+00:00,132.77,132.87,132.73,132.83,123
2026-08-25T17:30:00+00:00,132.83,132.94,132.78,132.8,150
2026-08-25T17:35:00+00:00,132.8,132.83,132.76,132.79,113
2026-08-25T17:40:00+00:00,132.79,132.79,132.68,132.75,121
2026-08-25T17:45:00+00:00,132.75,132.84,132.71,132.8,111
2026-08-25T17:50:00+00:00,132.8,132.85,132.69,132.72,101
2026-08-25T17:55:00+00:00,132.72,132.79,132.68,132.71,127
2026-08-25T18:00:00+00:00,132.71,132.82,132.7,132.71,149
2026-08-25T18:05:00+00:00,132.71,132.84,132.71,132.81,110
2026-08-25T18:10:00+00:00,132.81,132.88,132.76,132.81,83
2026-08-25T18:15:00+00:00,132.81,132.96,132.81,132.92,99
2026-08-25T18:20:00+00:00,132.92,133,132.9,132.98,103
2026-08-25T18:25:00+00:00,132.98,133.08,132.93,132.98,125
2026-08-25T18:30:00+00:00,132.98,133.1,132.96,133.06,133
2026-08-25T18:35:00+00:00,133.06,133.1,133.01,133.02,143
2026-08-25T18:40:00+00:00,133.02,133.09,133.01,133.09,100
2026-08-25T18:45:00+00:00,133.09,133.22,133.08,133.14,93
2026-08-25T18:50:00+00:00,133.14,133.22,133.1,133.14,345
2026-08-25T18:55:00+00:00,133.14,133.14,133.05,133.05,109
2026-08-25T19:00:00+00:00,133.05,133.13,133.02,133.04,105
2026-08-25T19:05:00+00:00,133.04,133.12,132.98,133.01,161
2026-08-25T19:10:00+00:00,133.01,133.08,132.94,133.05,107
2026-08-25T19:15:00+00:00,133.05,133.11,132.87,132.9,142
2026-08-25T19:20:00+00:00,132.9,133.09,132.88,133.04,123
2026-08-25T19:25:00+00:00,133.04,133.19,133.04,133.14,108
2026-08-25T19:30:00+00:00,133.14,133.28,133.12,133.23,144
2026-08-25T19:35:00+00:00,133.23,133.33,133.2,133.29,128
2026-08-25T19:40:00+00:00,133.29,133.56,133.25,133.45,186
2026-08-25T19:45:00+00:00,133.45,133.45,133.19,133.39,225
2026-08-25T19:50:00+00:00,133.39,133.43,133.21,133.36,243
2026-08-25T19:55:00+00:00,133.36,133.37,133.06,133.09,406
2026-08-26T13:30:00+00:00,133.09,133.27,132.06,132.85,129
2026-08-26T13:35:00+00:00,132.85,132.93,132.21,132.67,138
2026-08-26T13:40:00+00:00,132.67,133.3,132.54,132.96,151
2026-08-26T13:45:00+00:00,132.96,133.06,132.26,132.26,164
2026-08-26T13:50:00+00:00,132.26,132.99,132.25,132.99,222
2026-08-26T13:55:00+00:00,132.99,133.11,132.74,132.94,256
2026-08-26T14:00:00+00:00,132.94,132.96,132.61,132.66,279
2026-08-26T14:05:00+00:00,132.66,132.9,132.47,132.65,287
2026-08-26T14:10:00+00:00,132.65,132.83,132.38,132.46,237
2026-08-26T14:15:00+00:00,132.46,132.62,132.22,132.4,359
2026-08-26T14:20:00+00:00,132.4,132.62,132.24,132.47,193
2026-08-26T14:25:00+00:00,132.47,132.68,132.37,132.68,144
2026-08-26T14:30:00+00:00,132.68,132.84,132.54,132.82,180
2026-08-26T14:35:00+00:00,132.82,133.15,132.81,133.02,241
2026-08-26T14:40:00+00:00,133.02,133.15,132.91,133.04,240
2026-08-26T14:45:00+00:00,133.04,133.13,132.91,133,251
2026-08-26T14:50:00+00:00,133,133.06,132.87,132.95,187
2026-08-26T14:55:00+00:00,132.95,133.08,132.83,132.97,203
2026-08-26T15:00:00+00:00,132.97,133.14,132.95,133.03,223
2026-08-26T15:05:00+00:00,133.03,133.08,132.86,132.97,156
2026-08-26T15:10:00+00:00,132.97,133.06,132.86,133.04,141
2026-08-26T15:15:00+00:00,133.04,133.06,132.82,132.84,183
2026-08-26T15:20:00+00:00,132.84,133,132.81,132.92,171
2026-08-26T15:25:00+00:00,132.92,133.08,132.82,132.82,165
2026-08-26T15:30:00+00:00,132.82,132.93,132.77,132.9,145
2026-08-26T15:35:00+00:00,132.9,132.97,132.75,132.88,112
2026-08-26T15:40:00+00:00,132.88,133.05,132.88,132.97,139
2026-08-26T15:45:00+00:00,132.97,133.34,132.95,133.17,171
2026-08-26T15:50:00+00:00,133.17,133.35,133.15,133.34,222
2026-08-26T15:55:00+00:00,133.34,133.62,133.34,133.62,163
2026-08-26T16:00:00+00:00,133.62,133.69,133.41,133.45,176
2026-08-26T16:05:00+00:00,133.45,133.55,133.43,133.43,153
2026-08-26T16:10:00+00:00,133.43,133.49,133.23,133.23,204
2026-08-26T16:15:00+00:00,133.23,133.36,133.14,133.36,140
2026-08-26T16:20:00+00:00,133.36,133.41,133.25,133.27,156
2026-08-26T16:25:00+00:00,133.27,133.45,133.27,133.34,127
2026-08-26T16:30:00+00:00,133.34,133.38,133.27,133.33,85
2026-08-26T16:35:00+00:00,133.33,133.37,133.14,133.2,178
2026-08-26T16:40:00+00:00,133.2,133.35,133.13,133.25,130
2026-08-26T16:45:00+00:00,133.25,133.34,133.18,133.21,123
2026-08-26T16:50:00+00:00,133.21,133.25,133.17,133.22,95
2026-08-26T16:55:00+00:00,133.22,133.4,133.18,133.35,155
2026-08-26T17:00:00+00:00,133.35,133.41,133.27,133.29,111
2026-08-26T17:05:00+00:00,133.29,133.3,133.16,133.26,111
2026-08-26T17:10:00+00:00,133.26,133.31,133.2,133.31,76
2026-08-26T17:15:00+00:00,133.31,133.44,133.3,133.38,115
2026-08-26T17:20:00+00:00,133.38,133.54,133.36,133.53,93
2026-08-26T17:25:00+00:00,133.53,133.65,133.47,133.58,60
2026-08-26T17:30:00+00:00,133.58,133.65,133.5,133.55,116
2026-08-26T17:35:00+00:00,133.55,133.58,133.5,133.53,69
2026-08-26T17:40:00+00:00,133.53,133.59,133.4,133.42,101
2026-08-26T17:45:00+00:00,133.42,133.44,133.36,133.39,96
2026-08-26T17:50:00+00:00,133.39,133.39,133.29,133.35,91
2026-08-26T17:55:00+00:00,133.35,133.41,133.25,133.3,93
2026-08-26T18:00:00+00:00,133.3,133.33,133.22,133.25,102
2026-08-26T18:05:00+00:00,133.25,133.35,133.21,133.32,82
2026-08-26T18:10:00+00:00,133.32,133.37,133.26,133.29,56
2026-08-26T18:15:00+00:00,133.29,133.36,133.27,133.33,60
2026-08-26T18:20:00+00:00,133.33,133.37,133.23,133.23,84
2026-08-26T18:25:00+00:00,133.23,133.34,133.2,133.27,82
2026-08-26T18:30:00+00:00,133.27,133.33,133.23,133.24,57
2026-08-26T18:35:00+00:00,133.24,133.33,133.24,133.33,59
2026-08-26T18:40:00+00:00,133.33,133.38,133.27,133.34,81
2026-08-26T18:45:00+00:00,133.34,133.47,133.34,133.4,119
2026-08-26T18:50:00+00:00,133.4,133.46,133.36,133.41,93
2026-08-26T18:55:00+00:00,133.41,133.44,133.28,133.38,77
2026-08-26T19:00:00+00:00,133.38,133.55,133.38,133.51,109
2026-08-26T19:05:00+00:00,133.51,133.53,133.43,133.52,72
2026-08-26T19:10:00+00:00,133.52,133.59,133.44,133.46,91
2026-08-26T19:15:00+00:00,133.46,133.54,133.43,133.45,78
2026-08-26T19:20:00+00:00,133.45,133.56,133.37,133.54,100
2026-08-26T19:25:00+00:00,133.54,133.63,133.5,133.54,118
2026-08-26T19:30:00+00:00,133.54,133.58,133.46,133.52,170
2026-08-26T19:35:00+00:00,133.52,133.57,133.41,133.45,147
2026-08-26T19:40:00+00:00,133.45,133.62,133.43,133.61,147
2026-08-26T19:45:00+00:00,133.61,133.64,133.53,133.61,147
2026-08-26T19:50:00+00:00,133.61,133.63,133.38,133.38,225
2026-08-26T19:55:00+00:00,133.38,133.54,133.11,133.54,462
2026-08-27T13:30:00+00:00,133.54,133.54,132.13,132.64,148
2026-08-27T13:35:00+00:00,132.64,133.59,132.5,133.5,124
2026-08-27T13:40:00+00:00,133.5,133.79,133.19,133.41,172
2026-08-27T13:45:00+00:00,133.41,133.6,132.79,133.03,162
2026-08-27T13:50:00+00:00,133.03,133.56,132.8,133.48,154
2026-08-27T13:55:00+00:00,133.48,133.73,133.29,133.46,168
2026-08-27T14:00:00+00:00,133.46,133.59,132.88,132.97,259
2026-08-27T14:05:00+00:00,132.97,132.97,132.13,132.18,207
2026-08-27T14:10:00+00:00,132.18,132.3,131.89,132.23,186
2026-08-27T14:15:00+00:00,132.23,132.23,131.64,131.73,185
2026-08-27T14:20:00+00:00,131.73,131.99,131.71,131.85,156
2026-08-27T14:25:00+00:00,131.85,132.13,131.76,131.96,185
2026-08-27T14:30:00+00:00,131.96,132.09,131.81,131.95,212
2026-08-27T14:35:00+00:00,131.95,132.6,131.95,132.54,272
2026-08-27T14:40:00+00:00,132.54,132.61,132.41,132.51,217
2026-08-27T14:45:00+00:00,132.51,132.76,132.51,132.63,146
2026-08-27T14:50:00+00:00,132.63,132.81,132.56,132.69,206
2026-08-27T14:55:00+00:00,132.69,132.72,132.34,132.42,136
2026-08-27T15:00:00+00:00,132.42,132.54,132.34,132.36,166
2026-08-27T15:05:00+00:00,132.36,132.54,132.18,132.49,211
2026-08-27T15:10:00+00:00,132.49,132.62,132.35,132.52,175
2026-08-27T15:15:00+00:00,132.52,132.75,132.48,132.62,197
2026-08-27T15:20:00+00:00,132.62,133.04,132.61,133.04,174
2026-08-27T15:25:00+00:00,133.04,133.08,132.94,133.01,137
2026-08-27T15:30:00+00:00,133.01,133.14,132.97,133,164
2026-08-27T15:35:00+00:00,133,133.09,132.91,133.04,136
2026-08-27T15:40:00+00:00,133.04,133.17,132.91,132.93,173
2026-08-27T15:45:00+00:00,132.93,133.09,132.93,132.97,128
2026-08-27T15:50:00+00:00,132.97,133.22,132.94,133.14,130
2026-08-27T15:55:00+00:00,133.14,133.17,133.04,133.14,101
2026-08-27T16:00:00+00:00,133.14,133.19,133.05,133.1,127
2026-08-27T16:05:00+00:00,133.1,133.16,132.94,132.96,138
2026-08-27T16:10:00+00:00,132.96,133.22,132.95,133.1,167
2026-08-27T16:15:00+00:00,133.1,133.31,133.1,133.22,140
2026-08-27T16:20:00+00:00,133.22,133.24,133.04,133.08,101
2026-08-27T16:25:00+00:00,133.08,133.1,132.98,133.01,87
2026-08-27T16:30:00+00:00,133.01,133.14,132.99,133.14,106
2026-08-27T16:35:00+00:00,133.14,133.19,133.06,133.06,114
2026-08-27T16:40:00+00:00,133.06,133.25,133.06,133.22,123
2026-08-27T16:45:00+00:00,133.22,133.34,133.21,133.21,141
2026-08-27T16:50:00+00:00,133.21,133.26,133.16,133.19,175
2026-08-27T16:55:00+00:00,133.19,133.28,133.18,133.21,130
2026-08-27T17:00:00+00:00,133.21,133.27,133.08,133.14,153
2026-08-27T17:05:00+00:00,133.14,133.23,132.94,132.95,198
2026-08-27T17:10:00+00:00,132.95,132.96,132.82,132.83,127
2026-08-27T17:15:00+00:00,132.83,132.93,132.8,132.86,158
2026-08-27T17:20:00+00:00,132.86,132.89,132.72,132.72,104
2026-08-27T17:25:00+00:00,132.72,132.88,132.69,132.78,104
2026-08-27T17:30:00+00:00,132.78,132.87,132.77,132.79,103
2026-08-27T17:35:00+00:00,132.79,132.87,132.78,132.82,81
2026-08-27T17:40:00+00:00,132.82,132.83,132.71,132.73,112
2026-08-27T17:45:00+00:00,132.73,132.8,132.64,132.77,135
2026-08-27T17:50:00+00:00,132.77,132.87,132.75,132.77,108
2026-08-27T17:55:00+00:00,132.77,132.85,132.71,132.71,77
2026-08-27T18:00:00+00:00,132.71,132.81,132.64,132.7,179
2026-08-27T18:05:00+00:00,132.7,132.84,132.68,132.69,125
2026-08-27T18:10:00+00:00,132.69,132.74,132.57,132.66,167
2026-08-27T18:15:00+00:00,132.66,132.75,132.57,132.68,113
2026-08-27T18:20:00+00:00,132.68,132.75,132.59,132.59,103
2026-08-27T18:25:00+00:00,132.59,132.66,132.47,132.52,139
2026-08-27T18:30:00+00:00,132.52,132.55,132.28,132.28,135
2026-08-27T18:35:00+00:00,132.28,132.36,132.25,132.33,112
2026-08-27T18:40:00+00:00,132.33,132.43,132.32,132.4,110
2026-08-27T18:45:00+00:00,132.4,132.48,132.34,132.34,108
2026-08-27T18:50:00+00:00,132.34,132.5,132.27,132.31,242
2026-08-27T18:55:00+00:00,132.31,132.5,132.29,132.48,187
2026-08-27T19:00:00+00:00,132.48,132.63,132.42,132.53,217
2026-08-27T19:05:00+00:00,132.53,132.57,132.42,132.46,132
2026-08-27T19:10:00+00:00,132.46,132.51,132.39,132.41,108
2026-08-27T19:15:00+00:00,132.41,132.5,132.33,132.34,109
2026-08-27T19:20:00+00:00,132.34,132.4,132.27,132.28,154
2026-08-27T19:25:00+00:00,132.28,132.34,132.23,132.24,129
2026-08-27T19:30:00+00:00,132.24,132.38,132.24,132.35,153
2026-08-27T19:35:00+00:00,132.35,132.44,132.24,132.26,144
2026-08-27T19:40:00+00:00,132.26,132.46,132.24,132.44,153
2026-08-27T19:45:00+00:00,132.44,132.69,132.4,132.69,173
2026-08-27T19:50:00+00:00,132.69,132.69,132.47,132.47,309
2026-08-27T19:55:00+00:00,132.47,132.84,132.4,132.68,620
2026-08-28T13:30:00+00:00,132.68,133.15,132.15,132.62,285
2026-08-28T13:35:00+00:00,132.62,132.63,132.2,132.42,253
2026-08-28T13:40:00+00:00,132.42,132.59,132.33,132.47,278
2026-08-28T13:45:00+00:00,132.47,132.69,132.19,132.45,310
2026-08-28T13:50:00+00:00,132.45,132.82,132.41,132.67,277
2026-08-28T13:55:00+00:00,132.67,133,132.57,132.63,245
2026-08-28T14:00:00+00:00,132.63,132.97,132.53,132.73,360
2026-08-28T14:05:00+00:00,132.73,133.3,132.65,132.98,409
2026-08-28T14:10:00+00:00,132.98,133.24,132.84,132.99,339
2026-08-28T14:15:00+00:00,132.99,133.31,132.88,133.16,350
2026-08-28T14:20:00+00:00,133.16,133.47,133.11,133.21,431
2026-08-28T14:25:00+00:00,133.21,133.24,132.24,132.48,377
2026-08-28T14:30:00+00:00,132.48,132.81,132.23,132.77,556
2026-08-28T14:35:00+00:00,132.77,132.87,132.61,132.67,360
2026-08-28T14:40:00+00:00,132.67,132.87,132.59,132.75,321
2026-08-28T14:45:00+00:00,132.75,132.88,132.58,132.73,302
2026-08-28T14:50:00+00:00,132.73,132.96,132.71,132.88,266
2026-08-28T14:55:00+00:00,132.88,133.24,132.82,133.24,299
2026-08-28T15:00:00+00:00,133.24,133.43,133,133,318
2026-08-28T15:05:00+00:00,133,133.11,132.68,132.81,287
2026-08-28T15:10:00+00:00,132.81,132.93,132.71,132.92,234
2026-08-28T15:15:00+00:00,132.92,133.21,132.87,133.16,151
2026-08-28T15:20:00+00:00,133.16,133.33,133.02,133.11,249
2026-08-28T15:25:00+00:00,133.11,133.21,132.99,132.99,201
2026-08-28T15:30:00+00:00,132.99,133,132.78,132.82,302
2026-08-28T15:35:00+00:00,132.82,132.96,132.64,132.65,246
2026-08-28T15:40:00+00:00,132.65,132.66,132.37,132.44,441
2026-08-28T15:45:00+00:00,132.44,132.64,132.42,132.51,330
2026-08-28T15:50:00+00:00,132.51,132.56,132.3,132.52,279
2026-08-28T15:55:00+00:00,132.52,132.58,132.39,132.46,355
2026-08-28T16:00:00+00:00,132.46,132.63,132.37,132.56,332
2026-08-28T16:05:00+00:00,132.56,132.8,132.52,132.72,257
2026-08-28T16:10:00+00:00,132.72,132.77,132.48,132.49,278
2026-08-28T16:15:00+00:00,132.49,132.6,132.21,132.38,369
2026-08-28T16:20:00+00:00,132.38,132.43,132.2,132.35,403
2026-08-28T16:25:00+00:00,132.35,132.42,132.26,132.29,308
2026-08-28T16:30:00+00:00,132.29,132.62,132.28,132.36,469
2026-08-28T16:35:00+00:00,132.36,132.55,132.34,132.55,264
2026-08-28T16:40:00+00:00,132.55,132.59,132.31,132.57,364
2026-08-28T16:45:00+00:00,132.57,132.69,132.51,132.52,228
2026-08-28T16:50:00+00:00,132.52,132.69,132.5,132.59,213
2026-08-28T16:55:00+00:00,132.59,132.73,132.57,132.6,196
2026-08-28T17:00:00+00:00,132.6,132.61,132.38,132.38,290
2026-08-28T17:05:00+00:00,132.38,132.47,132.26,132.26,228
2026-08-28T17:10:00+00:00,132.26,132.54,132.26,132.53,199
2026-08-28T17:15:00+00:00,132.53,132.62,132.46,132.6,225
2026-08-28T17:20:00+00:00,132.6,132.6,132.31,132.41,238
2026-08-28T17:25:00+00:00,132.41,132.54,132.38,132.42,184
2026-08-28T17:30:00+00:00,132.42,132.52,132.35,132.42,237
2026-08-28T17:35:00+00:00,132.42,132.5,132.32,132.35,177
2026-08-28T17:40:00+00:00,132.35,132.43,132.29,132.35,137
2026-08-28T17:45:00+00:00,132.35,132.53,132.32,132.53,129
2026-08-28T17:50:00+00:00,132.53,132.54,132.42,132.46,124
2026-08-28T17:55:00+00:00,132.46,132.56,132.4,132.55,237
2026-08-28T18:00:00+00:00,132.55,132.61,132.42,132.42,192
2026-08-28T18:05:00+00:00,132.42,132.55,132.41,132.55,164
2026-08-28T18:10:00+00:00,132.55,132.63,132.38,132.46,158
2026-08-28T18:15:00+00:00,132.46,132.62,132.44,132.58,163
2026-08-28T18:20:00+00:00,132.58,132.65,132.39,132.4,126
2026-08-28T18:25:00+00:00,132.4,132.53,132.37,132.47,104
2026-08-28T18:30:00+00:00,132.47,132.57,132.43,132.51,147
2026-08-28T18:35:00+00:00,132.51,132.6,132.5,132.57,122
2026-08-28T18:40:00+00:00,132.57,132.62,132.5,132.56,100
2026-08-28T18:45:00+00:00,132.56,132.61,132.5,132.53,113
2026-08-28T18:50:00+00:00,132.53,132.62,132.5,132.56,161
2026-08-28T18:55:00+00:00,132.56,132.62,132.51,132.56,138
2026-08-28T19:00:00+00:00,132.56,132.7,132.52,132.65,158
2026-08-28T19:05:00+00:00,132.65,132.7,132.57,132.66,159
2026-08-28T19:10:00+00:00,132.66,132.74,132.61,132.7,150
2026-08-28T19:15:00+00:00,132.7,132.77,132.64,132.66,139
2026-08-28T19:20:00+00:00,132.66,132.74,132.55,132.63,145
2026-08-28T19:25:00+00:00,132.63,132.7,132.54,132.58,176
2026-08-28T19:30:00+00:00,132.58,132.58,132.33,132.39,212
2026-08-28T19:35:00+00:00,132.39,132.43,132.29,132.33,170
2026-08-28T19:40:00+00:00,132.33,132.52,132.32,132.46,217
2026-08-28T19:45:00+00:00,132.46,132.61,132.44,132.57,369
2026-08-28T19:50:00+00:00,132.57,132.7,132.43,132.49,359
2026-08-28T19:55:00+00:00,132.49,132.75,132.43,132.71,483
2026-08-31T13:30:00+00:00,132.71,132.71,131.38,131.99,122
2026-08-31T13:35:00+00:00,131.99,132.11,131.55,131.83,130
2026-08-31T13:40:00+00:00,131.83,132.08,131.55,131.88,160
2026-08-31T13:45:00+00:00,131.88,132.08,131.44,131.44,157
2026-08-31T13:50:00+00:00,131.44,131.61,131.3,131.61,236
2026-08-31T13:55:00+00:00,131.61,131.82,131.48,131.72,271
2026-08-31T14:00:00+00:00,131.72,131.91,131.6,131.71,214
2026-08-31T14:05:00+00:00,131.71,131.79,131.58,131.73,151
2026-08-31T14:10:00+00:00,131.73,131.93,131.53,131.68,234
2026-08-31T14:15:00+00:00,131.68,131.71,131.52,131.6,289
2026-08-31T14:20:00+00:00,131.6,131.68,131.38,131.39,207
2026-08-31T14:25:00+00:00,131.39,131.39,131.21,131.23,244
2026-08-31T14:30:00+00:00,131.23,131.4,131.2,131.36,209
2026-08-31T14:35:00+00:00,131.36,131.79,131.3,131.79,225
2026-08-31T14:40:00+00:00,131.79,131.85,131.56,131.58,192
2026-08-31T14:45:00+00:00,131.58,131.69,131.48,131.55,175
2026-08-31T14:50:00+00:00,131.55,131.61,131.48,131.54,161
2026-08-31T14:55:00+00:00,131.54,131.72,131.49,131.52,204
2026-08-31T15:00:00+00:00,131.52,131.63,131.41,131.41,195
2026-08-31T15:05:00+00:00,131.41,131.62,131.41,131.53,154
2026-08-31T15:10:00+00:00,131.53,131.54,131.41,131.46,201
2026-08-31T15:15:00+00:00,131.46,131.54,131.4,131.51,128
2026-08-31T15:20:00+00:00,131.51,131.65,131.47,131.61,177
2026-08-31T15:25:00+00:00,131.61,131.81,131.61,131.68,137
2026-08-31T15:30:00+00:00,131.68,131.81,131.67,131.76,184
2026-08-31T15:35:00+00:00,131.76,131.78,131.65,131.73,172
2026-08-31T15:40:00+00:00,131.73,131.83,131.64,131.75,162
2026-08-31T15:45:00+00:00,131.75,131.83,131.63,131.65,125
2026-08-31T15:50:00+00:00,131.65,131.73,131.63,131.66,86
2026-08-31T15:55:00+00:00,131.66,131.68,131.53,131.53,124
2026-08-31T16:00:00+00:00,131.53,131.57,131.4,131.45,123
2026-08-31T16:05:00+00:00,131.45,131.56,131.42,131.53,138
2026-08-31T16:10:00+00:00,131.53,131.65,131.51,131.62,111
2026-08-31T16:15:00+00:00,131.62,131.67,131.53,131.59,92
2026-08-31T16:20:00+00:00,131.59,131.61,131.52,131.52,77
2026-08-31T16:25:00+00:00,131.52,131.65,131.52,131.62,68
2026-08-31T16:30:00+00:00,131.62,131.71,131.56,131.66,68
2026-08-31T16:35:00+00:00,131.66,131.72,131.64,131.66,73
2026-08-31T16:40:00+00:00,131.66,131.71,131.58,131.65,111
2026-08-31T16:45:00+00:00,131.65,131.72,131.6,131.61,84
2026-08-31T16:50:00+00:00,131.61,131.67,131.58,131.59,59
2026-08-31T16:55:00+00:00,131.59,131.67,131.57,131.57,61
2026-08-31T17:00:00+00:00,131.57,131.61,131.49,131.51,83
2026-08-31T17:05:00+00:00,131.51,131.57,131.48,131.55,75
2026-08-31T17:10:00+00:00,131.55,131.68,131.53,131.56,115
2026-08-31T17:15:00+00:00,131.56,131.66,131.56,131.62,94
2026-08-31T17:20:00+00:00,131.62,131.63,131.57,131.58,55
2026-08-31T17:25:00+00:00,131.58,131.58,131.48,131.51,99
2026-08-31T17:30:00+00:00,131.51,131.58,131.49,131.52,85
2026-08-31T17:35:00+00:00,131.52,131.57,131.47,131.54,107
2026-08-31T17:40:00+00:00,131.54,131.62,131.51,131.61,64
2026-08-31T17:45:00+00:00,131.61,131.71,131.6,131.67,71
2026-08-31T17:50:00+00:00,131.67,131.87,131.67,131.84,77
2026-08-31T17:55:00+00:00,131.84,131.95,131.82,131.85,94
2026-08-31T18:00:00+00:00,131.85,131.98,131.77,131.78,171
2026-08-31T18:05:00+00:00,131.78,131.85,131.76,131.81,94
2026-08-31T18:10:00+00:00,131.81,131.84,131.72,131.83,108
2026-08-31T18:15:00+00:00,131.83,131.88,131.8,131.81,73
2026-08-31T18:20:00+00:00,131.81,131.85,131.74,131.8,109
2026-08-31T18:25:00+00:00,131.8,131.8,131.62,131.62,92
2026-08-31T18:30:00+00:00,131.62,131.68,131.54,131.61,125
2026-08-31T18:35:00+00:00,131.61,131.63,131.49,131.58,126
2026-08-31T18:40:00+00:00,131.58,131.59,131.38,131.46,126
2026-08-31T18:45:00+00:00,131.46,131.57,131.43,131.5,104
2026-08-31T18:50:00+00:00,131.5,131.54,131.44,131.46,102
2026-08-31T18:55:00+00:00,131.46,131.52,131.44,131.46,108
2026-08-31T19:00:00+00:00,131.46,131.55,131.41,131.46,72
2026-08-31T19:05:00+00:00,131.46,131.52,131.41,131.47,88
2026-08-31T19:10:00+00:00,131.47,131.52,131.43,131.46,80
2026-08-31T19:15:00+00:00,131.46,131.6,131.44,131.52,113
2026-08-31T19:20:00+00:00,131.52,131.64,131.45,131.64,142
2026-08-31T19:25:00+00:00,131.64,131.67,131.54,131.58,132
2026-08-31T19:30:00+00:00,131.58,131.58,131.41,131.46,157
2026-08-31T19:35:00+00:00,131.46,131.62,131.36,131.42,197
2026-08-31T19:40:00+00:00,131.42,131.6,131.42,131.51,189
2026-08-31T19:45:00+00:00,131.51,131.57,131.41,131.51,290
2026-08-31T19:50:00+00:00,131.51,131.7,131.46,131.64,348
2026-08-31T19:55:00+00:00,131.64,131.74,131.39,131.54,522
2026-09-01T13:30:00+00:00,131.54,131.54,129.91,131.06,180
2026-09-01T13:35:00+00:00,131.06,132.58,130.93,132.54,224
2026-09-01T13:40:00+00:00,132.54,132.66,132.13,132.3,314
2026-09-01T13:45:00+00:00,132.3,132.38,131.94,132.13,423
2026-09-01T13:50:00+00:00,132.13,132.45,132,132.38,320
2026-09-01T13:55:00+00:00,132.38,132.73,132.14,132.49,231
2026-09-01T14:00:00+00:00,132.49,132.74,132.28,132.48,282
2026-09-01T14:05:00+00:00,132.48,132.84,132.44,132.81,283
2026-09-01T14:10:00+00:00,132.81,133.31,132.66,133.3,320
2026-09-01T14:15:00+00:00,133.3,133.83,133.28,133.77,267
2026-09-01T14:20:00+00:00,133.77,134.47,133.71,134.23,334
2026-09-01T14:25:00+00:00,134.23,134.3,133.58,133.65,281
2026-09-01T14:30:00+00:00,133.65,133.8,133.57,133.74,261
2026-09-01T14:35:00+00:00,133.74,133.96,133.61,133.63,290
2026-09-01T14:40:00+00:00,133.63,133.82,133.17,133.19,214
2026-09-01T14:45:00+00:00,133.19,133.23,132.96,132.96,208
2026-09-01T14:50:00+00:00,132.96,132.96,132.68,132.78,217
2026-09-01T14:55:00+00:00,132.78,133.04,132.72,132.89,226
2026-09-01T15:00:00+00:00,132.89,133.24,132.84,133.07,241
2026-09-01T15:05:00+00:00,133.07,133.16,132.88,133.16,185
2026-09-01T15:10:00+00:00,133.16,133.32,133.05,133.28,218
2026-09-01T15:15:00+00:00,133.28,133.3,132.93,132.98,182
2026-09-01T15:20:00+00:00,132.98,133.13,132.88,132.97,168
2026-09-01T15:25:00+00:00,132.97,133.1,132.92,132.94,186
2026-09-01T15:30:00+00:00,132.94,133.05,132.86,132.94,308
2026-09-01T15:35:00+00:00,132.94,133.02,132.81,132.9,133
2026-09-01T15:40:00+00:00,132.9,133.11,132.89,133.01,164
2026-09-01T15:45:00+00:00,133.01,133.11,132.9,133.05,175
2026-09-01T15:50:00+00:00,133.05,133.11,132.89,132.89,214
2026-09-01T15:55:00+00:00,132.89,133.04,132.85,132.97,188
2026-09-01T16:00:00+00:00,132.97,133.16,132.94,133.12,161
2026-09-01T16:05:00+00:00,133.12,133.2,133.06,133.12,180
2026-09-01T16:10:00+00:00,133.12,133.14,132.98,132.98,170
2026-09-01T16:15:00+00:00,132.98,133.11,132.88,133.02,197
2026-09-01T16:20:00+00:00,133.02,133.04,132.6,132.67,179
2026-09-01T16:25:00+00:00,132.67,132.71,132.4,132.48,208
2026-09-01T16:30:00+00:00,132.48,132.52,132.25,132.26,276
2026-09-01T16:35:00+00:00,132.26,132.66,132.25,132.56,284
2026-09-01T16:40:00+00:00,132.56,132.69,132.38,132.42,275
2026-09-01T16:45:00+00:00,132.42,132.47,132.25,132.25,188
2026-09-01T16:50:00+00:00,132.25,132.31,132.15,132.21,189
2026-09-01T16:55:00+00:00,132.21,132.32,132.12,132.16,280
2026-09-01T17:00:00+00:00,132.16,132.31,132.15,132.19,166
2026-09-01T17:05:00+00:00,132.19,132.33,132.18,132.3,124
2026-09-01T17:10:00+00:00,132.3,132.35,132.25,132.27,108
2026-09-01T17:15:00+00:00,132.27,132.32,132.04,132.12,154
2026-09-01T17:20:00+00:00,132.12,132.16,132.03,132.14,120
2026-09-01T17:25:00+00:00,132.14,132.18,132,132.18,236
2026-09-01T17:30:00+00:00,132.18,132.33,132.12,132.29,222
2026-09-01T17:35:00+00:00,132.29,132.37,132.17,132.3,190
2026-09-01T17:40:00+00:00,132.3,132.34,132.08,132.08,179
2026-09-01T17:45:00+00:00,132.08,132.17,131.99,132.04,156
2026-09-01T17:50:00+00:00,132.04,132.11,131.99,132.01,113
2026-09-01T17:55:00+00:00,132.01,132.09,131.93,132.05,98
2026-09-01T18:00:00+00:00,132.05,132.08,131.88,131.89,214
2026-09-01T18:05:00+00:00,131.89,132.21,131.89,132.14,170
2026-09-01T18:10:00+00:00,132.14,132.2,131.99,132.06,161
2026-09-01T18:15:00+00:00,132.06,132.2,132.04,132.16,175
2026-09-01T18:20:00+00:00,132.16,132.24,132.07,132.16,189
2026-09-01T18:25:00+00:00,132.16,132.27,132.13,132.2,185
2026-09-01T18:30:00+00:00,132.2,132.23,132.09,132.15,181
2026-09-01T18:35:00+00:00,132.15,132.19,132.06,132.15,160
2026-09-01T18:40:00+00:00,132.15,132.18,131.95,131.95,170
2026-09-01T18:45:00+00:00,131.95,132.24,131.93,132.23,209
2026-09-01T18:50:00+00:00,132.23,132.25,132.12,132.12,142
2026-09-01T18:55:00+00:00,132.12,132.26,132.1,132.13,207
2026-09-01T19:00:00+00:00,132.13,132.31,132.12,132.3,144
2026-09-01T19:05:00+00:00,132.3,132.35,132.18,132.33,134
2026-09-01T19:10:00+00:00,132.33,132.51,132.31,132.5,135
2026-09-01T19:15:00+00:00,132.5,132.58,132.43,132.56,157
2026-09-01T19:20:00+00:00,132.56,132.64,132.44,132.56,149
2026-09-01T19:25:00+00:00,132.56,132.6,132.29,132.31,149
2026-09-01T19:30:00+00:00,132.31,132.33,132.01,132.11,245
2026-09-01T19:35:00+00:00,132.11,132.15,131.89,131.9,193
2026-09-01T19:40:00+00:00,131.9,132,131.84,131.95,225
2026-09-01T19:45:00+00:00,131.95,132.13,131.91,132.09,240
2026-09-01T19:50:00+00:00,132.09,132.23,131.96,132.16,357
2026-09-01T19:55:00+00:00,132.16,132.44,132.13,132.41,479
2026-09-02T13:30:00+00:00,132.41,133.75,132.38,132.97,220
2026-09-02T13:35:00+00:00,132.97,133.54,132.96,133.22,224
2026-09-02T13:40:00+00:00,133.22,133.32,132.53,132.96,250
2026-09-02T13:45:00+00:00,132.96,133.23,132.87,132.98,210
2026-09-02T13:50:00+00:00,132.98,133.34,132.81,133.24,196
2026-09-02T13:55:00+00:00,133.24,134.13,133.22,133.88,245
2026-09-02T14:00:00+00:00,133.88,134.18,132.92,134.07,277
2026-09-02T14:05:00+00:00,134.07,134.63,133.71,134.63,253
2026-09-02T14:10:00+00:00,134.63,134.65,134.15,134.49,323
2026-09-02T14:15:00+00:00,134.49,135,134.49,134.84,330
2026-09-02T14:20:00+00:00,134.84,135.18,134.84,135.17,260
2026-09-02T14:25:00+00:00,135.17,135.29,135.12,135.23,232
2026-09-02T14:30:00+00:00,135.23,135.35,135.09,135.35,214
2026-09-02T14:35:00+00:00,135.35,135.83,135.35,135.76,226
2026-09-02T14:40:00+00:00,135.76,135.88,135.7,135.81,224
2026-09-02T14:45:00+00:00,135.81,136.07,135.78,135.92,279
2026-09-02T14:50:00+00:00,135.92,136.03,135.59,135.92,292
2026-09-02T14:55:00+00:00,135.92,136.01,135.85,135.87,224
2026-09-02T15:00:00+00:00,135.88,136.06,135.34,135.36,332
2026-09-02T15:05:00+00:00,135.36,135.43,135.15,135.19,291
2026-09-02T15:10:00+00:00,135.19,135.31,134.92,135.03,326
2026-09-02T15:15:00+00:00,135.03,135.1,134.68,134.78,266
2026-09-02T15:20:00+00:00,134.78,134.88,134.54,134.59,272
2026-09-02T15:25:00+00:00,134.59,134.79,134.56,134.72,239
2026-09-02T15:30:00+00:00,134.72,134.86,134.6,134.76,283
2026-09-02T15:35:00+00:00,134.76,134.87,134.6,134.81,207
2026-09-02T15:40:00+00:00,134.81,134.95,134.81,134.87,194
2026-09-02T15:45:00+00:00,134.87,134.96,134.77,134.83,215
2026-09-02T15:50:00+00:00,134.83,134.9,134.72,134.73,211
2026-09-02T15:55:00+00:00,134.73,134.74,134.25,134.34,304
2026-09-02T16:00:00+00:00,134.34,134.38,133.43,133.51,396
2026-09-02T16:05:00+00:00,133.51,133.8,133.42,133.63,283
2026-09-02T16:10:00+00:00,133.63,133.82,133.44,133.71,279
2026-09-02T16:15:00+00:00,133.71,133.88,133.57,133.62,235
2026-09-02T16:20:00+00:00,133.62,133.7,133.2,133.2,226
2026-09-02T16:25:00+00:00,133.2,133.28,133.13,133.17,228
2026-09-02T16:30:00+00:00,133.17,133.43,133.14,133.4,248
2026-09-02T16:35:00+00:00,133.4,133.65,133.38,133.59,215
2026-09-02T16:40:00+00:00,133.59,133.65,133.53,133.56,157
2026-09-02T16:45:00+00:00,133.56,133.64,133.41,133.52,227
2026-09-02T16:50:00+00:00,133.52,133.54,133.12,133.19,186
2026-09-02T16:55:00+00:00,133.19,133.25,133.13,133.2,128
2026-09-02T17:00:00+00:00,133.2,133.37,133.12,133.33,185
2026-09-02T17:05:00+00:00,133.33,133.52,133.33,133.52,127
2026-09-02T17:10:00+00:00,133.52,133.74,133.51,133.64,128
2026-09-02T17:15:00+00:00,133.64,133.64,133.4,133.4,123
2026-09-02T17:20:00+00:00,133.4,133.46,133.25,133.27,155
2026-09-02T17:25:00+00:00,133.27,133.36,133.23,133.29,132
2026-09-02T17:30:00+00:00,133.29,133.34,133.18,133.21,129
2026-09-02T17:35:00+00:00,133.21,133.34,133.18,133.29,167
2026-09-02T17:40:00+00:00,133.29,133.46,133.27,133.45,156
2026-09-02T17:45:00+00:00,133.45,133.6,133.4,133.54,166
2026-09-02T17:50:00+00:00,133.54,133.64,133.51,133.6,102
2026-09-02T17:55:00+00:00,133.6,133.63,133.52,133.58,155
2026-09-02T18:00:00+00:00,133.58,133.79,133.49,133.79,137
2026-09-02T18:05:00+00:00,133.79,133.79,133.52,133.53,170
2026-09-02T18:10:00+00:00,133.53,133.7,133.53,133.59,162
2026-09-02T18:15:00+00:00,133.59,133.69,133.56,133.62,156
2026-09-02T18:20:00+00:00,133.62,133.69,133.52,133.57,142
2026-09-02T18:25:00+00:00,133.57,133.67,133.51,133.65,157
2026-09-02T18:30:00+00:00,133.65,133.72,133.62,133.62,129
2026-09-02T18:35:00+00:00,133.62,133.7,133.58,133.66,109
2026-09-02T18:40:00+00:00,133.66,133.79,133.63,133.72,129
2026-09-02T18:45:00+00:00,133.72,133.78,133.69,133.72,111
2026-09-02T18:50:00+00:00,133.72,133.97,133.72,133.9,121
2026-09-02T18:55:00+00:00,133.9,133.98,133.86,133.96,133
2026-09-02T19:00:00+00:00,133.96,134,133.89,133.91,123
2026-09-02T19:05:00+00:00,133.91,134.01,133.86,133.98,148
2026-09-02T19:10:00+00:00,133.98,134.17,133.96,134.13,157
2026-09-02T19:15:00+00:00,134.13,134.19,133.98,134.02,219
2026-09-02T19:20:00+00:00,134.02,134.21,133.96,134.19,215
2026-09-02T19:25:00+00:00,134.19,134.31,134.11,134.24,232
2026-09-02T19:30:00+00:00,134.24,134.28,134.1,134.18,257
2026-09-02T19:35:00+00:00,134.18,134.26,134.11,134.18,249
2026-09-02T19:40:00+00:00,134.18,134.26,134.07,134.09,282
2026-09-02T19:45:00+00:00,134.09,134.25,134.03,134.1,286
2026-09-02T19:50:00+00:00,134.1,134.2,133.95,133.99,304
2026-09-02T19:55:00+00:00,133.99,134.3,133.98,134.17,446
2026-09-03T13:30:00+00:00,134.17,135.77,134.17,135.26,151
2026-09-03T13:35:00+00:00,135.26,136.97,135.01,136.34,331
2026-09-03T13:40:00+00:00,136.34,136.74,135.89,136.73,214
2026-09-03T13:45:00+00:00,136.73,137.01,136.36,136.43,264
2026-09-03T13:50:00+00:00,136.43,137.2,136.36,136.81,167
2026-09-03T13:55:00+00:00,136.81,137.04,136.76,136.91,130
2026-09-03T14:00:00+00:00,136.91,136.95,135.89,135.9,330
2026-09-03T14:05:00+00:00,135.9,136.21,135.4,135.44,241
2026-09-03T14:10:00+00:00,135.44,135.56,135.33,135.49,162
2026-09-03T14:15:00+00:00,135.49,135.69,135.38,135.58,128
2026-09-03T14:20:00+00:00,135.58,135.67,135.44,135.62,214
2026-09-03T14:25:00+00:00,135.62,135.72,135.42,135.48,153
2026-09-03T14:30:00+00:00,135.48,135.74,135.29,135.72,189
2026-09-03T14:35:00+00:00,135.72,136.31,135.71,136.31,227
2026-09-03T14:40:00+00:00,136.31,136.37,135.96,135.97,241
2026-09-03T14:45:00+00:00,135.97,136.43,135.91,136.12,206
2026-09-03T14:50:00+00:00,136.12,136.69,136.11,136.57,218
2026-09-03T14:55:00+00:00,136.57,136.99,136.11,136.89,279
2026-09-03T15:00:00+00:00,136.89,136.93,136.51,136.87,287
2026-09-03T15:05:00+00:00,136.87,137.21,136.83,137.17,252
2026-09-03T15:10:00+00:00,137.17,137.44,137.03,137.44,296
2026-09-03T15:15:00+00:00,137.44,137.61,137.22,137.61,293
2026-09-03T15:20:00+00:00,137.61,137.64,137.48,137.58,282
2026-09-03T15:25:00+00:00,137.58,137.74,137.54,137.7,317
2026-09-03T15:30:00+00:00,137.7,137.95,137.55,137.69,304
2026-09-03T15:35:00+00:00,137.69,137.7,137.41,137.58,253
2026-09-03T15:40:00+00:00,137.58,137.75,137.45,137.68,306
2026-09-03T15:45:00+00:00,137.68,137.95,137.6,137.87,241
2026-09-03T15:50:00+00:00,137.87,137.96,137.83,137.87,159
2026-09-03T15:55:00+00:00,137.87,137.95,137.76,137.95,180
2026-09-03T16:00:00+00:00,137.95,138.01,137.64,137.64,249
2026-09-03T16:05:00+00:00,137.64,137.68,137.4,137.61,196
2026-09-03T16:10:00+00:00,137.61,137.73,137.53,137.71,196
2026-09-03T16:15:00+00:00,137.71,137.74,137.59,137.62,137
2026-09-03T16:20:00+00:00,137.62,137.8,137.59,137.8,164
2026-09-03T16:25:00+00:00,137.8,137.82,137.66,137.8,202
2026-09-03T16:30:00+00:00,137.8,137.85,137.72,137.74,164
2026-09-03T16:35:00+00:00,137.74,137.94,137.72,137.9,108
2026-09-03T16:40:00+00:00,137.9,138.04,137.85,137.97,160
2026-09-03T16:45:00+00:00,137.97,138,137.79,137.85,169
2026-09-03T16:50:00+00:00,137.85,137.87,137.67,137.77,133
2026-09-03T16:55:00+00:00,137.77,137.78,137.7,137.75,143
2026-09-03T17:00:00+00:00,137.75,137.77,137.6,137.67,137
2026-09-03T17:05:00+00:00,137.67,137.73,137.51,137.53,227
2026-09-03T17:10:00+00:00,137.53,137.66,137.42,137.64,206
2026-09-03T17:15:00+00:00,137.64,137.69,137.57,137.66,193
2026-09-03T17:20:00+00:00,137.66,137.75,137.63,137.74,153
2026-09-03T17:25:00+00:00,137.74,137.83,137.7,137.74,184
2026-09-03T17:30:00+00:00,137.74,137.87,137.73,137.81,136
2026-09-03T17:35:00+00:00,137.81,137.85,137.66,137.79,217
2026-09-03T17:40:00+00:00,137.79,137.81,137.66,137.73,171
2026-09-03T17:45:00+00:00,137.73,137.78,137.67,137.73,144
2026-09-03T17:50:00+00:00,137.73,137.8,137.67,137.71,141
2026-09-03T17:55:00+00:00,137.71,137.71,137.63,137.7,106
2026-09-03T18:00:00+00:00,137.7,137.79,137.63,137.7,179
2026-09-03T18:05:00+00:00,137.7,137.75,137.56,137.58,161
2026-09-03T18:10:00+00:00,137.58,137.92,137.53,137.8,184
2026-09-03T18:15:00+00:00,137.8,137.89,137.77,137.85,136
2026-09-03T18:20:00+00:00,137.85,137.88,137.68,137.8,117
2026-09-03T18:25:00+00:00,137.8,137.84,137.7,137.74,93
2026-09-03T18:30:00+00:00,137.74,137.78,137.65,137.76,128
2026-09-03T18:35:00+00:00,137.76,137.86,137.73,137.8,126
2026-09-03T18:40:00+00:00,137.8,138.01,137.79,137.94,98
2026-09-03T18:45:00+00:00,137.94,138.02,137.88,137.96,108
2026-09-03T18:50:00+00:00,137.96,138.01,137.87,137.93,100
2026-09-03T18:55:00+00:00,137.93,138.04,137.82,137.92,111
2026-09-03T19:00:00+00:00,137.92,138.08,137.82,138.03,124
2026-09-03T19:05:00+00:00,138.03,138.19,138.02,138.15,130
2026-09-03T19:10:00+00:00,138.15,138.24,138.13,138.15,90
2026-09-03T19:15:00+00:00,138.15,138.15,138.03,138.06,122
2026-09-03T19:20:00+00:00,138.06,138.28,138.03,138.09,226
2026-09-03T19:25:00+00:00,138.09,138.17,138.08,138.16,120
2026-09-03T19:30:00+00:00,138.16,138.29,138.14,138.2,165
2026-09-03T19:35:00+00:00,138.2,138.42,138.19,138.37,138
2026-09-03T19:40:00+00:00,138.37,138.4,138.17,138.19,192
2026-09-03T19:45:00+00:00,138.19,138.19,137.75,137.93,268
2026-09-03T19:50:00+00:00,137.93,138.04,137.74,137.88,253
2026-09-03T19:55:00+00:00,137.88,138.1,137.8,138.1,444
2026-09-04T13:30:00+00:00,138.1,138.1,135.89,136.77,149
2026-09-04T13:35:00+00:00,136.77,137.21,136.75,137.11,130
2026-09-04T13:40:00+00:00,137.11,137.19,136.64,136.88,131
2026-09-04T13:45:00+00:00,136.88,137.15,136.69,136.96,110
2026-09-04T13:50:00+00:00,136.96,137.06,136.68,136.72,138
2026-09-04T13:55:00+00:00,136.72,136.72,136.27,136.31,202
2026-09-04T14:00:00+00:00,136.31,136.62,136.05,136.05,202
2026-09-04T14:05:00+00:00,136.05,136.19,135.89,135.96,202
2026-09-04T14:10:00+00:00,135.96,136.29,135.92,136.22,204
2026-09-04T14:15:00+00:00,136.22,136.28,135.68,135.82,212
2026-09-04T14:20:00+00:00,135.82,135.9,135.66,135.73,232
2026-09-04T14:25:00+00:00,135.73,135.78,135.51,135.52,295
2026-09-04T14:30:00+00:00,135.52,135.75,135.26,135.63,255
2026-09-04T14:35:00+00:00,135.63,135.97,135.49,135.89,156
2026-09-04T14:40:00+00:00,135.89,135.93,135.73,135.92,129
2026-09-04T14:45:00+00:00,135.92,135.95,135.39,135.43,172
2026-09-04T14:50:00+00:00,135.43,135.72,135.39,135.41,239
2026-09-04T14:55:00+00:00,135.41,135.53,135.37,135.43,167
2026-09-04T15:00:00+00:00,135.43,135.88,135.41,135.61,177
2026-09-04T15:05:00+00:00,135.61,135.73,135.54,135.54,151
2026-09-04T15:10:00+00:00,135.54,135.61,135.33,135.49,168
2026-09-04T15:15:00+00:00,135.49,135.61,135.37,135.44,154
2026-09-04T15:20:00+00:00,135.44,135.5,135.34,135.42,185
2026-09-04T15:25:00+00:00,135.42,135.66,135.37,135.57,162
2026-09-04T15:30:00+00:00,135.57,135.94,135.57,135.89,194
2026-09-04T15:35:00+00:00,135.89,136.02,135.89,135.91,166
2026-09-04T15:40:00+00:00,135.91,136.19,135.91,136.08,188
2026-09-04T15:45:00+00:00,136.08,136.5,136.02,136.39,206
2026-09-04T15:50:00+00:00,136.39,136.63,136.37,136.54,183
2026-09-04T15:55:00+00:00,136.54,136.6,136.39,136.44,167
2026-09-04T16:00:00+00:00,136.44,136.59,136.41,136.5,132
2026-09-04T16:05:00+00:00,136.5,137.07,136.49,136.99,133
2026-09-04T16:10:00+00:00,136.99,137.15,136.97,137.09,180
2026-09-04T16:15:00+00:00,137.09,137.25,137.05,137.2,103
2026-09-04T16:20:00+00:00,137.2,137.28,137.12,137.13,96
2026-09-04T16:25:00+00:00,137.13,137.16,137,137.07,83
2026-09-04T16:30:00+00:00,137.07,137.18,136.96,137.13,115
2026-09-04T16:35:00+00:00,137.13,137.21,137.06,137.17,108
2026-09-04T16:40:00+00:00,137.17,137.3,137.1,137.22,122
2026-09-04T16:45:00+00:00,137.22,137.36,137.2,137.26,105
2026-09-04T16:50:00+00:00,137.26,137.47,137.25,137.32,102
2026-09-04T16:55:00+00:00,137.32,137.52,137.32,137.5,97
2026-09-04T17:00:00+00:00,137.5,137.51,137.32,137.33,93
2026-09-04T17:05:00+00:00,137.33,137.4,137.26,137.34,118
2026-09-04T17:10:00+00:00,137.34,137.58,137.33,137.58,83
2026-09-04T17:15:00+00:00,137.58,137.68,137.52,137.6,94
2026-09-04T17:20:00+00:00,137.6,137.71,137.57,137.65,79
2026-09-04T17:25:00+00:00,137.65,137.77,137.52,137.53,144
2026-09-04T17:30:00+00:00,137.53,137.73,137.52,137.69,141
2026-09-04T17:35:00+00:00,137.69,137.94,137.65,137.92,133
2026-09-04T17:40:00+00:00,137.92,137.97,137.75,137.77,89
2026-09-04T17:45:00+00:00,137.77,137.83,137.67,137.69,106
2026-09-04T17:50:00+00:00,137.69,137.81,137.69,137.74,93
2026-09-04T17:55:00+00:00,137.74,137.84,137.7,137.73,95
2026-09-04T18:00:00+00:00,137.73,137.86,137.67,137.69,126
2026-09-04T18:05:00+00:00,137.69,137.76,137.66,137.7,98
2026-09-04T18:10:00+00:00,137.7,137.93,137.7,137.87,126
2026-09-04T18:15:00+00:00,137.87,137.93,137.81,137.83,96
2026-09-04T18:20:00+00:00,137.83,137.9,137.81,137.85,130
2026-09-04T18:25:00+00:00,137.85,137.9,137.74,137.8,138
2026-09-04T18:30:00+00:00,137.8,137.94,137.79,137.89,90
2026-09-04T18:35:00+00:00,137.89,137.9,137.8,137.83,103
2026-09-04T18:40:00+00:00,137.83,137.91,137.78,137.86,100
2026-09-04T18:45:00+00:00,137.86,137.88,137.67,137.7,90
2026-09-04T18:50:00+00:00,137.7,137.77,137.66,137.72,88
2026-09-04T18:55:00+00:00,137.72,137.72,137.56,137.57,97
2026-09-04T19:00:00+00:00,137.57,137.57,137.39,137.45,117
2026-09-04T19:05:00+00:00,137.45,137.49,137.41,137.49,72
2026-09-04T19:10:00+00:00,137.49,137.51,137.4,137.46,95
2026-09-04T19:15:00+00:00,137.46,137.48,137.37,137.45,82
2026-09-04T19:20:00+00:00,137.45,137.66,137.42,137.57,140
2026-09-04T19:25:00+00:00,137.57,137.65,137.51,137.59,130
2026-09-04T19:30:00+00:00,137.59,137.61,137.45,137.5,173
2026-09-04T19:35:00+00:00,137.5,137.54,137.44,137.53,139
2026-09-04T19:40:00+00:00,137.53,137.53,137.42,137.52,138
2026-09-04T19:45:00+00:00,137.52,137.64,137.45,137.51,225
2026-09-04T19:50:00+00:00,137.51,137.72,137.48,137.61,271
2026-09-04T19:55:00+00:00,137.61,137.73,137.4,137.62,354
2026-09-08T13:30:00+00:00,137.63,137.63,135.53,136.58,135
2026-09-08T13:35:00+00:00,136.58,136.94,135.74,136.63,109
2026-09-08T13:40:00+00:00,136.63,136.88,136.45,136.71,112
2026-09-08T13:45:00+00:00,136.71,137.2,136.45,136.68,149
2026-09-08T13:50:00+00:00,136.68,137.48,136.67,137.08,191
2026-09-08T13:55:00+00:00,137.08,137.25,136.81,137.09,221
2026-09-08T14:00:00+00:00,137.09,137.21,136.72,136.81,283
2026-09-08T14:05:00+00:00,136.81,136.83,136.39,136.65,226
2026-09-08T14:10:00+00:00,136.65,136.91,136.54,136.85,196
2026-09-08T14:15:00+00:00,136.85,136.85,136.13,136.24,252
2026-09-08T14:20:00+00:00,136.24,136.65,136.2,136.61,230
2026-09-08T14:25:00+00:00,136.61,136.73,136.37,136.4,213
2026-09-08T14:30:00+00:00,136.4,136.88,136.38,136.8,235
2026-09-08T14:35:00+00:00,136.8,136.96,136.66,136.94,173
2026-09-08T14:40:00+00:00,136.94,137.02,136.69,136.71,181
2026-09-08T14:45:00+00:00,136.71,136.99,136.57,136.97,227
2026-09-08T14:50:00+00:00,136.97,137.21,136.88,137,256
2026-09-08T14:55:00+00:00,137,137.12,136.91,137.12,188
2026-09-08T15:00:00+00:00,137.12,137.34,137.03,137.19,211
2026-09-08T15:05:00+00:00,137.19,137.34,137.05,137.29,177
2026-09-08T15:10:00+00:00,137.29,137.47,137.17,137.19,230
2026-09-08T15:15:00+00:00,137.19,137.27,137.05,137.06,194
2026-09-08T15:20:00+00:00,137.06,137.33,137.04,137.32,156
2026-09-08T15:25:00+00:00,137.32,137.48,137.32,137.43,238
2026-09-08T15:30:00+00:00,137.43,137.56,137.39,137.52,207
2026-09-08T15:35:00+00:00,137.52,137.52,137.07,137.11,162
2026-09-08T15:40:00+00:00,137.11,137.3,137.1,137.27,149
2026-09-08T15:45:00+00:00,137.27,137.48,137.25,137.35,172
2026-09-08T15:50:00+00:00,137.35,137.4,137.22,137.24,127
2026-09-08T15:55:00+00:00,137.24,137.27,137.15,137.19,128
2026-09-08T16:00:00+00:00,137.19,137.31,137.08,137.29,175
2026-09-08T16:05:00+00:00,137.29,137.4,137.25,137.32,105
2026-09-08T16:10:00+00:00,137.32,137.33,137.18,137.21,195
2026-09-08T16:15:00+00:00,137.21,137.26,137.1,137.2,134
2026-09-08T16:20:00+00:00,137.2,137.47,137.19,137.43,126
2026-09-08T16:25:00+00:00,137.43,137.48,137.37,137.37,137
2026-09-08T16:30:00+00:00,137.37,137.54,137.34,137.46,151
2026-09-08T16:35:00+00:00,137.46,137.46,137.35,137.41,119
2026-09-08T16:40:00+00:00,137.41,137.52,137.36,137.52,159
2026-09-08T16:45:00+00:00,137.52,137.62,137.49,137.54,109
2026-09-08T16:50:00+00:00,137.54,137.69,137.52,137.52,172
2026-09-08T16:55:00+00:00,137.52,137.55,137.44,137.49,138
2026-09-08T17:00:00+00:00,137.49,137.63,137.42,137.6,202
2026-09-08T17:05:00+00:00,137.6,137.62,137.48,137.53,167
2026-09-08T17:10:00+00:00,137.53,137.57,137.32,137.33,139
2026-09-08T17:15:00+00:00,137.33,137.53,137.32,137.48,147
2026-09-08T17:20:00+00:00,137.48,137.67,137.47,137.52,134
2026-09-08T17:25:00+00:00,137.52,137.54,137.34,137.39,120
2026-09-08T17:30:00+00:00,137.39,137.54,137.35,137.52,116
2026-09-08T17:35:00+00:00,137.52,137.76,137.51,137.67,158
2026-09-08T17:40:00+00:00,137.67,137.83,137.59,137.69,163
2026-09-08T17:45:00+00:00,137.69,137.71,137.54,137.66,131
2026-09-08T17:50:00+00:00,137.66,137.79,137.62,137.7,147
2026-09-08T17:55:00+00:00,137.7,137.76,137.66,137.71,148
2026-09-08T18:00:00+00:00,137.71,137.75,137.63,137.64,136
2026-09-08T18:05:00+00:00,137.64,137.72,137.59,137.7,109
2026-09-08T18:10:00+00:00,137.7,137.73,137.57,137.62,194
2026-09-08T18:15:00+00:00,137.62,137.69,137.61,137.67,124
2026-09-08T18:20:00+00:00,137.67,137.78,137.67,137.72,93
2026-09-08T18:25:00+00:00,137.72,137.78,137.66,137.73,140
2026-09-08T18:30:00+00:00,137.73,137.81,137.68,137.68,118
2026-09-08T18:35:00+00:00,137.68,137.71,137.56,137.59,163
2026-09-08T18:40:00+00:00,137.59,137.61,137.54,137.58,70
2026-09-08T18:45:00+00:00,137.58,137.65,137.07,137.31,316
2026-09-08T18:50:00+00:00,137.31,137.42,136.98,137.07,242
2026-09-08T18:55:00+00:00,137.07,137.17,136.93,137.01,236
2026-09-08T19:00:00+00:00,137.01,137.13,136.97,137.08,125
2026-09-08T19:05:00+00:00,137.08,137.2,137.05,137.16,131
2026-09-08T19:10:00+00:00,137.16,137.23,137.1,137.16,202
2026-09-08T19:15:00+00:00,137.16,137.31,137.13,137.14,137
2026-09-08T19:20:00+00:00,137.14,137.17,137,137.08,169
2026-09-08T19:25:00+00:00,137.08,137.08,136.85,136.89,248
2026-09-08T19:30:00+00:00,136.89,137.25,136.88,137.24,203
2026-09-08T19:35:00+00:00,137.24,137.25,136.93,136.94,170
2026-09-08T19:40:00+00:00,136.94,137.03,136.88,136.99,167
2026-09-08T19:45:00+00:00,136.99,137.05,136.89,136.91,171
2026-09-08T19:50:00+00:00,136.91,136.94,136.57,136.67,337
2026-09-08T19:55:00+00:00,136.67,136.67,136.4,136.65,523
